/Users/felipefernandez/trading_signals/venv/lib/python3.9/site-packages/urllib3/__init__.py:35: NotOpenSSLWarning: urllib3 v2 only supports OpenSSL 1.1.1+, currently the 'ssl' module is compiled with 'LibreSSL 2.8.3'. See: https://github.com/urllib3/urllib3/issues/3020
  warnings.warn(

[2026-04-28 21:35:03] Iniciando ciclo automático...
Horario: Fuera de horario (09:30-15:45 ET)
Posición: SQM | precio 89.47 | PnL -0.77%
/Users/felipefernandez/trading_signals/venv/lib/python3.9/site-packages/urllib3/__init__.py:35: NotOpenSSLWarning: urllib3 v2 only supports OpenSSL 1.1.1+, currently the 'ssl' module is compiled with 'LibreSSL 2.8.3'. See: https://github.com/urllib3/urllib3/issues/3020
  warnings.warn(

[2026-04-28 21:47:02] Iniciando ciclo automático...
Horario: Fuera de horario (09:30-15:45 ET)
Posición: SQM | precio 89.47 | PnL -0.77%
/Users/felipefernandez/trading_signals/venv/lib/python3.9/site-packages/urllib3/__init__.py:35: NotOpenSSLWarning: urllib3 v2 only supports OpenSSL 1.1.1+, currently the 'ssl' module is compiled with 'LibreSSL 2.8.3'. See: https://github.com/urllib3/urllib3/issues/3020
  warnings.warn(

[2026-04-28 22:04:04] Iniciando ciclo automático...
Horario: Fuera de horario (09:30-15:45 ET)
Posición: SQM | precio 89.47 | PnL -0.77%
/Users/felipefernandez/trading_signals/venv/lib/python3.9/site-packages/urllib3/__init__.py:35: NotOpenSSLWarning: urllib3 v2 only supports OpenSSL 1.1.1+, currently the 'ssl' module is compiled with 'LibreSSL 2.8.3'. See: https://github.com/urllib3/urllib3/issues/3020
  warnings.warn(

[2026-04-29 03:39:41] Iniciando ciclo automático...
Horario: Fuera de horario (09:30-15:45 ET)
Posición: SQM | precio 89.47 | PnL -0.77%
/Users/felipefernandez/trading_signals/venv/lib/python3.9/site-packages/urllib3/__init__.py:35: NotOpenSSLWarning: urllib3 v2 only supports OpenSSL 1.1.1+, currently the 'ssl' module is compiled with 'LibreSSL 2.8.3'. See: https://github.com/urllib3/urllib3/issues/3020
  warnings.warn(

[2026-04-29 03:45:03] Iniciando ciclo automático...
Horario: Fuera de horario (09:30-15:45 ET)
Posición: SQM | precio 89.47 | PnL -0.77%
/Users/felipefernandez/trading_signals/venv/lib/python3.9/site-packages/urllib3/__init__.py:35: NotOpenSSLWarning: urllib3 v2 only supports OpenSSL 1.1.1+, currently the 'ssl' module is compiled with 'LibreSSL 2.8.3'. See: https://github.com/urllib3/urllib3/issues/3020
  warnings.warn(

[2026-04-29 04:01:03] Iniciando ciclo automático...
Horario: Fuera de horario (09:30-15:45 ET)
Posición: SQM | precio 89.47 | PnL -0.77%
/Users/felipefernandez/trading_signals/venv/lib/python3.9/site-packages/urllib3/__init__.py:35: NotOpenSSLWarning: urllib3 v2 only supports OpenSSL 1.1.1+, currently the 'ssl' module is compiled with 'LibreSSL 2.8.3'. See: https://github.com/urllib3/urllib3/issues/3020
  warnings.warn(

[2026-04-29 08:30:00] Iniciando ciclo automático...
Horario: Fuera de horario (09:30-15:45 ET)
Posición: SQM | precio 89.47 | PnL -0.77%
/Users/felipefernandez/trading_signals/venv/lib/python3.9/site-packages/urllib3/__init__.py:35: NotOpenSSLWarning: urllib3 v2 only supports OpenSSL 1.1.1+, currently the 'ssl' module is compiled with 'LibreSSL 2.8.3'. See: https://github.com/urllib3/urllib3/issues/3020
  warnings.warn(

[2026-04-29 08:45:00] Iniciando ciclo automático...
Horario: Fuera de horario (09:30-15:45 ET)
Posición: SQM | precio 89.47 | PnL -0.77%
/Users/felipefernandez/trading_signals/venv/lib/python3.9/site-packages/urllib3/__init__.py:35: NotOpenSSLWarning: urllib3 v2 only supports OpenSSL 1.1.1+, currently the 'ssl' module is compiled with 'LibreSSL 2.8.3'. See: https://github.com/urllib3/urllib3/issues/3020
  warnings.warn(

[2026-04-29 09:00:00] Iniciando ciclo automático...
Horario: Fuera de horario (09:30-15:45 ET)
Posición: SQM | precio 89.47 | PnL -0.77%
/Users/felipefernandez/trading_signals/venv/lib/python3.9/site-packages/urllib3/__init__.py:35: NotOpenSSLWarning: urllib3 v2 only supports OpenSSL 1.1.1+, currently the 'ssl' module is compiled with 'LibreSSL 2.8.3'. See: https://github.com/urllib3/urllib3/issues/3020
  warnings.warn(

[2026-04-29 09:15:00] Iniciando ciclo automático...
Horario: Fuera de horario (09:30-15:45 ET)
Posición: SQM | precio 89.47 | PnL -0.77%
/Users/felipefernandez/trading_signals/venv/lib/python3.9/site-packages/urllib3/__init__.py:35: NotOpenSSLWarning: urllib3 v2 only supports OpenSSL 1.1.1+, currently the 'ssl' module is compiled with 'LibreSSL 2.8.3'. See: https://github.com/urllib3/urllib3/issues/3020
  warnings.warn(
Device set to use mps:0

[2026-04-29 09:30:00] Iniciando ciclo automático...
Horario: Mercado abierto
Ejecutando ciclo completo...
✅ 1 apertura(s):
   VENDER COPEC | Conv: 84.5%
❌ 3 señal(es) rechazada(s):
   BTC: Solo 2 fuentes < mínimo 3
   SQM: Ya existe posición abierta en SQM
   ECH: Convicción 60.7% < mínimo 80%
/Users/felipefernandez/trading_signals/venv/lib/python3.9/site-packages/urllib3/__init__.py:35: NotOpenSSLWarning: urllib3 v2 only supports OpenSSL 1.1.1+, currently the 'ssl' module is compiled with 'LibreSSL 2.8.3'. See: https://github.com/urllib3/urllib3/issues/3020
  warnings.warn(

[2026-04-29 09:45:00] Iniciando ciclo automático...
Horario: Mercado abierto
Ejecutando ciclo completo...
❌ 4 señal(es) rechazada(s):
   BTC: Solo 2 fuentes < mínimo 3
   SQM: Ya existe posición abierta en SQM
   COPEC: Ya existe posición abierta en COPEC
Sin operaciones en este ciclo — condiciones no cumplidas
/Users/felipefernandez/trading_signals/venv/lib/python3.9/site-packages/urllib3/__init__.py:35: NotOpenSSLWarning: urllib3 v2 only supports OpenSSL 1.1.1+, currently the 'ssl' module is compiled with 'LibreSSL 2.8.3'. See: https://github.com/urllib3/urllib3/issues/3020
  warnings.warn(
Device set to use mps:0

[2026-04-29 10:00:00] Iniciando ciclo automático...
Horario: Mercado abierto
Ejecutando ciclo completo...
❌ 5 señal(es) rechazada(s):
   BTC: Solo 2 fuentes < mínimo 3
   SQM: Ya existe posición abierta en SQM
   COPEC: Ya existe posición abierta en COPEC
Sin operaciones en este ciclo — condiciones no cumplidas
/Users/felipefernandez/trading_signals/venv/lib/python3.9/site-packages/urllib3/__init__.py:35: NotOpenSSLWarning: urllib3 v2 only supports OpenSSL 1.1.1+, currently the 'ssl' module is compiled with 'LibreSSL 2.8.3'. See: https://github.com/urllib3/urllib3/issues/3020
  warnings.warn(
Device set to use mps:0

[2026-04-29 10:15:01] Iniciando ciclo automático...
Horario: Mercado abierto
Ejecutando ciclo completo...
❌ 4 señal(es) rechazada(s):
   BTC: Solo 2 fuentes < mínimo 3
   SQM: Ya existe posición abierta en SQM
   COPEC: Ya existe posición abierta en COPEC
Sin operaciones en este ciclo — condiciones no cumplidas
/Users/felipefernandez/trading_signals/venv/lib/python3.9/site-packages/urllib3/__init__.py:35: NotOpenSSLWarning: urllib3 v2 only supports OpenSSL 1.1.1+, currently the 'ssl' module is compiled with 'LibreSSL 2.8.3'. See: https://github.com/urllib3/urllib3/issues/3020
  warnings.warn(

[2026-04-29 10:30:00] Iniciando ciclo automático...
Horario: Mercado abierto
Ejecutando ciclo completo...
❌ 4 señal(es) rechazada(s):
   BTC: Solo 2 fuentes < mínimo 3
   SQM: Ya existe posición abierta en SQM
   COPEC: Ya existe posición abierta en COPEC
Sin operaciones en este ciclo — condiciones no cumplidas
/Users/felipefernandez/trading_signals/venv/lib/python3.9/site-packages/urllib3/__init__.py:35: NotOpenSSLWarning: urllib3 v2 only supports OpenSSL 1.1.1+, currently the 'ssl' module is compiled with 'LibreSSL 2.8.3'. See: https://github.com/urllib3/urllib3/issues/3020
  warnings.warn(

[2026-04-29 10:45:00] Iniciando ciclo automático...
Horario: Mercado abierto
Ejecutando ciclo completo...
❌ 4 señal(es) rechazada(s):
   BTC: Solo 2 fuentes < mínimo 3
   SQM: Ya existe posición abierta en SQM
   COPEC: Ya existe posición abierta en COPEC
Sin operaciones en este ciclo — condiciones no cumplidas
/Users/felipefernandez/trading_signals/venv/lib/python3.9/site-packages/urllib3/__init__.py:35: NotOpenSSLWarning: urllib3 v2 only supports OpenSSL 1.1.1+, currently the 'ssl' module is compiled with 'LibreSSL 2.8.3'. See: https://github.com/urllib3/urllib3/issues/3020
  warnings.warn(

[2026-04-29 11:00:01] Iniciando ciclo automático...
Horario: Mercado abierto
Ejecutando ciclo completo...
❌ 4 señal(es) rechazada(s):
   BTC: Solo 2 fuentes < mínimo 3
   SQM: Ya existe posición abierta en SQM
   COPEC: Ya existe posición abierta en COPEC
Sin operaciones en este ciclo — condiciones no cumplidas
/Users/felipefernandez/trading_signals/venv/lib/python3.9/site-packages/urllib3/__init__.py:35: NotOpenSSLWarning: urllib3 v2 only supports OpenSSL 1.1.1+, currently the 'ssl' module is compiled with 'LibreSSL 2.8.3'. See: https://github.com/urllib3/urllib3/issues/3020
  warnings.warn(
Device set to use mps:0

[2026-04-29 11:15:01] Iniciando ciclo automático...
Horario: Mercado abierto
Ejecutando ciclo completo...
❌ 4 señal(es) rechazada(s):
   BTC: Solo 2 fuentes < mínimo 3
   SQM: Ya existe posición abierta en SQM
   COPEC: Ya existe posición abierta en COPEC
Sin operaciones en este ciclo — condiciones no cumplidas
/Users/felipefernandez/trading_signals/venv/lib/python3.9/site-packages/urllib3/__init__.py:35: NotOpenSSLWarning: urllib3 v2 only supports OpenSSL 1.1.1+, currently the 'ssl' module is compiled with 'LibreSSL 2.8.3'. See: https://github.com/urllib3/urllib3/issues/3020
  warnings.warn(

[2026-04-29 11:30:00] Iniciando ciclo automático...
Horario: Mercado abierto
Ejecutando ciclo completo...
❌ 4 señal(es) rechazada(s):
   BTC: Solo 2 fuentes < mínimo 3
   SQM: Ya existe posición abierta en SQM
   COPEC: Ya existe posición abierta en COPEC
Sin operaciones en este ciclo — condiciones no cumplidas
/Users/felipefernandez/trading_signals/venv/lib/python3.9/site-packages/urllib3/__init__.py:35: NotOpenSSLWarning: urllib3 v2 only supports OpenSSL 1.1.1+, currently the 'ssl' module is compiled with 'LibreSSL 2.8.3'. See: https://github.com/urllib3/urllib3/issues/3020
  warnings.warn(
Device set to use mps:0

[2026-04-29 11:45:01] Iniciando ciclo automático...
Horario: Mercado abierto
Ejecutando ciclo completo...
❌ 4 señal(es) rechazada(s):
   BTC: Solo 2 fuentes < mínimo 3
   SQM: Ya existe posición abierta en SQM
   COPEC: Ya existe posición abierta en COPEC
Sin operaciones en este ciclo — condiciones no cumplidas
/Users/felipefernandez/trading_signals/venv/lib/python3.9/site-packages/urllib3/__init__.py:35: NotOpenSSLWarning: urllib3 v2 only supports OpenSSL 1.1.1+, currently the 'ssl' module is compiled with 'LibreSSL 2.8.3'. See: https://github.com/urllib3/urllib3/issues/3020
  warnings.warn(
Device set to use mps:0

[2026-04-29 12:00:00] Iniciando ciclo automático...
Horario: Mercado abierto
Ejecutando ciclo completo...
❌ 4 señal(es) rechazada(s):
   BTC: Solo 2 fuentes < mínimo 3
   SQM: Ya existe posición abierta en SQM
   COPEC: Ya existe posición abierta en COPEC
Sin operaciones en este ciclo — condiciones no cumplidas
/Users/felipefernandez/trading_signals/venv/lib/python3.9/site-packages/urllib3/__init__.py:35: NotOpenSSLWarning: urllib3 v2 only supports OpenSSL 1.1.1+, currently the 'ssl' module is compiled with 'LibreSSL 2.8.3'. See: https://github.com/urllib3/urllib3/issues/3020
  warnings.warn(

[2026-04-29 12:15:00] Iniciando ciclo automático...
Horario: Mercado abierto
Ejecutando ciclo completo...
❌ 5 señal(es) rechazada(s):
   BTC: Solo 2 fuentes < mínimo 3
   SQM: Ya existe posición abierta en SQM
   COPEC: Convicción 78.6% < mínimo 80%
Sin operaciones en este ciclo — condiciones no cumplidas
/Users/felipefernandez/trading_signals/venv/lib/python3.9/site-packages/urllib3/__init__.py:35: NotOpenSSLWarning: urllib3 v2 only supports OpenSSL 1.1.1+, currently the 'ssl' module is compiled with 'LibreSSL 2.8.3'. See: https://github.com/urllib3/urllib3/issues/3020
  warnings.warn(

[2026-04-29 12:30:01] Iniciando ciclo automático...
Horario: Mercado abierto
Ejecutando ciclo completo...
❌ 5 señal(es) rechazada(s):
   BTC: Solo 2 fuentes < mínimo 3
   SQM: Ya existe posición abierta en SQM
   COPEC: Convicción 78.3% < mínimo 80%
Sin operaciones en este ciclo — condiciones no cumplidas
/Users/felipefernandez/trading_signals/venv/lib/python3.9/site-packages/urllib3/__init__.py:35: NotOpenSSLWarning: urllib3 v2 only supports OpenSSL 1.1.1+, currently the 'ssl' module is compiled with 'LibreSSL 2.8.3'. See: https://github.com/urllib3/urllib3/issues/3020
  warnings.warn(

[2026-04-29 12:45:00] Iniciando ciclo automático...
Horario: Mercado abierto
Ejecutando ciclo completo...
❌ 5 señal(es) rechazada(s):
   BTC: Solo 2 fuentes < mínimo 3
   SQM: Ya existe posición abierta en SQM
   COPEC: Convicción 78.0% < mínimo 80%
Sin operaciones en este ciclo — condiciones no cumplidas
/Users/felipefernandez/trading_signals/venv/lib/python3.9/site-packages/urllib3/__init__.py:35: NotOpenSSLWarning: urllib3 v2 only supports OpenSSL 1.1.1+, currently the 'ssl' module is compiled with 'LibreSSL 2.8.3'. See: https://github.com/urllib3/urllib3/issues/3020
  warnings.warn(

[2026-04-29 13:00:01] Iniciando ciclo automático...
Horario: Mercado abierto
Ejecutando ciclo completo...
❌ 5 señal(es) rechazada(s):
   BTC: Solo 2 fuentes < mínimo 3
   SQM: Ya existe posición abierta en SQM
   COPEC: Convicción 78.4% < mínimo 80%
Sin operaciones en este ciclo — condiciones no cumplidas
/Users/felipefernandez/trading_signals/venv/lib/python3.9/site-packages/urllib3/__init__.py:35: NotOpenSSLWarning: urllib3 v2 only supports OpenSSL 1.1.1+, currently the 'ssl' module is compiled with 'LibreSSL 2.8.3'. See: https://github.com/urllib3/urllib3/issues/3020
  warnings.warn(

[2026-04-29 13:15:00] Iniciando ciclo automático...
Horario: Mercado abierto
Ejecutando ciclo completo...
❌ 5 señal(es) rechazada(s):
   SQM: Solo 2 fuentes < mínimo 3
   BTC: Solo 2 fuentes < mínimo 3
   COPEC: Convicción 77.8% < mínimo 80%
Sin operaciones en este ciclo — condiciones no cumplidas
/Users/felipefernandez/trading_signals/venv/lib/python3.9/site-packages/urllib3/__init__.py:35: NotOpenSSLWarning: urllib3 v2 only supports OpenSSL 1.1.1+, currently the 'ssl' module is compiled with 'LibreSSL 2.8.3'. See: https://github.com/urllib3/urllib3/issues/3020
  warnings.warn(
Device set to use mps:0

[2026-04-29 13:32:27] Iniciando ciclo automático...
Horario: Mercado abierto
Ejecutando ciclo completo...
❌ 5 señal(es) rechazada(s):
   BTC: Solo 2 fuentes < mínimo 3
   SQM: Ya existe posición abierta en SQM
   COPEC: Convicción 77.4% < mínimo 80%
Sin operaciones en este ciclo — condiciones no cumplidas
/Users/felipefernandez/trading_signals/venv/lib/python3.9/site-packages/urllib3/__init__.py:35: NotOpenSSLWarning: urllib3 v2 only supports OpenSSL 1.1.1+, currently the 'ssl' module is compiled with 'LibreSSL 2.8.3'. See: https://github.com/urllib3/urllib3/issues/3020
  warnings.warn(

[2026-04-29 13:45:01] Iniciando ciclo automático...
Horario: Mercado abierto
Ejecutando ciclo completo...
❌ 5 señal(es) rechazada(s):
   BTC: Solo 2 fuentes < mínimo 3
   SQM: Ya existe posición abierta en SQM
   COPEC: Convicción 78.6% < mínimo 80%
Sin operaciones en este ciclo — condiciones no cumplidas
/Users/felipefernandez/trading_signals/venv/lib/python3.9/site-packages/urllib3/__init__.py:35: NotOpenSSLWarning: urllib3 v2 only supports OpenSSL 1.1.1+, currently the 'ssl' module is compiled with 'LibreSSL 2.8.3'. See: https://github.com/urllib3/urllib3/issues/3020
  warnings.warn(

[2026-04-29 14:00:01] Iniciando ciclo automático...
Horario: Mercado abierto
Ejecutando ciclo completo...
❌ 5 señal(es) rechazada(s):
   BTC: Solo 2 fuentes < mínimo 3
   SQM: Ya existe posición abierta en SQM
   COPEC: Convicción 78.1% < mínimo 80%
Sin operaciones en este ciclo — condiciones no cumplidas
/Users/felipefernandez/trading_signals/venv/lib/python3.9/site-packages/urllib3/__init__.py:35: NotOpenSSLWarning: urllib3 v2 only supports OpenSSL 1.1.1+, currently the 'ssl' module is compiled with 'LibreSSL 2.8.3'. See: https://github.com/urllib3/urllib3/issues/3020
  warnings.warn(
Device set to use mps:0

[2026-04-29 14:15:01] Iniciando ciclo automático...
Horario: Mercado abierto
Ejecutando ciclo completo...
❌ 4 señal(es) rechazada(s):
   SQM: Ya existe posición abierta en SQM
   BTC: Solo 2 fuentes < mínimo 3
   COPEC: Convicción 79.4% < mínimo 80%
Sin operaciones en este ciclo — condiciones no cumplidas
/Users/felipefernandez/trading_signals/venv/lib/python3.9/site-packages/urllib3/__init__.py:35: NotOpenSSLWarning: urllib3 v2 only supports OpenSSL 1.1.1+, currently the 'ssl' module is compiled with 'LibreSSL 2.8.3'. See: https://github.com/urllib3/urllib3/issues/3020
  warnings.warn(

[2026-04-29 14:30:01] Iniciando ciclo automático...
Horario: Mercado abierto
Ejecutando ciclo completo...
❌ 5 señal(es) rechazada(s):
   SQM: Ya existe posición abierta en SQM
   BTC: Solo 2 fuentes < mínimo 3
   COPEC: Convicción 79.5% < mínimo 80%
Sin operaciones en este ciclo — condiciones no cumplidas
/Users/felipefernandez/trading_signals/venv/lib/python3.9/site-packages/urllib3/__init__.py:35: NotOpenSSLWarning: urllib3 v2 only supports OpenSSL 1.1.1+, currently the 'ssl' module is compiled with 'LibreSSL 2.8.3'. See: https://github.com/urllib3/urllib3/issues/3020
  warnings.warn(

[2026-04-29 14:45:00] Iniciando ciclo automático...
Horario: Mercado abierto
Ejecutando ciclo completo...
❌ 5 señal(es) rechazada(s):
   SQM: Ya existe posición abierta en SQM
   BTC: Solo 2 fuentes < mínimo 3
   COPEC: Convicción 78.9% < mínimo 80%
Sin operaciones en este ciclo — condiciones no cumplidas
/Users/felipefernandez/trading_signals/venv/lib/python3.9/site-packages/urllib3/__init__.py:35: NotOpenSSLWarning: urllib3 v2 only supports OpenSSL 1.1.1+, currently the 'ssl' module is compiled with 'LibreSSL 2.8.3'. See: https://github.com/urllib3/urllib3/issues/3020
  warnings.warn(

[2026-04-29 15:00:00] Iniciando ciclo automático...
Horario: Mercado abierto
Ejecutando ciclo completo...
❌ 5 señal(es) rechazada(s):
   SQM: Ya existe posición abierta en SQM
   BTC: Solo 2 fuentes < mínimo 3
   COPEC: Convicción 78.7% < mínimo 80%
Sin operaciones en este ciclo — condiciones no cumplidas
/Users/felipefernandez/trading_signals/venv/lib/python3.9/site-packages/urllib3/__init__.py:35: NotOpenSSLWarning: urllib3 v2 only supports OpenSSL 1.1.1+, currently the 'ssl' module is compiled with 'LibreSSL 2.8.3'. See: https://github.com/urllib3/urllib3/issues/3020
  warnings.warn(

[2026-04-29 15:15:00] Iniciando ciclo automático...
Horario: Mercado abierto
Ejecutando ciclo completo...
Error macro USA [^TNX]: 'NoneType' object is not subscriptable
❌ 5 señal(es) rechazada(s):
   SQM: Ya existe posición abierta en SQM
   BTC: Solo 2 fuentes < mínimo 3
   COPEC: Convicción 78.6% < mínimo 80%
Sin operaciones en este ciclo — condiciones no cumplidas
/Users/felipefernandez/trading_signals/venv/lib/python3.9/site-packages/urllib3/__init__.py:35: NotOpenSSLWarning: urllib3 v2 only supports OpenSSL 1.1.1+, currently the 'ssl' module is compiled with 'LibreSSL 2.8.3'. See: https://github.com/urllib3/urllib3/issues/3020
  warnings.warn(

[2026-04-29 15:30:01] Iniciando ciclo automático...
Horario: Mercado abierto
Ejecutando ciclo completo...
❌ 5 señal(es) rechazada(s):
   BTC: Solo 2 fuentes < mínimo 3
   SQM: Ya existe posición abierta en SQM
   COPEC: Convicción 77.6% < mínimo 80%
Sin operaciones en este ciclo — condiciones no cumplidas
/Users/felipefernandez/trading_signals/venv/lib/python3.9/site-packages/urllib3/__init__.py:35: NotOpenSSLWarning: urllib3 v2 only supports OpenSSL 1.1.1+, currently the 'ssl' module is compiled with 'LibreSSL 2.8.3'. See: https://github.com/urllib3/urllib3/issues/3020
  warnings.warn(

[2026-04-29 15:45:00] Iniciando ciclo automático...
Horario: Fuera de horario (09:30-15:45 ET)
Posición: SQM | precio 91.18 | PnL -2.69%
Posición: COPEC | precio 6,548.00 | PnL -0.51%
/Users/felipefernandez/trading_signals/venv/lib/python3.9/site-packages/urllib3/__init__.py:35: NotOpenSSLWarning: urllib3 v2 only supports OpenSSL 1.1.1+, currently the 'ssl' module is compiled with 'LibreSSL 2.8.3'. See: https://github.com/urllib3/urllib3/issues/3020
  warnings.warn(

[2026-04-29 16:00:00] Iniciando ciclo automático...
Horario: Fuera de horario (09:30-15:45 ET)
Posición: SQM | precio 91.04 | PnL -2.53%
Posición: COPEC | precio 6,540.00 | PnL -0.38%
/Users/felipefernandez/trading_signals/venv/lib/python3.9/site-packages/urllib3/__init__.py:35: NotOpenSSLWarning: urllib3 v2 only supports OpenSSL 1.1.1+, currently the 'ssl' module is compiled with 'LibreSSL 2.8.3'. See: https://github.com/urllib3/urllib3/issues/3020
  warnings.warn(

[2026-04-29 16:15:00] Iniciando ciclo automático...
Horario: Fuera de horario (09:30-15:45 ET)
Posición: SQM | precio 91.03 | PnL -2.52%
Posición: COPEC | precio 6,580.00 | PnL -1.00%
/Users/felipefernandez/trading_signals/venv/lib/python3.9/site-packages/urllib3/__init__.py:35: NotOpenSSLWarning: urllib3 v2 only supports OpenSSL 1.1.1+, currently the 'ssl' module is compiled with 'LibreSSL 2.8.3'. See: https://github.com/urllib3/urllib3/issues/3020
  warnings.warn(

[2026-04-29 16:45:01] Iniciando ciclo automático...
Horario: Fuera de horario (09:30-15:45 ET)
Posición: SQM | precio 91.02 | PnL -2.51%
Posición: COPEC | precio 6,400.00 | PnL +1.77%
/Users/felipefernandez/trading_signals/venv/lib/python3.9/site-packages/urllib3/__init__.py:35: NotOpenSSLWarning: urllib3 v2 only supports OpenSSL 1.1.1+, currently the 'ssl' module is compiled with 'LibreSSL 2.8.3'. See: https://github.com/urllib3/urllib3/issues/3020
  warnings.warn(

[2026-04-29 17:00:00] Iniciando ciclo automático...
Horario: Fuera de horario (09:30-15:45 ET)
Posición: SQM | precio 91.02 | PnL -2.51%
Posición: COPEC | precio 6,530.00 | PnL -0.23%
/Users/felipefernandez/trading_signals/venv/lib/python3.9/site-packages/urllib3/__init__.py:35: NotOpenSSLWarning: urllib3 v2 only supports OpenSSL 1.1.1+, currently the 'ssl' module is compiled with 'LibreSSL 2.8.3'. See: https://github.com/urllib3/urllib3/issues/3020
  warnings.warn(

[2026-04-29 17:15:00] Iniciando ciclo automático...
Horario: Fuera de horario (09:30-15:45 ET)
Posición: SQM | precio 91.02 | PnL -2.51%
Posición: COPEC | precio 6,530.00 | PnL -0.23%
/Users/felipefernandez/trading_signals/venv/lib/python3.9/site-packages/urllib3/__init__.py:35: NotOpenSSLWarning: urllib3 v2 only supports OpenSSL 1.1.1+, currently the 'ssl' module is compiled with 'LibreSSL 2.8.3'. See: https://github.com/urllib3/urllib3/issues/3020
  warnings.warn(

[2026-04-29 17:30:00] Iniciando ciclo automático...
Horario: Fuera de horario (09:30-15:45 ET)
Posición: SQM | precio 91.02 | PnL -2.51%
Posición: COPEC | precio 6,530.00 | PnL -0.23%
/Users/felipefernandez/trading_signals/venv/lib/python3.9/site-packages/urllib3/__init__.py:35: NotOpenSSLWarning: urllib3 v2 only supports OpenSSL 1.1.1+, currently the 'ssl' module is compiled with 'LibreSSL 2.8.3'. See: https://github.com/urllib3/urllib3/issues/3020
  warnings.warn(

[2026-04-29 18:30:00] Iniciando ciclo automático...
Horario: Fuera de horario (09:30-15:45 ET)
Posición: SQM | precio 91.02 | PnL -2.51%
Posición: COPEC | precio 6,530.00 | PnL -0.23%
/Users/felipefernandez/trading_signals/venv/lib/python3.9/site-packages/urllib3/__init__.py:35: NotOpenSSLWarning: urllib3 v2 only supports OpenSSL 1.1.1+, currently the 'ssl' module is compiled with 'LibreSSL 2.8.3'. See: https://github.com/urllib3/urllib3/issues/3020
  warnings.warn(

[2026-04-29 18:45:00] Iniciando ciclo automático...
Horario: Fuera de horario (09:30-15:45 ET)
Posición: SQM | precio 91.02 | PnL -2.51%
Posición: COPEC | precio 6,530.00 | PnL -0.23%
/Users/felipefernandez/trading_signals/venv/lib/python3.9/site-packages/urllib3/__init__.py:35: NotOpenSSLWarning: urllib3 v2 only supports OpenSSL 1.1.1+, currently the 'ssl' module is compiled with 'LibreSSL 2.8.3'. See: https://github.com/urllib3/urllib3/issues/3020
  warnings.warn(

[2026-04-29 19:00:00] Iniciando ciclo automático...
Horario: Fuera de horario (09:30-15:45 ET)
Posición: SQM | precio 91.02 | PnL -2.51%
Posición: COPEC | precio 6,530.00 | PnL -0.23%
/Users/felipefernandez/trading_signals/venv/lib/python3.9/site-packages/urllib3/__init__.py:35: NotOpenSSLWarning: urllib3 v2 only supports OpenSSL 1.1.1+, currently the 'ssl' module is compiled with 'LibreSSL 2.8.3'. See: https://github.com/urllib3/urllib3/issues/3020
  warnings.warn(

[2026-04-29 19:15:00] Iniciando ciclo automático...
Horario: Fuera de horario (09:30-15:45 ET)
Posición: SQM | precio 91.02 | PnL -2.51%
Posición: COPEC | precio 6,530.00 | PnL -0.23%
/Users/felipefernandez/trading_signals/venv/lib/python3.9/site-packages/urllib3/__init__.py:35: NotOpenSSLWarning: urllib3 v2 only supports OpenSSL 1.1.1+, currently the 'ssl' module is compiled with 'LibreSSL 2.8.3'. See: https://github.com/urllib3/urllib3/issues/3020
  warnings.warn(

[2026-04-29 19:30:00] Iniciando ciclo automático...
Horario: Fuera de horario (09:30-15:45 ET)
Posición: SQM | precio 91.02 | PnL -2.51%
Posición: COPEC | precio 6,530.00 | PnL -0.23%
/Users/felipefernandez/trading_signals/venv/lib/python3.9/site-packages/urllib3/__init__.py:35: NotOpenSSLWarning: urllib3 v2 only supports OpenSSL 1.1.1+, currently the 'ssl' module is compiled with 'LibreSSL 2.8.3'. See: https://github.com/urllib3/urllib3/issues/3020
  warnings.warn(

[2026-04-29 20:18:03] Iniciando ciclo automático...
Horario: Fuera de horario (09:30-15:45 ET)
Posición: SQM | precio 91.02 | PnL -2.51%
Posición: COPEC | precio 6,530.00 | PnL -0.23%
/Users/felipefernandez/trading_signals/venv/lib/python3.9/site-packages/urllib3/__init__.py:35: NotOpenSSLWarning: urllib3 v2 only supports OpenSSL 1.1.1+, currently the 'ssl' module is compiled with 'LibreSSL 2.8.3'. See: https://github.com/urllib3/urllib3/issues/3020
  warnings.warn(

[2026-04-29 21:46:04] Iniciando ciclo automático...
Horario: Fuera de horario (09:30-15:45 ET)
Posición: SQM | precio 91.02 | PnL -2.51%
Posición: COPEC | precio 6,530.00 | PnL -0.23%
/Users/felipefernandez/trading_signals/venv/lib/python3.9/site-packages/urllib3/__init__.py:35: NotOpenSSLWarning: urllib3 v2 only supports OpenSSL 1.1.1+, currently the 'ssl' module is compiled with 'LibreSSL 2.8.3'. See: https://github.com/urllib3/urllib3/issues/3020
  warnings.warn(

[2026-04-30 08:30:01] Iniciando ciclo automático...
Horario: Fuera de horario (09:30-15:45 ET)
Posición: SQM | precio 91.02 | PnL -2.51%
Posición: COPEC | precio 6,530.00 | PnL -0.23%
/Users/felipefernandez/trading_signals/venv/lib/python3.9/site-packages/urllib3/__init__.py:35: NotOpenSSLWarning: urllib3 v2 only supports OpenSSL 1.1.1+, currently the 'ssl' module is compiled with 'LibreSSL 2.8.3'. See: https://github.com/urllib3/urllib3/issues/3020
  warnings.warn(

[2026-04-30 08:45:00] Iniciando ciclo automático...
Horario: Fuera de horario (09:30-15:45 ET)
Posición: SQM | precio 91.02 | PnL -2.51%
Posición: COPEC | precio 6,530.00 | PnL -0.23%
/Users/felipefernandez/trading_signals/venv/lib/python3.9/site-packages/urllib3/__init__.py:35: NotOpenSSLWarning: urllib3 v2 only supports OpenSSL 1.1.1+, currently the 'ssl' module is compiled with 'LibreSSL 2.8.3'. See: https://github.com/urllib3/urllib3/issues/3020
  warnings.warn(

[2026-04-30 09:01:56] Iniciando ciclo automático...
Horario: Fuera de horario (09:30-15:45 ET)
Posición: SQM | precio 91.02 | PnL -2.51%
Posición: COPEC | precio 6,530.00 | PnL -0.23%
/Users/felipefernandez/trading_signals/venv/lib/python3.9/site-packages/urllib3/__init__.py:35: NotOpenSSLWarning: urllib3 v2 only supports OpenSSL 1.1.1+, currently the 'ssl' module is compiled with 'LibreSSL 2.8.3'. See: https://github.com/urllib3/urllib3/issues/3020
  warnings.warn(

[2026-04-30 09:15:01] Iniciando ciclo automático...
Horario: Fuera de horario (09:30-15:45 ET)
Posición: SQM | precio 91.02 | PnL -2.51%
Posición: COPEC | precio 6,530.00 | PnL -0.23%
/Users/felipefernandez/trading_signals/venv/lib/python3.9/site-packages/urllib3/__init__.py:35: NotOpenSSLWarning: urllib3 v2 only supports OpenSSL 1.1.1+, currently the 'ssl' module is compiled with 'LibreSSL 2.8.3'. See: https://github.com/urllib3/urllib3/issues/3020
  warnings.warn(

[2026-04-30 09:30:01] Iniciando ciclo automático...
Horario: Mercado abierto
Ejecutando ciclo completo...
❌ 5 señal(es) rechazada(s):
   BTC: Solo 2 fuentes < mínimo 3
   COPEC: Ya existe posición abierta en COPEC
   SQM: Convicción 63.2% < mínimo 80%
Sin operaciones en este ciclo — condiciones no cumplidas
/Users/felipefernandez/trading_signals/venv/lib/python3.9/site-packages/urllib3/__init__.py:35: NotOpenSSLWarning: urllib3 v2 only supports OpenSSL 1.1.1+, currently the 'ssl' module is compiled with 'LibreSSL 2.8.3'. See: https://github.com/urllib3/urllib3/issues/3020
  warnings.warn(

[2026-04-30 09:45:00] Iniciando ciclo automático...
Horario: Mercado abierto
Ejecutando ciclo completo...
❌ 5 señal(es) rechazada(s):
   BTC: Solo 2 fuentes < mínimo 3
   COPEC: Ya existe posición abierta en COPEC
   SQM: Convicción 60.8% < mínimo 80%
Sin operaciones en este ciclo — condiciones no cumplidas
/Users/felipefernandez/trading_signals/venv/lib/python3.9/site-packages/urllib3/__init__.py:35: NotOpenSSLWarning: urllib3 v2 only supports OpenSSL 1.1.1+, currently the 'ssl' module is compiled with 'LibreSSL 2.8.3'. See: https://github.com/urllib3/urllib3/issues/3020
  warnings.warn(

[2026-04-30 10:00:00] Iniciando ciclo automático...
Horario: Mercado abierto
Ejecutando ciclo completo...
❌ 3 señal(es) rechazada(s):
   BTC: Solo 2 fuentes < mínimo 3
   COPEC: Ya existe posición abierta en COPEC
   SQM: Convicción 59.9% < mínimo 80%
Sin operaciones en este ciclo — condiciones no cumplidas
/Users/felipefernandez/trading_signals/venv/lib/python3.9/site-packages/urllib3/__init__.py:35: NotOpenSSLWarning: urllib3 v2 only supports OpenSSL 1.1.1+, currently the 'ssl' module is compiled with 'LibreSSL 2.8.3'. See: https://github.com/urllib3/urllib3/issues/3020
  warnings.warn(

[2026-04-30 10:15:01] Iniciando ciclo automático...
Horario: Mercado abierto
Ejecutando ciclo completo...
❌ 4 señal(es) rechazada(s):
   BTC: Solo 2 fuentes < mínimo 3
   COPEC: Ya existe posición abierta en COPEC
   SQM: Convicción 63.3% < mínimo 80%
Sin operaciones en este ciclo — condiciones no cumplidas
/Users/felipefernandez/trading_signals/venv/lib/python3.9/site-packages/urllib3/__init__.py:35: NotOpenSSLWarning: urllib3 v2 only supports OpenSSL 1.1.1+, currently the 'ssl' module is compiled with 'LibreSSL 2.8.3'. See: https://github.com/urllib3/urllib3/issues/3020
  warnings.warn(
Device set to use mps:0

[2026-04-30 10:30:00] Iniciando ciclo automático...
Horario: Mercado abierto
Ejecutando ciclo completo...
❌ 3 señal(es) rechazada(s):
   SQM: Ya existe posición abierta en SQM
   BTC: Solo 2 fuentes < mínimo 3
   COPEC: Convicción 79.0% < mínimo 80%
Sin operaciones en este ciclo — condiciones no cumplidas
/Users/felipefernandez/trading_signals/venv/lib/python3.9/site-packages/urllib3/__init__.py:35: NotOpenSSLWarning: urllib3 v2 only supports OpenSSL 1.1.1+, currently the 'ssl' module is compiled with 'LibreSSL 2.8.3'. See: https://github.com/urllib3/urllib3/issues/3020
  warnings.warn(

[2026-04-30 10:45:00] Iniciando ciclo automático...
Horario: Mercado abierto
Ejecutando ciclo completo...
❌ 3 señal(es) rechazada(s):
   SQM: Ya existe posición abierta en SQM
   BTC: Solo 2 fuentes < mínimo 3
   COPEC: Convicción 78.7% < mínimo 80%
Sin operaciones en este ciclo — condiciones no cumplidas
/Users/felipefernandez/trading_signals/venv/lib/python3.9/site-packages/urllib3/__init__.py:35: NotOpenSSLWarning: urllib3 v2 only supports OpenSSL 1.1.1+, currently the 'ssl' module is compiled with 'LibreSSL 2.8.3'. See: https://github.com/urllib3/urllib3/issues/3020
  warnings.warn(
Device set to use mps:0

[2026-04-30 11:00:01] Iniciando ciclo automático...
Horario: Mercado abierto
Ejecutando ciclo completo...
❌ 3 señal(es) rechazada(s):
   SQM: Ya existe posición abierta en SQM
   BTC: Solo 2 fuentes < mínimo 3
   COPEC: Convicción 78.4% < mínimo 80%
Sin operaciones en este ciclo — condiciones no cumplidas
/Users/felipefernandez/trading_signals/venv/lib/python3.9/site-packages/urllib3/__init__.py:35: NotOpenSSLWarning: urllib3 v2 only supports OpenSSL 1.1.1+, currently the 'ssl' module is compiled with 'LibreSSL 2.8.3'. See: https://github.com/urllib3/urllib3/issues/3020
  warnings.warn(

[2026-04-30 11:15:00] Iniciando ciclo automático...
Horario: Mercado abierto
Ejecutando ciclo completo...
❌ 3 señal(es) rechazada(s):
   SQM: Ya existe posición abierta en SQM
   BTC: Solo 2 fuentes < mínimo 3
   COPEC: Convicción 77.9% < mínimo 80%
Sin operaciones en este ciclo — condiciones no cumplidas
/Users/felipefernandez/trading_signals/venv/lib/python3.9/site-packages/urllib3/__init__.py:35: NotOpenSSLWarning: urllib3 v2 only supports OpenSSL 1.1.1+, currently the 'ssl' module is compiled with 'LibreSSL 2.8.3'. See: https://github.com/urllib3/urllib3/issues/3020
  warnings.warn(

[2026-04-30 11:30:00] Iniciando ciclo automático...
Horario: Mercado abierto
Ejecutando ciclo completo...
❌ 3 señal(es) rechazada(s):
   SQM: Ya existe posición abierta en SQM
   BTC: Solo 2 fuentes < mínimo 3
   COPEC: Convicción 79.2% < mínimo 80%
Sin operaciones en este ciclo — condiciones no cumplidas
/Users/felipefernandez/trading_signals/venv/lib/python3.9/site-packages/urllib3/__init__.py:35: NotOpenSSLWarning: urllib3 v2 only supports OpenSSL 1.1.1+, currently the 'ssl' module is compiled with 'LibreSSL 2.8.3'. See: https://github.com/urllib3/urllib3/issues/3020
  warnings.warn(

[2026-04-30 11:45:00] Iniciando ciclo automático...
Horario: Mercado abierto
Ejecutando ciclo completo...
❌ 3 señal(es) rechazada(s):
   BTC: Solo 2 fuentes < mínimo 3
   COPEC: Convicción 79.3% < mínimo 80%
   SQM: Convicción 65.1% < mínimo 80%
Sin operaciones en este ciclo — condiciones no cumplidas
/Users/felipefernandez/trading_signals/venv/lib/python3.9/site-packages/urllib3/__init__.py:35: NotOpenSSLWarning: urllib3 v2 only supports OpenSSL 1.1.1+, currently the 'ssl' module is compiled with 'LibreSSL 2.8.3'. See: https://github.com/urllib3/urllib3/issues/3020
  warnings.warn(

[2026-04-30 12:00:01] Iniciando ciclo automático...
Horario: Mercado abierto
Ejecutando ciclo completo...
❌ 3 señal(es) rechazada(s):
   BTC: Solo 2 fuentes < mínimo 3
   COPEC: Convicción 78.1% < mínimo 80%
   SQM: Convicción 74.0% < mínimo 80%
Sin operaciones en este ciclo — condiciones no cumplidas
/Users/felipefernandez/trading_signals/venv/lib/python3.9/site-packages/urllib3/__init__.py:35: NotOpenSSLWarning: urllib3 v2 only supports OpenSSL 1.1.1+, currently the 'ssl' module is compiled with 'LibreSSL 2.8.3'. See: https://github.com/urllib3/urllib3/issues/3020
  warnings.warn(
Device set to use mps:0

[2026-04-30 12:15:01] Iniciando ciclo automático...
Horario: Mercado abierto
Ejecutando ciclo completo...
❌ 3 señal(es) rechazada(s):
   BTC: Solo 2 fuentes < mínimo 3
   COPEC: Convicción 77.6% < mínimo 80%
   SQM: Convicción 75.0% < mínimo 80%
Sin operaciones en este ciclo — condiciones no cumplidas
/Users/felipefernandez/trading_signals/venv/lib/python3.9/site-packages/urllib3/__init__.py:35: NotOpenSSLWarning: urllib3 v2 only supports OpenSSL 1.1.1+, currently the 'ssl' module is compiled with 'LibreSSL 2.8.3'. See: https://github.com/urllib3/urllib3/issues/3020
  warnings.warn(

[2026-04-30 12:30:00] Iniciando ciclo automático...
Horario: Mercado abierto
Ejecutando ciclo completo...
❌ 3 señal(es) rechazada(s):
   BTC: Solo 2 fuentes < mínimo 3
   COPEC: Convicción 77.8% < mínimo 80%
   SQM: Convicción 74.7% < mínimo 80%
Sin operaciones en este ciclo — condiciones no cumplidas
/Users/felipefernandez/trading_signals/venv/lib/python3.9/site-packages/urllib3/__init__.py:35: NotOpenSSLWarning: urllib3 v2 only supports OpenSSL 1.1.1+, currently the 'ssl' module is compiled with 'LibreSSL 2.8.3'. See: https://github.com/urllib3/urllib3/issues/3020
  warnings.warn(

[2026-04-30 12:45:00] Iniciando ciclo automático...
Horario: Mercado abierto
Ejecutando ciclo completo...
❌ 3 señal(es) rechazada(s):
   BTC: Solo 2 fuentes < mínimo 3
   COPEC: Convicción 77.6% < mínimo 80%
   SQM: Convicción 74.5% < mínimo 80%
Sin operaciones en este ciclo — condiciones no cumplidas
/Users/felipefernandez/trading_signals/venv/lib/python3.9/site-packages/urllib3/__init__.py:35: NotOpenSSLWarning: urllib3 v2 only supports OpenSSL 1.1.1+, currently the 'ssl' module is compiled with 'LibreSSL 2.8.3'. See: https://github.com/urllib3/urllib3/issues/3020
  warnings.warn(

[2026-04-30 13:00:00] Iniciando ciclo automático...
Horario: Mercado abierto
Ejecutando ciclo completo...
❌ 3 señal(es) rechazada(s):
   BTC: Solo 2 fuentes < mínimo 3
   COPEC: Convicción 77.2% < mínimo 80%
   SQM: Convicción 74.7% < mínimo 80%
Sin operaciones en este ciclo — condiciones no cumplidas
/Users/felipefernandez/trading_signals/venv/lib/python3.9/site-packages/urllib3/__init__.py:35: NotOpenSSLWarning: urllib3 v2 only supports OpenSSL 1.1.1+, currently the 'ssl' module is compiled with 'LibreSSL 2.8.3'. See: https://github.com/urllib3/urllib3/issues/3020
  warnings.warn(

[2026-04-30 13:15:00] Iniciando ciclo automático...
Horario: Mercado abierto
Ejecutando ciclo completo...
❌ 3 señal(es) rechazada(s):
   BTC: Solo 2 fuentes < mínimo 3
   COPEC: Convicción 77.3% < mínimo 80%
   SQM: Convicción 75.3% < mínimo 80%
Sin operaciones en este ciclo — condiciones no cumplidas
/Users/felipefernandez/trading_signals/venv/lib/python3.9/site-packages/urllib3/__init__.py:35: NotOpenSSLWarning: urllib3 v2 only supports OpenSSL 1.1.1+, currently the 'ssl' module is compiled with 'LibreSSL 2.8.3'. See: https://github.com/urllib3/urllib3/issues/3020
  warnings.warn(

[2026-04-30 13:30:33] Iniciando ciclo automático...
Horario: Mercado abierto
Ejecutando ciclo completo...
❌ 3 señal(es) rechazada(s):
   BTC: Solo 2 fuentes < mínimo 3
   COPEC: Convicción 77.3% < mínimo 80%
   SQM: Convicción 75.6% < mínimo 80%
Sin operaciones en este ciclo — condiciones no cumplidas
/Users/felipefernandez/trading_signals/venv/lib/python3.9/site-packages/urllib3/__init__.py:35: NotOpenSSLWarning: urllib3 v2 only supports OpenSSL 1.1.1+, currently the 'ssl' module is compiled with 'LibreSSL 2.8.3'. See: https://github.com/urllib3/urllib3/issues/3020
  warnings.warn(

[2026-04-30 15:15:01] Iniciando ciclo automático...
Horario: Mercado abierto
Ejecutando ciclo completo...
❌ 3 señal(es) rechazada(s):
   BTC: Solo 2 fuentes < mínimo 3
   SQM: Convicción 78.0% < mínimo 80%
   COPEC: Convicción 75.1% < mínimo 80%
Sin operaciones en este ciclo — condiciones no cumplidas
/Users/felipefernandez/trading_signals/venv/lib/python3.9/site-packages/urllib3/__init__.py:35: NotOpenSSLWarning: urllib3 v2 only supports OpenSSL 1.1.1+, currently the 'ssl' module is compiled with 'LibreSSL 2.8.3'. See: https://github.com/urllib3/urllib3/issues/3020
  warnings.warn(

[2026-04-30 15:30:00] Iniciando ciclo automático...
Horario: Mercado abierto
Ejecutando ciclo completo...
❌ 3 señal(es) rechazada(s):
   SQM: Ya existe posición abierta en SQM
   BTC: Solo 2 fuentes < mínimo 3
   COPEC: Convicción 76.3% < mínimo 80%
Sin operaciones en este ciclo — condiciones no cumplidas
/Users/felipefernandez/trading_signals/venv/lib/python3.9/site-packages/urllib3/__init__.py:35: NotOpenSSLWarning: urllib3 v2 only supports OpenSSL 1.1.1+, currently the 'ssl' module is compiled with 'LibreSSL 2.8.3'. See: https://github.com/urllib3/urllib3/issues/3020
  warnings.warn(

[2026-04-30 15:45:00] Iniciando ciclo automático...
Horario: Fuera de horario (09:30-15:45 ET)
Posición: SQM | precio 92.51 | PnL -4.19%
Posición: COPEC | precio 6,369.30 | PnL +2.24%
/Users/felipefernandez/trading_signals/venv/lib/python3.9/site-packages/urllib3/__init__.py:35: NotOpenSSLWarning: urllib3 v2 only supports OpenSSL 1.1.1+, currently the 'ssl' module is compiled with 'LibreSSL 2.8.3'. See: https://github.com/urllib3/urllib3/issues/3020
  warnings.warn(

[2026-04-30 16:00:01] Iniciando ciclo automático...
Horario: Fuera de horario (09:30-15:45 ET)
Posición: SQM | precio 92.14 | PnL -3.77%
Posición: COPEC | precio 6,374.40 | PnL +2.16%
/Users/felipefernandez/trading_signals/venv/lib/python3.9/site-packages/urllib3/__init__.py:35: NotOpenSSLWarning: urllib3 v2 only supports OpenSSL 1.1.1+, currently the 'ssl' module is compiled with 'LibreSSL 2.8.3'. See: https://github.com/urllib3/urllib3/issues/3020
  warnings.warn(

[2026-04-30 16:15:00] Iniciando ciclo automático...
Horario: Fuera de horario (09:30-15:45 ET)
Posición: SQM | precio 92.15 | PnL -3.78%
Posición: COPEC | precio 6,367.20 | PnL +2.27%
/Users/felipefernandez/trading_signals/venv/lib/python3.9/site-packages/urllib3/__init__.py:35: NotOpenSSLWarning: urllib3 v2 only supports OpenSSL 1.1.1+, currently the 'ssl' module is compiled with 'LibreSSL 2.8.3'. See: https://github.com/urllib3/urllib3/issues/3020
  warnings.warn(

[2026-04-30 16:35:44] Iniciando ciclo automático...
Horario: Fuera de horario (09:30-15:45 ET)
Posición: SQM | precio 92.15 | PnL -3.78%
Posición: COPEC | precio 6,359.00 | PnL +2.39%
/Users/felipefernandez/trading_signals/venv/lib/python3.9/site-packages/urllib3/__init__.py:35: NotOpenSSLWarning: urllib3 v2 only supports OpenSSL 1.1.1+, currently the 'ssl' module is compiled with 'LibreSSL 2.8.3'. See: https://github.com/urllib3/urllib3/issues/3020
  warnings.warn(

[2026-04-30 16:45:01] Iniciando ciclo automático...
Horario: Fuera de horario (09:30-15:45 ET)
Posición: SQM | precio 92.15 | PnL -3.78%
Posición: COPEC | precio 6,303.00 | PnL +3.25%
/Users/felipefernandez/trading_signals/venv/lib/python3.9/site-packages/urllib3/__init__.py:35: NotOpenSSLWarning: urllib3 v2 only supports OpenSSL 1.1.1+, currently the 'ssl' module is compiled with 'LibreSSL 2.8.3'. See: https://github.com/urllib3/urllib3/issues/3020
  warnings.warn(

[2026-04-30 17:00:00] Iniciando ciclo automático...
Horario: Fuera de horario (09:30-15:45 ET)
Posición: SQM | precio 92.15 | PnL -3.78%
Posición: COPEC | precio 6,303.00 | PnL +3.25%
/Users/felipefernandez/trading_signals/venv/lib/python3.9/site-packages/urllib3/__init__.py:35: NotOpenSSLWarning: urllib3 v2 only supports OpenSSL 1.1.1+, currently the 'ssl' module is compiled with 'LibreSSL 2.8.3'. See: https://github.com/urllib3/urllib3/issues/3020
  warnings.warn(

[2026-04-30 17:15:00] Iniciando ciclo automático...
Horario: Fuera de horario (09:30-15:45 ET)
Posición: SQM | precio 92.15 | PnL -3.78%
Posición: COPEC | precio 6,303.00 | PnL +3.25%
/Users/felipefernandez/trading_signals/venv/lib/python3.9/site-packages/urllib3/__init__.py:35: NotOpenSSLWarning: urllib3 v2 only supports OpenSSL 1.1.1+, currently the 'ssl' module is compiled with 'LibreSSL 2.8.3'. See: https://github.com/urllib3/urllib3/issues/3020
  warnings.warn(

[2026-04-30 17:30:01] Iniciando ciclo automático...
Horario: Fuera de horario (09:30-15:45 ET)
Posición: SQM | precio 92.15 | PnL -3.78%
Posición: COPEC | precio 6,303.00 | PnL +3.25%
/Users/felipefernandez/trading_signals/venv/lib/python3.9/site-packages/urllib3/__init__.py:35: NotOpenSSLWarning: urllib3 v2 only supports OpenSSL 1.1.1+, currently the 'ssl' module is compiled with 'LibreSSL 2.8.3'. See: https://github.com/urllib3/urllib3/issues/3020
  warnings.warn(

[2026-04-30 17:45:01] Iniciando ciclo automático...
Horario: Fuera de horario (09:30-15:45 ET)
Posición: SQM | precio 92.15 | PnL -3.78%
Posición: COPEC | precio 6,303.00 | PnL +3.25%
/Users/felipefernandez/trading_signals/venv/lib/python3.9/site-packages/urllib3/__init__.py:35: NotOpenSSLWarning: urllib3 v2 only supports OpenSSL 1.1.1+, currently the 'ssl' module is compiled with 'LibreSSL 2.8.3'. See: https://github.com/urllib3/urllib3/issues/3020
  warnings.warn(

[2026-04-30 18:00:00] Iniciando ciclo automático...
Horario: Fuera de horario (09:30-15:45 ET)
Posición: SQM | precio 92.15 | PnL -3.78%
Posición: COPEC | precio 6,303.00 | PnL +3.25%
/Users/felipefernandez/trading_signals/venv/lib/python3.9/site-packages/urllib3/__init__.py:35: NotOpenSSLWarning: urllib3 v2 only supports OpenSSL 1.1.1+, currently the 'ssl' module is compiled with 'LibreSSL 2.8.3'. See: https://github.com/urllib3/urllib3/issues/3020
  warnings.warn(

[2026-04-30 18:15:00] Iniciando ciclo automático...
Horario: Fuera de horario (09:30-15:45 ET)
Posición: SQM | precio 92.15 | PnL -3.78%
Posición: COPEC | precio 6,303.00 | PnL +3.25%
/Users/felipefernandez/trading_signals/venv/lib/python3.9/site-packages/urllib3/__init__.py:35: NotOpenSSLWarning: urllib3 v2 only supports OpenSSL 1.1.1+, currently the 'ssl' module is compiled with 'LibreSSL 2.8.3'. See: https://github.com/urllib3/urllib3/issues/3020
  warnings.warn(

[2026-04-30 18:30:00] Iniciando ciclo automático...
Horario: Fuera de horario (09:30-15:45 ET)
Posición: SQM | precio 92.15 | PnL -3.78%
Posición: COPEC | precio 6,303.00 | PnL +3.25%
/Users/felipefernandez/trading_signals/venv/lib/python3.9/site-packages/urllib3/__init__.py:35: NotOpenSSLWarning: urllib3 v2 only supports OpenSSL 1.1.1+, currently the 'ssl' module is compiled with 'LibreSSL 2.8.3'. See: https://github.com/urllib3/urllib3/issues/3020
  warnings.warn(

[2026-04-30 18:45:00] Iniciando ciclo automático...
Horario: Fuera de horario (09:30-15:45 ET)
Posición: SQM | precio 92.15 | PnL -3.78%
Posición: COPEC | precio 6,303.00 | PnL +3.25%
/Users/felipefernandez/trading_signals/venv/lib/python3.9/site-packages/urllib3/__init__.py:35: NotOpenSSLWarning: urllib3 v2 only supports OpenSSL 1.1.1+, currently the 'ssl' module is compiled with 'LibreSSL 2.8.3'. See: https://github.com/urllib3/urllib3/issues/3020
  warnings.warn(

[2026-04-30 19:00:01] Iniciando ciclo automático...
Horario: Fuera de horario (09:30-15:45 ET)
Posición: SQM | precio 92.15 | PnL -3.78%
Posición: COPEC | precio 6,303.00 | PnL +3.25%
/Users/felipefernandez/trading_signals/venv/lib/python3.9/site-packages/urllib3/__init__.py:35: NotOpenSSLWarning: urllib3 v2 only supports OpenSSL 1.1.1+, currently the 'ssl' module is compiled with 'LibreSSL 2.8.3'. See: https://github.com/urllib3/urllib3/issues/3020
  warnings.warn(

[2026-04-30 19:32:07] Iniciando ciclo automático...
Horario: Fuera de horario (09:30-15:45 ET)
Posición: SQM | precio 92.15 | PnL -3.78%
Posición: COPEC | precio 6,303.00 | PnL +3.25%
/Users/felipefernandez/trading_signals/venv/lib/python3.9/site-packages/urllib3/__init__.py:35: NotOpenSSLWarning: urllib3 v2 only supports OpenSSL 1.1.1+, currently the 'ssl' module is compiled with 'LibreSSL 2.8.3'. See: https://github.com/urllib3/urllib3/issues/3020
  warnings.warn(

[2026-04-30 20:19:01] Iniciando ciclo automático...
Horario: Fuera de horario (09:30-15:45 ET)
Posición: SQM | precio 92.15 | PnL -3.78%
Posición: COPEC | precio 6,303.00 | PnL +3.25%
/Users/felipefernandez/trading_signals/venv/lib/python3.9/site-packages/urllib3/__init__.py:35: NotOpenSSLWarning: urllib3 v2 only supports OpenSSL 1.1.1+, currently the 'ssl' module is compiled with 'LibreSSL 2.8.3'. See: https://github.com/urllib3/urllib3/issues/3020
  warnings.warn(

[2026-04-30 22:31:08] Iniciando ciclo automático...
Horario: Fuera de horario (09:30-15:45 ET)
Posición: SQM | precio 92.15 | PnL -3.78%
Posición: COPEC | precio 6,303.00 | PnL +3.25%
/Users/felipefernandez/trading_signals/venv/lib/python3.9/site-packages/urllib3/__init__.py:35: NotOpenSSLWarning: urllib3 v2 only supports OpenSSL 1.1.1+, currently the 'ssl' module is compiled with 'LibreSSL 2.8.3'. See: https://github.com/urllib3/urllib3/issues/3020
  warnings.warn(

[2026-05-01 01:31:19] Iniciando ciclo automático...
Horario: Fuera de horario (09:30-15:45 ET)
Posición: SQM | precio 92.15 | PnL -3.78%
Posición: COPEC | precio 6,303.00 | PnL +3.25%
/Users/felipefernandez/trading_signals/venv/lib/python3.9/site-packages/urllib3/__init__.py:35: NotOpenSSLWarning: urllib3 v2 only supports OpenSSL 1.1.1+, currently the 'ssl' module is compiled with 'LibreSSL 2.8.3'. See: https://github.com/urllib3/urllib3/issues/3020
  warnings.warn(

[2026-05-01 02:35:38] Iniciando ciclo automático...
Horario: Fuera de horario (09:30-15:45 ET)
Error precio SQM: 'NoneType' object is not subscriptable
Posición: COPEC | precio 6,303.00 | PnL +3.25%
/Users/felipefernandez/trading_signals/venv/lib/python3.9/site-packages/urllib3/__init__.py:35: NotOpenSSLWarning: urllib3 v2 only supports OpenSSL 1.1.1+, currently the 'ssl' module is compiled with 'LibreSSL 2.8.3'. See: https://github.com/urllib3/urllib3/issues/3020
  warnings.warn(

[2026-05-01 05:17:03] Iniciando ciclo automático...
Horario: Fuera de horario (09:30-15:45 ET)
Posición: SQM | precio 92.15 | PnL -3.78%
Posición: COPEC | precio 6,303.00 | PnL +3.25%
/Users/felipefernandez/trading_signals/venv/lib/python3.9/site-packages/urllib3/__init__.py:35: NotOpenSSLWarning: urllib3 v2 only supports OpenSSL 1.1.1+, currently the 'ssl' module is compiled with 'LibreSSL 2.8.3'. See: https://github.com/urllib3/urllib3/issues/3020
  warnings.warn(

[2026-05-01 09:03:05] Iniciando ciclo automático...
Horario: Fuera de horario (09:30-15:45 ET)
Posición: SQM | precio 92.15 | PnL -3.78%
Posición: COPEC | precio 6,303.00 | PnL +3.25%
/Users/felipefernandez/trading_signals/venv/lib/python3.9/site-packages/urllib3/__init__.py:35: NotOpenSSLWarning: urllib3 v2 only supports OpenSSL 1.1.1+, currently the 'ssl' module is compiled with 'LibreSSL 2.8.3'. See: https://github.com/urllib3/urllib3/issues/3020
  warnings.warn(
Device set to use mps:0

[2026-05-01 10:48:48] Iniciando ciclo automático...
Horario: Mercado abierto
Ejecutando ciclo completo...
❌ 4 señal(es) rechazada(s):
   SQM: Ya existe posición abierta en SQM
   BTC: Solo 2 fuentes < mínimo 3
   ECH: Convicción 58.6% < mínimo 80%
Sin operaciones en este ciclo — condiciones no cumplidas
/Users/felipefernandez/trading_signals/venv/lib/python3.9/site-packages/urllib3/__init__.py:35: NotOpenSSLWarning: urllib3 v2 only supports OpenSSL 1.1.1+, currently the 'ssl' module is compiled with 'LibreSSL 2.8.3'. See: https://github.com/urllib3/urllib3/issues/3020
  warnings.warn(

[2026-05-01 11:05:05] Iniciando ciclo automático...
Horario: Mercado abierto
Ejecutando ciclo completo...
Error macro USA [GC=F]: 'NoneType' object is not subscriptable
❌ 4 señal(es) rechazada(s):
   SQM: Ya existe posición abierta en SQM
   BTC: Solo 2 fuentes < mínimo 3
   ECH: Convicción 59.1% < mínimo 80%
Sin operaciones en este ciclo — condiciones no cumplidas
/Users/felipefernandez/trading_signals/venv/lib/python3.9/site-packages/urllib3/__init__.py:35: NotOpenSSLWarning: urllib3 v2 only supports OpenSSL 1.1.1+, currently the 'ssl' module is compiled with 'LibreSSL 2.8.3'. See: https://github.com/urllib3/urllib3/issues/3020
  warnings.warn(
Device set to use mps:0

[2026-05-01 11:16:02] Iniciando ciclo automático...
Horario: Mercado abierto
Ejecutando ciclo completo...
Error Google News [cobre Chile precio]: HTTPSConnectionPool(host='news.google.com', port=443): Read timed out. (read timeout=8)
❌ 4 señal(es) rechazada(s):
   SQM: Ya existe posición abierta en SQM
   BTC: Solo 2 fuentes < mínimo 3
   ECH: Convicción 59.3% < mínimo 80%
Sin operaciones en este ciclo — condiciones no cumplidas
/Users/felipefernandez/trading_signals/venv/lib/python3.9/site-packages/urllib3/__init__.py:35: NotOpenSSLWarning: urllib3 v2 only supports OpenSSL 1.1.1+, currently the 'ssl' module is compiled with 'LibreSSL 2.8.3'. See: https://github.com/urllib3/urllib3/issues/3020
  warnings.warn(

[2026-05-01 13:17:12] Iniciando ciclo automático...
Horario: Mercado abierto
Ejecutando ciclo completo...
❌ 3 señal(es) rechazada(s):
   BTC: Solo 2 fuentes < mínimo 3
   COPEC: Convicción 77.7% < mínimo 80%
   SQM: Convicción 63.5% < mínimo 80%
Sin operaciones en este ciclo — condiciones no cumplidas
/Users/felipefernandez/trading_signals/venv/lib/python3.9/site-packages/urllib3/__init__.py:35: NotOpenSSLWarning: urllib3 v2 only supports OpenSSL 1.1.1+, currently the 'ssl' module is compiled with 'LibreSSL 2.8.3'. See: https://github.com/urllib3/urllib3/issues/3020
  warnings.warn(

[2026-05-01 13:39:10] Iniciando ciclo automático...
Horario: Mercado abierto
Ejecutando ciclo completo...
❌ 3 señal(es) rechazada(s):
   SQM: Ya existe posición abierta en SQM
   BTC: Solo 2 fuentes < mínimo 3
   COPEC: Convicción 79.0% < mínimo 80%
Sin operaciones en este ciclo — condiciones no cumplidas
/Users/felipefernandez/trading_signals/venv/lib/python3.9/site-packages/urllib3/__init__.py:35: NotOpenSSLWarning: urllib3 v2 only supports OpenSSL 1.1.1+, currently the 'ssl' module is compiled with 'LibreSSL 2.8.3'. See: https://github.com/urllib3/urllib3/issues/3020
  warnings.warn(

[2026-05-01 13:50:07] Iniciando ciclo automático...
Horario: Mercado abierto
Ejecutando ciclo completo...
Error macro USA [DX-Y.NYB]: 'NoneType' object is not subscriptable
❌ 3 señal(es) rechazada(s):
   SQM: Ya existe posición abierta en SQM
   BTC: Solo 2 fuentes < mínimo 3
   COPEC: Convicción 78.9% < mínimo 80%
Sin operaciones en este ciclo — condiciones no cumplidas
/Users/felipefernandez/trading_signals/venv/lib/python3.9/site-packages/urllib3/__init__.py:35: NotOpenSSLWarning: urllib3 v2 only supports OpenSSL 1.1.1+, currently the 'ssl' module is compiled with 'LibreSSL 2.8.3'. See: https://github.com/urllib3/urllib3/issues/3020
  warnings.warn(

[2026-05-01 14:03:14] Iniciando ciclo automático...
Horario: Mercado abierto
Ejecutando ciclo completo...
Error Kalshi [KXUNEMP]: ('Connection aborted.', ConnectionResetError(54, 'Connection reset by peer'))
❌ 3 señal(es) rechazada(s):
   SQM: Ya existe posición abierta en SQM
   BTC: Solo 2 fuentes < mínimo 3
   COPEC: Convicción 79.1% < mínimo 80%
Sin operaciones en este ciclo — condiciones no cumplidas
/Users/felipefernandez/trading_signals/venv/lib/python3.9/site-packages/urllib3/__init__.py:35: NotOpenSSLWarning: urllib3 v2 only supports OpenSSL 1.1.1+, currently the 'ssl' module is compiled with 'LibreSSL 2.8.3'. See: https://github.com/urllib3/urllib3/issues/3020
  warnings.warn(

[2026-05-01 14:31:04] Iniciando ciclo automático...
Horario: Mercado abierto
Ejecutando ciclo completo...
Error Google News [economia Chile hoy]: HTTPSConnectionPool(host='news.google.com', port=443): Read timed out. (read timeout=8)
❌ 3 señal(es) rechazada(s):
   BTC: Solo 2 fuentes < mínimo 3
   COPEC: Convicción 76.6% < mínimo 80%
   SQM: Convicción 61.7% < mínimo 80%
Sin operaciones en este ciclo — condiciones no cumplidas
/Users/felipefernandez/trading_signals/venv/lib/python3.9/site-packages/urllib3/__init__.py:35: NotOpenSSLWarning: urllib3 v2 only supports OpenSSL 1.1.1+, currently the 'ssl' module is compiled with 'LibreSSL 2.8.3'. See: https://github.com/urllib3/urllib3/issues/3020
  warnings.warn(

[2026-05-01 14:45:01] Iniciando ciclo automático...
Horario: Mercado abierto
Ejecutando ciclo completo...
❌ 3 señal(es) rechazada(s):
   BTC: Solo 2 fuentes < mínimo 3
   COPEC: Convicción 75.8% < mínimo 80%
   SQM: Convicción 61.6% < mínimo 80%
Sin operaciones en este ciclo — condiciones no cumplidas
/Users/felipefernandez/trading_signals/venv/lib/python3.9/site-packages/urllib3/__init__.py:35: NotOpenSSLWarning: urllib3 v2 only supports OpenSSL 1.1.1+, currently the 'ssl' module is compiled with 'LibreSSL 2.8.3'. See: https://github.com/urllib3/urllib3/issues/3020
  warnings.warn(

[2026-05-01 20:35:03] Iniciando ciclo automático...
Horario: Fuera de horario (09:30-15:45 ET)
Posición: SQM | precio 92.68 | PnL -4.38%
Posición: COPEC | precio 6,303.00 | PnL +3.25%
/Users/felipefernandez/trading_signals/venv/lib/python3.9/site-packages/urllib3/__init__.py:35: NotOpenSSLWarning: urllib3 v2 only supports OpenSSL 1.1.1+, currently the 'ssl' module is compiled with 'LibreSSL 2.8.3'. See: https://github.com/urllib3/urllib3/issues/3020
  warnings.warn(

[2026-05-01 21:45:06] Iniciando ciclo automático...
Horario: Fuera de horario (09:30-15:45 ET)
Posición: SQM | precio 92.68 | PnL -4.38%
Posición: COPEC | precio 6,303.00 | PnL +3.25%
/Users/felipefernandez/trading_signals/venv/lib/python3.9/site-packages/urllib3/__init__.py:35: NotOpenSSLWarning: urllib3 v2 only supports OpenSSL 1.1.1+, currently the 'ssl' module is compiled with 'LibreSSL 2.8.3'. See: https://github.com/urllib3/urllib3/issues/3020
  warnings.warn(

[2026-05-01 22:46:03] Iniciando ciclo automático...
Horario: Fuera de horario (09:30-15:45 ET)
Posición: SQM | precio 92.68 | PnL -4.38%
Posición: COPEC | precio 6,303.00 | PnL +3.25%
/Users/felipefernandez/trading_signals/venv/lib/python3.9/site-packages/urllib3/__init__.py:35: NotOpenSSLWarning: urllib3 v2 only supports OpenSSL 1.1.1+, currently the 'ssl' module is compiled with 'LibreSSL 2.8.3'. See: https://github.com/urllib3/urllib3/issues/3020
  warnings.warn(

[2026-05-02 02:01:04] Iniciando ciclo automático...
Horario: Mercado cerrado (fin de semana)
Posición: SQM | precio 92.68 | PnL -4.38%
Posición: COPEC | precio 6,303.00 | PnL +3.25%
/Users/felipefernandez/trading_signals/venv/lib/python3.9/site-packages/urllib3/__init__.py:35: NotOpenSSLWarning: urllib3 v2 only supports OpenSSL 1.1.1+, currently the 'ssl' module is compiled with 'LibreSSL 2.8.3'. See: https://github.com/urllib3/urllib3/issues/3020
  warnings.warn(

[2026-05-02 02:45:06] Iniciando ciclo automático...
Horario: Mercado cerrado (fin de semana)
Posición: SQM | precio 92.68 | PnL -4.38%
Posición: COPEC | precio 6,303.00 | PnL +3.25%
/Users/felipefernandez/trading_signals/venv/lib/python3.9/site-packages/urllib3/__init__.py:35: NotOpenSSLWarning: urllib3 v2 only supports OpenSSL 1.1.1+, currently the 'ssl' module is compiled with 'LibreSSL 2.8.3'. See: https://github.com/urllib3/urllib3/issues/3020
  warnings.warn(

[2026-05-02 10:49:15] Iniciando ciclo automático...
Horario: Mercado cerrado (fin de semana)
Posición: SQM | precio 92.68 | PnL -4.38%
Posición: COPEC | precio 6,303.00 | PnL +3.25%
/Users/felipefernandez/trading_signals/venv/lib/python3.9/site-packages/urllib3/__init__.py:35: NotOpenSSLWarning: urllib3 v2 only supports OpenSSL 1.1.1+, currently the 'ssl' module is compiled with 'LibreSSL 2.8.3'. See: https://github.com/urllib3/urllib3/issues/3020
  warnings.warn(

[2026-05-02 13:05:24] Iniciando ciclo automático...
Horario: Mercado cerrado (fin de semana)
Posición: SQM | precio 92.68 | PnL -4.38%
Posición: COPEC | precio 6,303.00 | PnL +3.25%
/Users/felipefernandez/trading_signals/venv/lib/python3.9/site-packages/urllib3/__init__.py:35: NotOpenSSLWarning: urllib3 v2 only supports OpenSSL 1.1.1+, currently the 'ssl' module is compiled with 'LibreSSL 2.8.3'. See: https://github.com/urllib3/urllib3/issues/3020
  warnings.warn(

[2026-05-02 15:35:08] Iniciando ciclo automático...
Horario: Mercado cerrado (fin de semana)
Posición: SQM | precio 92.68 | PnL -4.38%
Posición: COPEC | precio 6,303.00 | PnL +3.25%
/Users/felipefernandez/trading_signals/venv/lib/python3.9/site-packages/urllib3/__init__.py:35: NotOpenSSLWarning: urllib3 v2 only supports OpenSSL 1.1.1+, currently the 'ssl' module is compiled with 'LibreSSL 2.8.3'. See: https://github.com/urllib3/urllib3/issues/3020
  warnings.warn(

[2026-05-02 16:20:03] Iniciando ciclo automático...
Horario: Mercado cerrado (fin de semana)
Posición: SQM | precio 92.68 | PnL -4.38%
Posición: COPEC | precio 6,303.00 | PnL +3.25%
/Users/felipefernandez/trading_signals/venv/lib/python3.9/site-packages/urllib3/__init__.py:35: NotOpenSSLWarning: urllib3 v2 only supports OpenSSL 1.1.1+, currently the 'ssl' module is compiled with 'LibreSSL 2.8.3'. See: https://github.com/urllib3/urllib3/issues/3020
  warnings.warn(

[2026-05-02 16:31:04] Iniciando ciclo automático...
Horario: Mercado cerrado (fin de semana)
Posición: SQM | precio 92.68 | PnL -4.38%
Posición: COPEC | precio 6,303.00 | PnL +3.25%
/Users/felipefernandez/trading_signals/venv/lib/python3.9/site-packages/urllib3/__init__.py:35: NotOpenSSLWarning: urllib3 v2 only supports OpenSSL 1.1.1+, currently the 'ssl' module is compiled with 'LibreSSL 2.8.3'. See: https://github.com/urllib3/urllib3/issues/3020
  warnings.warn(

[2026-05-02 17:48:04] Iniciando ciclo automático...
Horario: Mercado cerrado (fin de semana)
Posición: SQM | precio 92.68 | PnL -4.38%
Posición: COPEC | precio 6,303.00 | PnL +3.25%
/Users/felipefernandez/trading_signals/venv/lib/python3.9/site-packages/urllib3/__init__.py:35: NotOpenSSLWarning: urllib3 v2 only supports OpenSSL 1.1.1+, currently the 'ssl' module is compiled with 'LibreSSL 2.8.3'. See: https://github.com/urllib3/urllib3/issues/3020
  warnings.warn(

[2026-05-02 19:00:05] Iniciando ciclo automático...
Horario: Mercado cerrado (fin de semana)
Posición: SQM | precio 92.68 | PnL -4.38%
Posición: COPEC | precio 6,303.00 | PnL +3.25%
/Users/felipefernandez/trading_signals/venv/lib/python3.9/site-packages/urllib3/__init__.py:35: NotOpenSSLWarning: urllib3 v2 only supports OpenSSL 1.1.1+, currently the 'ssl' module is compiled with 'LibreSSL 2.8.3'. See: https://github.com/urllib3/urllib3/issues/3020
  warnings.warn(

[2026-05-02 19:50:04] Iniciando ciclo automático...
Horario: Mercado cerrado (fin de semana)
Posición: SQM | precio 92.68 | PnL -4.38%
Posición: COPEC | precio 6,303.00 | PnL +3.25%
/Users/felipefernandez/trading_signals/venv/lib/python3.9/site-packages/urllib3/__init__.py:35: NotOpenSSLWarning: urllib3 v2 only supports OpenSSL 1.1.1+, currently the 'ssl' module is compiled with 'LibreSSL 2.8.3'. See: https://github.com/urllib3/urllib3/issues/3020
  warnings.warn(

[2026-05-03 00:35:05] Iniciando ciclo automático...
Horario: Mercado cerrado (fin de semana)
Posición: SQM | precio 92.68 | PnL -4.38%
Posición: COPEC | precio 6,303.00 | PnL +3.25%
/Users/felipefernandez/trading_signals/venv/lib/python3.9/site-packages/urllib3/__init__.py:35: NotOpenSSLWarning: urllib3 v2 only supports OpenSSL 1.1.1+, currently the 'ssl' module is compiled with 'LibreSSL 2.8.3'. See: https://github.com/urllib3/urllib3/issues/3020
  warnings.warn(

[2026-05-03 00:47:06] Iniciando ciclo automático...
Horario: Mercado cerrado (fin de semana)
Posición: SQM | precio 92.68 | PnL -4.38%
Posición: COPEC | precio 6,303.00 | PnL +3.25%
/Users/felipefernandez/trading_signals/venv/lib/python3.9/site-packages/urllib3/__init__.py:35: NotOpenSSLWarning: urllib3 v2 only supports OpenSSL 1.1.1+, currently the 'ssl' module is compiled with 'LibreSSL 2.8.3'. See: https://github.com/urllib3/urllib3/issues/3020
  warnings.warn(

[2026-05-03 04:02:44] Iniciando ciclo automático...
Horario: Mercado cerrado (fin de semana)
Posición: SQM | precio 92.68 | PnL -4.38%
Posición: COPEC | precio 6,303.00 | PnL +3.25%
/Users/felipefernandez/trading_signals/venv/lib/python3.9/site-packages/urllib3/__init__.py:35: NotOpenSSLWarning: urllib3 v2 only supports OpenSSL 1.1.1+, currently the 'ssl' module is compiled with 'LibreSSL 2.8.3'. See: https://github.com/urllib3/urllib3/issues/3020
  warnings.warn(

[2026-05-03 04:21:44] Iniciando ciclo automático...
Horario: Mercado cerrado (fin de semana)
Posición: SQM | precio 92.68 | PnL -4.38%
Posición: COPEC | precio 6,303.00 | PnL +3.25%
/Users/felipefernandez/trading_signals/venv/lib/python3.9/site-packages/urllib3/__init__.py:35: NotOpenSSLWarning: urllib3 v2 only supports OpenSSL 1.1.1+, currently the 'ssl' module is compiled with 'LibreSSL 2.8.3'. See: https://github.com/urllib3/urllib3/issues/3020
  warnings.warn(

[2026-05-03 04:33:01] Iniciando ciclo automático...
Horario: Mercado cerrado (fin de semana)
Posición: SQM | precio 92.68 | PnL -4.38%
Posición: COPEC | precio 6,303.00 | PnL +3.25%
/Users/felipefernandez/trading_signals/venv/lib/python3.9/site-packages/urllib3/__init__.py:35: NotOpenSSLWarning: urllib3 v2 only supports OpenSSL 1.1.1+, currently the 'ssl' module is compiled with 'LibreSSL 2.8.3'. See: https://github.com/urllib3/urllib3/issues/3020
  warnings.warn(

[2026-05-03 05:45:05] Iniciando ciclo automático...
Horario: Mercado cerrado (fin de semana)
Posición: SQM | precio 92.68 | PnL -4.38%
Posición: COPEC | precio 6,303.00 | PnL +3.25%
/Users/felipefernandez/trading_signals/venv/lib/python3.9/site-packages/urllib3/__init__.py:35: NotOpenSSLWarning: urllib3 v2 only supports OpenSSL 1.1.1+, currently the 'ssl' module is compiled with 'LibreSSL 2.8.3'. See: https://github.com/urllib3/urllib3/issues/3020
  warnings.warn(

[2026-05-03 06:21:02] Iniciando ciclo automático...
Horario: Mercado cerrado (fin de semana)
Posición: SQM | precio 92.68 | PnL -4.38%
Posición: COPEC | precio 6,303.00 | PnL +3.25%
/Users/felipefernandez/trading_signals/venv/lib/python3.9/site-packages/urllib3/__init__.py:35: NotOpenSSLWarning: urllib3 v2 only supports OpenSSL 1.1.1+, currently the 'ssl' module is compiled with 'LibreSSL 2.8.3'. See: https://github.com/urllib3/urllib3/issues/3020
  warnings.warn(

[2026-05-03 06:49:14] Iniciando ciclo automático...
Horario: Mercado cerrado (fin de semana)
Posición: SQM | precio 92.68 | PnL -4.38%
Posición: COPEC | precio 6,303.00 | PnL +3.25%
/Users/felipefernandez/trading_signals/venv/lib/python3.9/site-packages/urllib3/__init__.py:35: NotOpenSSLWarning: urllib3 v2 only supports OpenSSL 1.1.1+, currently the 'ssl' module is compiled with 'LibreSSL 2.8.3'. See: https://github.com/urllib3/urllib3/issues/3020
  warnings.warn(

[2026-05-03 07:33:04] Iniciando ciclo automático...
Horario: Mercado cerrado (fin de semana)
Posición: SQM | precio 92.68 | PnL -4.38%
Posición: COPEC | precio 6,303.00 | PnL +3.25%
/Users/felipefernandez/trading_signals/venv/lib/python3.9/site-packages/urllib3/__init__.py:35: NotOpenSSLWarning: urllib3 v2 only supports OpenSSL 1.1.1+, currently the 'ssl' module is compiled with 'LibreSSL 2.8.3'. See: https://github.com/urllib3/urllib3/issues/3020
  warnings.warn(

[2026-05-03 07:50:22] Iniciando ciclo automático...
Horario: Mercado cerrado (fin de semana)
Posición: SQM | precio 92.68 | PnL -4.38%
Posición: COPEC | precio 6,303.00 | PnL +3.25%
/Users/felipefernandez/trading_signals/venv/lib/python3.9/site-packages/urllib3/__init__.py:35: NotOpenSSLWarning: urllib3 v2 only supports OpenSSL 1.1.1+, currently the 'ssl' module is compiled with 'LibreSSL 2.8.3'. See: https://github.com/urllib3/urllib3/issues/3020
  warnings.warn(

[2026-05-03 13:15:00] Iniciando ciclo automático...
Horario: Mercado cerrado (fin de semana)
Posición: SQM | precio 92.68 | PnL -4.38%
Posición: COPEC | precio 6,303.00 | PnL +3.25%
/Users/felipefernandez/trading_signals/venv/lib/python3.9/site-packages/urllib3/__init__.py:35: NotOpenSSLWarning: urllib3 v2 only supports OpenSSL 1.1.1+, currently the 'ssl' module is compiled with 'LibreSSL 2.8.3'. See: https://github.com/urllib3/urllib3/issues/3020
  warnings.warn(

[2026-05-03 13:30:00] Iniciando ciclo automático...
Horario: Mercado cerrado (fin de semana)
Posición: SQM | precio 92.68 | PnL -4.38%
Posición: COPEC | precio 6,303.00 | PnL +3.25%
/Users/felipefernandez/trading_signals/venv/lib/python3.9/site-packages/urllib3/__init__.py:35: NotOpenSSLWarning: urllib3 v2 only supports OpenSSL 1.1.1+, currently the 'ssl' module is compiled with 'LibreSSL 2.8.3'. See: https://github.com/urllib3/urllib3/issues/3020
  warnings.warn(

[2026-05-03 13:45:00] Iniciando ciclo automático...
Horario: Mercado cerrado (fin de semana)
Posición: SQM | precio 92.68 | PnL -4.38%
Posición: COPEC | precio 6,303.00 | PnL +3.25%
/Users/felipefernandez/trading_signals/venv/lib/python3.9/site-packages/urllib3/__init__.py:35: NotOpenSSLWarning: urllib3 v2 only supports OpenSSL 1.1.1+, currently the 'ssl' module is compiled with 'LibreSSL 2.8.3'. See: https://github.com/urllib3/urllib3/issues/3020
  warnings.warn(

[2026-05-03 14:00:00] Iniciando ciclo automático...
Horario: Mercado cerrado (fin de semana)
Posición: SQM | precio 92.68 | PnL -4.38%
Posición: COPEC | precio 6,303.00 | PnL +3.25%
/Users/felipefernandez/trading_signals/venv/lib/python3.9/site-packages/urllib3/__init__.py:35: NotOpenSSLWarning: urllib3 v2 only supports OpenSSL 1.1.1+, currently the 'ssl' module is compiled with 'LibreSSL 2.8.3'. See: https://github.com/urllib3/urllib3/issues/3020
  warnings.warn(

[2026-05-03 14:15:00] Iniciando ciclo automático...
Horario: Mercado cerrado (fin de semana)
Señales AT guardadas: 0
Posición: SQM | precio 92.68 | PnL -4.38%
Posición: COPEC | precio 6,303.00 | PnL +3.25%
/Users/felipefernandez/trading_signals/venv/lib/python3.9/site-packages/urllib3/__init__.py:35: NotOpenSSLWarning: urllib3 v2 only supports OpenSSL 1.1.1+, currently the 'ssl' module is compiled with 'LibreSSL 2.8.3'. See: https://github.com/urllib3/urllib3/issues/3020
  warnings.warn(

[2026-05-03 14:30:00] Iniciando ciclo automático...
Horario: Mercado cerrado (fin de semana)
Señales AT guardadas: 0
Posición: SQM | precio 92.68 | PnL -4.38%
Posición: COPEC | precio 6,303.00 | PnL +3.25%
/Users/felipefernandez/trading_signals/venv/lib/python3.9/site-packages/urllib3/__init__.py:35: NotOpenSSLWarning: urllib3 v2 only supports OpenSSL 1.1.1+, currently the 'ssl' module is compiled with 'LibreSSL 2.8.3'. See: https://github.com/urllib3/urllib3/issues/3020
  warnings.warn(

[2026-05-03 14:45:00] Iniciando ciclo automático...
Horario: Mercado cerrado (fin de semana)
Señales AT guardadas: 0
Posición: SQM | precio 92.68 | PnL -4.38%
Posición: COPEC | precio 6,303.00 | PnL +3.25%
/Users/felipefernandez/trading_signals/venv/lib/python3.9/site-packages/urllib3/__init__.py:35: NotOpenSSLWarning: urllib3 v2 only supports OpenSSL 1.1.1+, currently the 'ssl' module is compiled with 'LibreSSL 2.8.3'. See: https://github.com/urllib3/urllib3/issues/3020
  warnings.warn(

[2026-05-03 15:00:00] Iniciando ciclo automático...
Horario: Mercado cerrado (fin de semana)
Señales AT guardadas: 0
Posición: SQM | precio 92.68 | PnL -4.38%
Posición: COPEC | precio 6,303.00 | PnL +3.25%
/Users/felipefernandez/trading_signals/venv/lib/python3.9/site-packages/urllib3/__init__.py:35: NotOpenSSLWarning: urllib3 v2 only supports OpenSSL 1.1.1+, currently the 'ssl' module is compiled with 'LibreSSL 2.8.3'. See: https://github.com/urllib3/urllib3/issues/3020
  warnings.warn(

[2026-05-03 15:15:00] Iniciando ciclo automático...
Horario: Mercado cerrado (fin de semana)
Señales AT guardadas: 1
Posición: SQM | precio 92.68 | PnL -4.38%
Posición: COPEC | precio 6,303.00 | PnL +3.25%
/Users/felipefernandez/trading_signals/venv/lib/python3.9/site-packages/urllib3/__init__.py:35: NotOpenSSLWarning: urllib3 v2 only supports OpenSSL 1.1.1+, currently the 'ssl' module is compiled with 'LibreSSL 2.8.3'. See: https://github.com/urllib3/urllib3/issues/3020
  warnings.warn(

[2026-05-03 15:20:00] Iniciando ciclo automático...
Horario: Mercado cerrado (fin de semana)
Señales AT guardadas: 1
Posición: SQM | precio 92.68 | PnL -4.38%
Posición: COPEC | precio 6,303.00 | PnL +3.25%
/Users/felipefernandez/trading_signals/venv/lib/python3.9/site-packages/urllib3/__init__.py:35: NotOpenSSLWarning: urllib3 v2 only supports OpenSSL 1.1.1+, currently the 'ssl' module is compiled with 'LibreSSL 2.8.3'. See: https://github.com/urllib3/urllib3/issues/3020
  warnings.warn(

[2026-05-03 15:25:01] Iniciando ciclo automático...
Horario: Mercado cerrado (fin de semana)
Señales AT guardadas: 0
Posición: SQM | precio 92.68 | PnL -4.38%
Posición: COPEC | precio 6,303.00 | PnL +3.25%
/Users/felipefernandez/trading_signals/venv/lib/python3.9/site-packages/urllib3/__init__.py:35: NotOpenSSLWarning: urllib3 v2 only supports OpenSSL 1.1.1+, currently the 'ssl' module is compiled with 'LibreSSL 2.8.3'. See: https://github.com/urllib3/urllib3/issues/3020
  warnings.warn(

[2026-05-03 15:30:01] Iniciando ciclo automático...
Horario: Mercado cerrado (fin de semana)
Señales AT guardadas: 0
Posición: SQM | precio 92.68 | PnL -4.38%
Posición: COPEC | precio 6,303.00 | PnL +3.25%
/Users/felipefernandez/trading_signals/venv/lib/python3.9/site-packages/urllib3/__init__.py:35: NotOpenSSLWarning: urllib3 v2 only supports OpenSSL 1.1.1+, currently the 'ssl' module is compiled with 'LibreSSL 2.8.3'. See: https://github.com/urllib3/urllib3/issues/3020
  warnings.warn(

[2026-05-03 15:35:00] Iniciando ciclo automático...
Horario: Mercado cerrado (fin de semana)
Señales AT guardadas: 1
Posición: SQM | precio 92.68 | PnL -4.38%
Posición: COPEC | precio 6,303.00 | PnL +3.25%
/Users/felipefernandez/trading_signals/venv/lib/python3.9/site-packages/urllib3/__init__.py:35: NotOpenSSLWarning: urllib3 v2 only supports OpenSSL 1.1.1+, currently the 'ssl' module is compiled with 'LibreSSL 2.8.3'. See: https://github.com/urllib3/urllib3/issues/3020
  warnings.warn(

[2026-05-03 15:40:00] Iniciando ciclo automático...
Horario: Mercado cerrado (fin de semana)
Señales AT guardadas: 1
Posición: SQM | precio 92.68 | PnL -4.38%
Posición: COPEC | precio 6,303.00 | PnL +3.25%
/Users/felipefernandez/trading_signals/venv/lib/python3.9/site-packages/urllib3/__init__.py:35: NotOpenSSLWarning: urllib3 v2 only supports OpenSSL 1.1.1+, currently the 'ssl' module is compiled with 'LibreSSL 2.8.3'. See: https://github.com/urllib3/urllib3/issues/3020
  warnings.warn(

[2026-05-03 15:45:00] Iniciando ciclo automático...
Horario: Mercado cerrado (fin de semana)
Señales AT guardadas: 1
Posición: SQM | precio 92.68 | PnL -4.38%
Posición: COPEC | precio 6,303.00 | PnL +3.25%
/Users/felipefernandez/trading_signals/venv/lib/python3.9/site-packages/urllib3/__init__.py:35: NotOpenSSLWarning: urllib3 v2 only supports OpenSSL 1.1.1+, currently the 'ssl' module is compiled with 'LibreSSL 2.8.3'. See: https://github.com/urllib3/urllib3/issues/3020
  warnings.warn(

[2026-05-03 15:50:00] Iniciando ciclo automático...
Horario: Mercado cerrado (fin de semana)
Señales AT guardadas: 0
Posición: SQM | precio 92.68 | PnL -4.38%
Posición: COPEC | precio 6,303.00 | PnL +3.25%
/Users/felipefernandez/trading_signals/venv/lib/python3.9/site-packages/urllib3/__init__.py:35: NotOpenSSLWarning: urllib3 v2 only supports OpenSSL 1.1.1+, currently the 'ssl' module is compiled with 'LibreSSL 2.8.3'. See: https://github.com/urllib3/urllib3/issues/3020
  warnings.warn(

[2026-05-03 15:55:01] Iniciando ciclo automático...
Horario: Mercado cerrado (fin de semana)
Señales AT guardadas: 1
Posición: SQM | precio 92.68 | PnL -4.38%
Posición: COPEC | precio 6,303.00 | PnL +3.25%
/Users/felipefernandez/trading_signals/venv/lib/python3.9/site-packages/urllib3/__init__.py:35: NotOpenSSLWarning: urllib3 v2 only supports OpenSSL 1.1.1+, currently the 'ssl' module is compiled with 'LibreSSL 2.8.3'. See: https://github.com/urllib3/urllib3/issues/3020
  warnings.warn(

[2026-05-03 16:00:12] Iniciando ciclo automático...
Horario: Mercado cerrado (fin de semana)
Señales AT guardadas: 0
Posición: SQM | precio 92.68 | PnL -4.38%
Posición: COPEC | precio 6,303.00 | PnL +3.25%
/Users/felipefernandez/trading_signals/venv/lib/python3.9/site-packages/urllib3/__init__.py:35: NotOpenSSLWarning: urllib3 v2 only supports OpenSSL 1.1.1+, currently the 'ssl' module is compiled with 'LibreSSL 2.8.3'. See: https://github.com/urllib3/urllib3/issues/3020
  warnings.warn(

[2026-05-03 16:05:00] Iniciando ciclo automático...
Horario: Mercado cerrado (fin de semana)
Señales AT guardadas: 0
Posición: SQM | precio 92.68 | PnL -4.38%
Posición: COPEC | precio 6,303.00 | PnL +3.25%
/Users/felipefernandez/trading_signals/venv/lib/python3.9/site-packages/urllib3/__init__.py:35: NotOpenSSLWarning: urllib3 v2 only supports OpenSSL 1.1.1+, currently the 'ssl' module is compiled with 'LibreSSL 2.8.3'. See: https://github.com/urllib3/urllib3/issues/3020
  warnings.warn(

[2026-05-03 16:10:00] Iniciando ciclo automático...
Horario: Mercado cerrado (fin de semana)
Señales AT guardadas: 0
Posición: SQM | precio 92.68 | PnL -4.38%
Posición: COPEC | precio 6,303.00 | PnL +3.25%
/Users/felipefernandez/trading_signals/venv/lib/python3.9/site-packages/urllib3/__init__.py:35: NotOpenSSLWarning: urllib3 v2 only supports OpenSSL 1.1.1+, currently the 'ssl' module is compiled with 'LibreSSL 2.8.3'. See: https://github.com/urllib3/urllib3/issues/3020
  warnings.warn(

[2026-05-03 16:15:00] Iniciando ciclo automático...
Horario: Mercado cerrado (fin de semana)
Señales AT guardadas: 0
Posición: SQM | precio 92.68 | PnL -4.38%
Posición: COPEC | precio 6,303.00 | PnL +3.25%
/Users/felipefernandez/trading_signals/venv/lib/python3.9/site-packages/urllib3/__init__.py:35: NotOpenSSLWarning: urllib3 v2 only supports OpenSSL 1.1.1+, currently the 'ssl' module is compiled with 'LibreSSL 2.8.3'. See: https://github.com/urllib3/urllib3/issues/3020
  warnings.warn(

[2026-05-03 16:20:00] Iniciando ciclo automático...
Horario: Mercado cerrado (fin de semana)
Señales AT guardadas: 0
Posición: SQM | precio 92.68 | PnL -4.38%
Posición: COPEC | precio 6,303.00 | PnL +3.25%
/Users/felipefernandez/trading_signals/venv/lib/python3.9/site-packages/urllib3/__init__.py:35: NotOpenSSLWarning: urllib3 v2 only supports OpenSSL 1.1.1+, currently the 'ssl' module is compiled with 'LibreSSL 2.8.3'. See: https://github.com/urllib3/urllib3/issues/3020
  warnings.warn(

[2026-05-03 16:25:01] Iniciando ciclo automático...
Horario: Mercado cerrado (fin de semana)
Señales AT guardadas: 1
Posición: SQM | precio 92.68 | PnL -4.38%
Posición: COPEC | precio 6,303.00 | PnL +3.25%
/Users/felipefernandez/trading_signals/venv/lib/python3.9/site-packages/urllib3/__init__.py:35: NotOpenSSLWarning: urllib3 v2 only supports OpenSSL 1.1.1+, currently the 'ssl' module is compiled with 'LibreSSL 2.8.3'. See: https://github.com/urllib3/urllib3/issues/3020
  warnings.warn(

[2026-05-03 16:30:01] Iniciando ciclo automático...
Horario: Mercado cerrado (fin de semana)
Señales AT guardadas: 1
Posición: SQM | precio 92.68 | PnL -4.38%
Posición: COPEC | precio 6,303.00 | PnL +3.25%
/Users/felipefernandez/trading_signals/venv/lib/python3.9/site-packages/urllib3/__init__.py:35: NotOpenSSLWarning: urllib3 v2 only supports OpenSSL 1.1.1+, currently the 'ssl' module is compiled with 'LibreSSL 2.8.3'. See: https://github.com/urllib3/urllib3/issues/3020
  warnings.warn(

[2026-05-03 16:35:00] Iniciando ciclo automático...
Horario: Mercado cerrado (fin de semana)
Señales AT guardadas: 1
Posición: SQM | precio 92.68 | PnL -4.38%
Posición: COPEC | precio 6,303.00 | PnL +3.25%
/Users/felipefernandez/trading_signals/venv/lib/python3.9/site-packages/urllib3/__init__.py:35: NotOpenSSLWarning: urllib3 v2 only supports OpenSSL 1.1.1+, currently the 'ssl' module is compiled with 'LibreSSL 2.8.3'. See: https://github.com/urllib3/urllib3/issues/3020
  warnings.warn(

[2026-05-03 16:40:00] Iniciando ciclo automático...
Horario: Mercado cerrado (fin de semana)
Señales AT guardadas: 0
Posición: SQM | precio 92.68 | PnL -4.38%
Posición: COPEC | precio 6,303.00 | PnL +3.25%
/Users/felipefernandez/trading_signals/venv/lib/python3.9/site-packages/urllib3/__init__.py:35: NotOpenSSLWarning: urllib3 v2 only supports OpenSSL 1.1.1+, currently the 'ssl' module is compiled with 'LibreSSL 2.8.3'. See: https://github.com/urllib3/urllib3/issues/3020
  warnings.warn(

[2026-05-03 16:45:00] Iniciando ciclo automático...
Horario: Mercado cerrado (fin de semana)
Señales AT guardadas: 1
Posición: SQM | precio 92.68 | PnL -4.38%
Posición: COPEC | precio 6,303.00 | PnL +3.25%
/Users/felipefernandez/trading_signals/venv/lib/python3.9/site-packages/urllib3/__init__.py:35: NotOpenSSLWarning: urllib3 v2 only supports OpenSSL 1.1.1+, currently the 'ssl' module is compiled with 'LibreSSL 2.8.3'. See: https://github.com/urllib3/urllib3/issues/3020
  warnings.warn(

[2026-05-03 16:50:00] Iniciando ciclo automático...
Horario: Mercado cerrado (fin de semana)
Señales AT guardadas: 1
Posición: SQM | precio 92.68 | PnL -4.38%
Posición: COPEC | precio 6,303.00 | PnL +3.25%
/Users/felipefernandez/trading_signals/venv/lib/python3.9/site-packages/urllib3/__init__.py:35: NotOpenSSLWarning: urllib3 v2 only supports OpenSSL 1.1.1+, currently the 'ssl' module is compiled with 'LibreSSL 2.8.3'. See: https://github.com/urllib3/urllib3/issues/3020
  warnings.warn(

[2026-05-03 16:55:00] Iniciando ciclo automático...
Horario: Mercado cerrado (fin de semana)
Señales AT guardadas: 0
Posición: SQM | precio 92.68 | PnL -4.38%
Posición: COPEC | precio 6,303.00 | PnL +3.25%
/Users/felipefernandez/trading_signals/venv/lib/python3.9/site-packages/urllib3/__init__.py:35: NotOpenSSLWarning: urllib3 v2 only supports OpenSSL 1.1.1+, currently the 'ssl' module is compiled with 'LibreSSL 2.8.3'. See: https://github.com/urllib3/urllib3/issues/3020
  warnings.warn(

[2026-05-03 18:28:49] Iniciando ciclo automático...
Horario: Mercado cerrado (fin de semana)
Señales AT guardadas: 0
Posición: SQM | precio 92.68 | PnL -4.38%
Posición: COPEC | precio 6,303.00 | PnL +3.25%
/Users/felipefernandez/trading_signals/venv/lib/python3.9/site-packages/urllib3/__init__.py:35: NotOpenSSLWarning: urllib3 v2 only supports OpenSSL 1.1.1+, currently the 'ssl' module is compiled with 'LibreSSL 2.8.3'. See: https://github.com/urllib3/urllib3/issues/3020
  warnings.warn(

[2026-05-03 18:30:00] Iniciando ciclo automático...
Horario: Mercado cerrado (fin de semana)
Señales AT guardadas: 1
Posición: SQM | precio 92.68 | PnL -4.38%
Posición: COPEC | precio 6,303.00 | PnL +3.25%
/Users/felipefernandez/trading_signals/venv/lib/python3.9/site-packages/urllib3/__init__.py:35: NotOpenSSLWarning: urllib3 v2 only supports OpenSSL 1.1.1+, currently the 'ssl' module is compiled with 'LibreSSL 2.8.3'. See: https://github.com/urllib3/urllib3/issues/3020
  warnings.warn(

[2026-05-03 18:35:00] Iniciando ciclo automático...
Horario: Mercado cerrado (fin de semana)
Señales AT guardadas: 1
Posición: SQM | precio 92.68 | PnL -4.38%
Posición: COPEC | precio 6,303.00 | PnL +3.25%
/Users/felipefernandez/trading_signals/venv/lib/python3.9/site-packages/urllib3/__init__.py:35: NotOpenSSLWarning: urllib3 v2 only supports OpenSSL 1.1.1+, currently the 'ssl' module is compiled with 'LibreSSL 2.8.3'. See: https://github.com/urllib3/urllib3/issues/3020
  warnings.warn(

[2026-05-03 18:40:01] Iniciando ciclo automático...
Horario: Mercado cerrado (fin de semana)
Señales AT guardadas: 1
Posición: SQM | precio 92.68 | PnL -4.38%
Posición: COPEC | precio 6,303.00 | PnL +3.25%
/Users/felipefernandez/trading_signals/venv/lib/python3.9/site-packages/urllib3/__init__.py:35: NotOpenSSLWarning: urllib3 v2 only supports OpenSSL 1.1.1+, currently the 'ssl' module is compiled with 'LibreSSL 2.8.3'. See: https://github.com/urllib3/urllib3/issues/3020
  warnings.warn(

[2026-05-03 18:45:00] Iniciando ciclo automático...
Horario: Mercado cerrado (fin de semana)
Señales AT guardadas: 1
Posición: SQM | precio 92.68 | PnL -4.38%
Posición: COPEC | precio 6,303.00 | PnL +3.25%
/Users/felipefernandez/trading_signals/venv/lib/python3.9/site-packages/urllib3/__init__.py:35: NotOpenSSLWarning: urllib3 v2 only supports OpenSSL 1.1.1+, currently the 'ssl' module is compiled with 'LibreSSL 2.8.3'. See: https://github.com/urllib3/urllib3/issues/3020
  warnings.warn(

[2026-05-03 18:50:00] Iniciando ciclo automático...
Horario: Mercado cerrado (fin de semana)
Señales AT guardadas: 1
Posición: SQM | precio 92.68 | PnL -4.38%
Posición: COPEC | precio 6,303.00 | PnL +3.25%
/Users/felipefernandez/trading_signals/venv/lib/python3.9/site-packages/urllib3/__init__.py:35: NotOpenSSLWarning: urllib3 v2 only supports OpenSSL 1.1.1+, currently the 'ssl' module is compiled with 'LibreSSL 2.8.3'. See: https://github.com/urllib3/urllib3/issues/3020
  warnings.warn(

[2026-05-03 18:55:00] Iniciando ciclo automático...
Horario: Mercado cerrado (fin de semana)
Señales AT guardadas: 0
Posición: SQM | precio 92.68 | PnL -4.38%
Posición: COPEC | precio 6,303.00 | PnL +3.25%
/Users/felipefernandez/trading_signals/venv/lib/python3.9/site-packages/urllib3/__init__.py:35: NotOpenSSLWarning: urllib3 v2 only supports OpenSSL 1.1.1+, currently the 'ssl' module is compiled with 'LibreSSL 2.8.3'. See: https://github.com/urllib3/urllib3/issues/3020
  warnings.warn(

[2026-05-03 19:00:01] Iniciando ciclo automático...
Horario: Mercado cerrado (fin de semana)
Señales AT guardadas: 0
Posición: SQM | precio 92.68 | PnL -4.38%
Posición: COPEC | precio 6,303.00 | PnL +3.25%
/Users/felipefernandez/trading_signals/venv/lib/python3.9/site-packages/urllib3/__init__.py:35: NotOpenSSLWarning: urllib3 v2 only supports OpenSSL 1.1.1+, currently the 'ssl' module is compiled with 'LibreSSL 2.8.3'. See: https://github.com/urllib3/urllib3/issues/3020
  warnings.warn(

[2026-05-03 19:05:00] Iniciando ciclo automático...
Horario: Mercado cerrado (fin de semana)
Señales AT guardadas: 0
Posición: SQM | precio 92.68 | PnL -4.38%
Posición: COPEC | precio 6,303.00 | PnL +3.25%
/Users/felipefernandez/trading_signals/venv/lib/python3.9/site-packages/urllib3/__init__.py:35: NotOpenSSLWarning: urllib3 v2 only supports OpenSSL 1.1.1+, currently the 'ssl' module is compiled with 'LibreSSL 2.8.3'. See: https://github.com/urllib3/urllib3/issues/3020
  warnings.warn(

[2026-05-03 19:10:00] Iniciando ciclo automático...
Horario: Mercado cerrado (fin de semana)
Ejecutando 1 señal(es) Crypto 24/7...
Señales AT guardadas: 1
Posición: BTC | precio 79,114.07 | PnL +0.04%
/Users/felipefernandez/trading_signals/venv/lib/python3.9/site-packages/urllib3/__init__.py:35: NotOpenSSLWarning: urllib3 v2 only supports OpenSSL 1.1.1+, currently the 'ssl' module is compiled with 'LibreSSL 2.8.3'. See: https://github.com/urllib3/urllib3/issues/3020
  warnings.warn(

[2026-05-03 19:15:01] Iniciando ciclo automático...
Horario: Mercado cerrado (fin de semana)
Ejecutando 1 señal(es) Crypto 24/7...
Señales AT guardadas: 0
Posición: BTC | precio 79,019.37 | PnL +0.16%
/Users/felipefernandez/trading_signals/venv/lib/python3.9/site-packages/urllib3/__init__.py:35: NotOpenSSLWarning: urllib3 v2 only supports OpenSSL 1.1.1+, currently the 'ssl' module is compiled with 'LibreSSL 2.8.3'. See: https://github.com/urllib3/urllib3/issues/3020
  warnings.warn(

[2026-05-03 19:20:00] Iniciando ciclo automático...
Horario: Mercado cerrado (fin de semana)
Ejecutando 1 señal(es) Crypto 24/7...
Señales AT guardadas: 1
Posición: BTC | precio 78,976.94 | PnL +0.22%
/Users/felipefernandez/trading_signals/venv/lib/python3.9/site-packages/urllib3/__init__.py:35: NotOpenSSLWarning: urllib3 v2 only supports OpenSSL 1.1.1+, currently the 'ssl' module is compiled with 'LibreSSL 2.8.3'. See: https://github.com/urllib3/urllib3/issues/3020
  warnings.warn(

[2026-05-03 19:25:00] Iniciando ciclo automático...
Horario: Mercado cerrado (fin de semana)
Ejecutando 1 señal(es) Crypto 24/7...
Señales AT guardadas: 0
Posición: BTC | precio 78,705.97 | PnL +0.56%
/Users/felipefernandez/trading_signals/venv/lib/python3.9/site-packages/urllib3/__init__.py:35: NotOpenSSLWarning: urllib3 v2 only supports OpenSSL 1.1.1+, currently the 'ssl' module is compiled with 'LibreSSL 2.8.3'. See: https://github.com/urllib3/urllib3/issues/3020
  warnings.warn(
/Users/felipefernandez/trading_signals/venv/lib/python3.9/site-packages/pytrends/request.py:260: FutureWarning: Downcasting object dtype arrays on .fillna, .ffill, .bfill is deprecated and will change in a future version. Call result.infer_objects(copy=False) instead. To opt-in to the future behavior, set `pd.set_option('future.no_silent_downcasting', True)`
  df = df.fillna(False)
/Users/felipefernandez/trading_signals/venv/lib/python3.9/site-packages/pytrends/request.py:260: FutureWarning: Downcasting object dtype arrays on .fillna, .ffill, .bfill is deprecated and will change in a future version. Call result.infer_objects(copy=False) instead. To opt-in to the future behavior, set `pd.set_option('future.no_silent_downcasting', True)`
  df = df.fillna(False)
/Users/felipefernandez/trading_signals/venv/lib/python3.9/site-packages/pytrends/request.py:260: FutureWarning: Downcasting object dtype arrays on .fillna, .ffill, .bfill is deprecated and will change in a future version. Call result.infer_objects(copy=False) instead. To opt-in to the future behavior, set `pd.set_option('future.no_silent_downcasting', True)`
  df = df.fillna(False)
/Users/felipefernandez/trading_signals/venv/lib/python3.9/site-packages/pytrends/request.py:260: FutureWarning: Downcasting object dtype arrays on .fillna, .ffill, .bfill is deprecated and will change in a future version. Call result.infer_objects(copy=False) instead. To opt-in to the future behavior, set `pd.set_option('future.no_silent_downcasting', True)`
  df = df.fillna(False)
/Users/felipefernandez/trading_signals/venv/lib/python3.9/site-packages/pytrends/request.py:260: FutureWarning: Downcasting object dtype arrays on .fillna, .ffill, .bfill is deprecated and will change in a future version. Call result.infer_objects(copy=False) instead. To opt-in to the future behavior, set `pd.set_option('future.no_silent_downcasting', True)`
  df = df.fillna(False)

[2026-05-03 19:30:00] Iniciando ciclo automático...
Horario: Mercado cerrado (fin de semana)
Ejecutando 1 señal(es) Crypto 24/7...
Señales AT guardadas: 1
Posición: BTC | precio 78,666.55 | PnL +0.61%
/Users/felipefernandez/trading_signals/venv/lib/python3.9/site-packages/urllib3/__init__.py:35: NotOpenSSLWarning: urllib3 v2 only supports OpenSSL 1.1.1+, currently the 'ssl' module is compiled with 'LibreSSL 2.8.3'. See: https://github.com/urllib3/urllib3/issues/3020
  warnings.warn(

[2026-05-03 19:35:00] Iniciando ciclo automático...
Horario: Mercado cerrado (fin de semana)
Ejecutando 1 señal(es) Crypto 24/7...
Señales AT guardadas: 1
Posición: BTC | precio 78,623.99 | PnL +0.66%
/Users/felipefernandez/trading_signals/venv/lib/python3.9/site-packages/urllib3/__init__.py:35: NotOpenSSLWarning: urllib3 v2 only supports OpenSSL 1.1.1+, currently the 'ssl' module is compiled with 'LibreSSL 2.8.3'. See: https://github.com/urllib3/urllib3/issues/3020
  warnings.warn(

[2026-05-03 19:40:00] Iniciando ciclo automático...
Horario: Mercado cerrado (fin de semana)
Ejecutando 1 señal(es) Crypto 24/7...
Señales AT guardadas: 0
Posición: BTC | precio 78,673.47 | PnL +0.60%
/Users/felipefernandez/trading_signals/venv/lib/python3.9/site-packages/urllib3/__init__.py:35: NotOpenSSLWarning: urllib3 v2 only supports OpenSSL 1.1.1+, currently the 'ssl' module is compiled with 'LibreSSL 2.8.3'. See: https://github.com/urllib3/urllib3/issues/3020
  warnings.warn(

[2026-05-03 19:45:01] Iniciando ciclo automático...
Horario: Mercado cerrado (fin de semana)
Ejecutando 1 señal(es) Crypto 24/7...
Señales AT guardadas: 0
Posición: BTC | precio 78,488.68 | PnL +0.83%
/Users/felipefernandez/trading_signals/venv/lib/python3.9/site-packages/urllib3/__init__.py:35: NotOpenSSLWarning: urllib3 v2 only supports OpenSSL 1.1.1+, currently the 'ssl' module is compiled with 'LibreSSL 2.8.3'. See: https://github.com/urllib3/urllib3/issues/3020
  warnings.warn(

[2026-05-03 19:50:00] Iniciando ciclo automático...
Horario: Mercado cerrado (fin de semana)
Error CMF: HTTPSConnectionPool(host='www.cmfchile.cl', port=443): Max retries exceeded with url: /institucional/hechos/hechos_portada.php (Caused by ConnectTimeoutError(<HTTPSConnection(host='www.cmfchile.cl', port=443) at 0x10ab0ed90>, 'Connection to www.cmfchile.cl timed out. (connect timeout=12)'))
Ejecutando 1 señal(es) Crypto 24/7...
Señales AT guardadas: 1
Posición: BTC | precio 78,542.00 | PnL +0.77%
/Users/felipefernandez/trading_signals/venv/lib/python3.9/site-packages/urllib3/__init__.py:35: NotOpenSSLWarning: urllib3 v2 only supports OpenSSL 1.1.1+, currently the 'ssl' module is compiled with 'LibreSSL 2.8.3'. See: https://github.com/urllib3/urllib3/issues/3020
  warnings.warn(

[2026-05-03 19:55:00] Iniciando ciclo automático...
Horario: Mercado cerrado (fin de semana)
Ejecutando 1 señal(es) Crypto 24/7...
Señales AT guardadas: 1
Posición: BTC | precio 78,576.57 | PnL +0.72%
/Users/felipefernandez/trading_signals/venv/lib/python3.9/site-packages/urllib3/__init__.py:35: NotOpenSSLWarning: urllib3 v2 only supports OpenSSL 1.1.1+, currently the 'ssl' module is compiled with 'LibreSSL 2.8.3'. See: https://github.com/urllib3/urllib3/issues/3020
  warnings.warn(

[2026-05-03 20:00:00] Iniciando ciclo automático...
Horario: Mercado cerrado (fin de semana)
Ejecutando 1 señal(es) Crypto 24/7...
Señales AT guardadas: 0
Posición: BTC | precio 78,476.26 | PnL +0.85%
/Users/felipefernandez/trading_signals/venv/lib/python3.9/site-packages/urllib3/__init__.py:35: NotOpenSSLWarning: urllib3 v2 only supports OpenSSL 1.1.1+, currently the 'ssl' module is compiled with 'LibreSSL 2.8.3'. See: https://github.com/urllib3/urllib3/issues/3020
  warnings.warn(

[2026-05-03 20:05:00] Iniciando ciclo automático...
Horario: Mercado cerrado (fin de semana)
Error CMF: HTTPSConnectionPool(host='www.cmfchile.cl', port=443): Max retries exceeded with url: /institucional/hechos/hechos_portada.php (Caused by ConnectTimeoutError(<HTTPSConnection(host='www.cmfchile.cl', port=443) at 0x10eaa22b0>, 'Connection to www.cmfchile.cl timed out. (connect timeout=12)'))
Error CMF: HTTPSConnectionPool(host='www.cmfchile.cl', port=443): Max retries exceeded with url: /institucional/hechos/hechos_portada.php (Caused by ConnectTimeoutError(<HTTPSConnection(host='www.cmfchile.cl', port=443) at 0x10ea6a940>, 'Connection to www.cmfchile.cl timed out. (connect timeout=12)'))
Ejecutando 1 señal(es) Crypto 24/7...
Señales AT guardadas: 0
Posición: BTC | precio 78,516.96 | PnL +0.80%
/Users/felipefernandez/trading_signals/venv/lib/python3.9/site-packages/urllib3/__init__.py:35: NotOpenSSLWarning: urllib3 v2 only supports OpenSSL 1.1.1+, currently the 'ssl' module is compiled with 'LibreSSL 2.8.3'. See: https://github.com/urllib3/urllib3/issues/3020
  warnings.warn(

[2026-05-03 20:10:00] Iniciando ciclo automático...
Horario: Mercado cerrado (fin de semana)
Error CMF: HTTPSConnectionPool(host='www.cmfchile.cl', port=443): Max retries exceeded with url: /institucional/hechos/hechos_portada.php (Caused by ConnectTimeoutError(<HTTPSConnection(host='www.cmfchile.cl', port=443) at 0x109e258e0>, 'Connection to www.cmfchile.cl timed out. (connect timeout=12)'))
Error CMF: HTTPSConnectionPool(host='www.cmfchile.cl', port=443): Max retries exceeded with url: /institucional/hechos/hechos_portada.php (Caused by ConnectTimeoutError(<HTTPSConnection(host='www.cmfchile.cl', port=443) at 0x109f70b50>, 'Connection to www.cmfchile.cl timed out. (connect timeout=12)'))
Ejecutando 1 señal(es) Crypto 24/7...
Señales AT guardadas: 0
Posición: BTC | precio 78,491.02 | PnL +0.83%
/Users/felipefernandez/trading_signals/venv/lib/python3.9/site-packages/urllib3/__init__.py:35: NotOpenSSLWarning: urllib3 v2 only supports OpenSSL 1.1.1+, currently the 'ssl' module is compiled with 'LibreSSL 2.8.3'. See: https://github.com/urllib3/urllib3/issues/3020
  warnings.warn(

[2026-05-03 20:15:00] Iniciando ciclo automático...
Horario: Mercado cerrado (fin de semana)
Error CMF: HTTPSConnectionPool(host='www.cmfchile.cl', port=443): Max retries exceeded with url: /institucional/hechos/hechos_portada.php (Caused by ConnectTimeoutError(<HTTPSConnection(host='www.cmfchile.cl', port=443) at 0x10c572c40>, 'Connection to www.cmfchile.cl timed out. (connect timeout=12)'))
Error CMF: HTTPSConnectionPool(host='www.cmfchile.cl', port=443): Max retries exceeded with url: /institucional/hechos/hechos_portada.php (Caused by ConnectTimeoutError(<HTTPSConnection(host='www.cmfchile.cl', port=443) at 0x10cda2be0>, 'Connection to www.cmfchile.cl timed out. (connect timeout=12)'))
Ejecutando 1 señal(es) Crypto 24/7...
Señales AT guardadas: 0
Posición: BTC | precio 78,463.99 | PnL +0.87%
/Users/felipefernandez/trading_signals/venv/lib/python3.9/site-packages/urllib3/__init__.py:35: NotOpenSSLWarning: urllib3 v2 only supports OpenSSL 1.1.1+, currently the 'ssl' module is compiled with 'LibreSSL 2.8.3'. See: https://github.com/urllib3/urllib3/issues/3020
  warnings.warn(

[2026-05-03 20:20:01] Iniciando ciclo automático...
Horario: Mercado cerrado (fin de semana)
Error CMF: HTTPSConnectionPool(host='www.cmfchile.cl', port=443): Max retries exceeded with url: /institucional/hechos/hechos_portada.php (Caused by ConnectTimeoutError(<HTTPSConnection(host='www.cmfchile.cl', port=443) at 0x10c5fbeb0>, 'Connection to www.cmfchile.cl timed out. (connect timeout=12)'))
Error CMF: HTTPSConnectionPool(host='www.cmfchile.cl', port=443): Max retries exceeded with url: /institucional/hechos/hechos_portada.php (Caused by ConnectTimeoutError(<HTTPSConnection(host='www.cmfchile.cl', port=443) at 0x10cc79130>, 'Connection to www.cmfchile.cl timed out. (connect timeout=12)'))
Ejecutando 1 señal(es) Crypto 24/7...
Señales AT guardadas: 0
Posición: BTC | precio 78,414.51 | PnL +0.93%
/Users/felipefernandez/trading_signals/venv/lib/python3.9/site-packages/urllib3/__init__.py:35: NotOpenSSLWarning: urllib3 v2 only supports OpenSSL 1.1.1+, currently the 'ssl' module is compiled with 'LibreSSL 2.8.3'. See: https://github.com/urllib3/urllib3/issues/3020
  warnings.warn(

[2026-05-03 20:25:00] Iniciando ciclo automático...
Horario: Mercado cerrado (fin de semana)
Error CMF: HTTPSConnectionPool(host='www.cmfchile.cl', port=443): Max retries exceeded with url: /institucional/hechos/hechos_portada.php (Caused by ConnectTimeoutError(<HTTPSConnection(host='www.cmfchile.cl', port=443) at 0x10e9acdf0>, 'Connection to www.cmfchile.cl timed out. (connect timeout=12)'))
Error CMF: HTTPSConnectionPool(host='www.cmfchile.cl', port=443): Max retries exceeded with url: /institucional/hechos/hechos_portada.php (Caused by ConnectTimeoutError(<HTTPSConnection(host='www.cmfchile.cl', port=443) at 0x10e8d5340>, 'Connection to www.cmfchile.cl timed out. (connect timeout=12)'))
Ejecutando 1 señal(es) Crypto 24/7...
Señales AT guardadas: 0
Posición: BTC | precio 78,327.53 | PnL +1.04%
/Users/felipefernandez/trading_signals/venv/lib/python3.9/site-packages/urllib3/__init__.py:35: NotOpenSSLWarning: urllib3 v2 only supports OpenSSL 1.1.1+, currently the 'ssl' module is compiled with 'LibreSSL 2.8.3'. See: https://github.com/urllib3/urllib3/issues/3020
  warnings.warn(

[2026-05-03 20:30:00] Iniciando ciclo automático...
Horario: Mercado cerrado (fin de semana)
Error CMF: HTTPSConnectionPool(host='www.cmfchile.cl', port=443): Max retries exceeded with url: /institucional/hechos/hechos_portada.php (Caused by ConnectTimeoutError(<HTTPSConnection(host='www.cmfchile.cl', port=443) at 0x10c8c7280>, 'Connection to www.cmfchile.cl timed out. (connect timeout=12)'))
Error CMF: HTTPSConnectionPool(host='www.cmfchile.cl', port=443): Max retries exceeded with url: /institucional/hechos/hechos_portada.php (Caused by ConnectTimeoutError(<HTTPSConnection(host='www.cmfchile.cl', port=443) at 0x10c708610>, 'Connection to www.cmfchile.cl timed out. (connect timeout=12)'))
Ejecutando 1 señal(es) Crypto 24/7...
Señales AT guardadas: 0
Posición: BTC | precio 78,337.86 | PnL +1.03%
/Users/felipefernandez/trading_signals/venv/lib/python3.9/site-packages/urllib3/__init__.py:35: NotOpenSSLWarning: urllib3 v2 only supports OpenSSL 1.1.1+, currently the 'ssl' module is compiled with 'LibreSSL 2.8.3'. See: https://github.com/urllib3/urllib3/issues/3020
  warnings.warn(
/Users/felipefernandez/trading_signals/venv/lib/python3.9/site-packages/pytrends/request.py:260: FutureWarning: Downcasting object dtype arrays on .fillna, .ffill, .bfill is deprecated and will change in a future version. Call result.infer_objects(copy=False) instead. To opt-in to the future behavior, set `pd.set_option('future.no_silent_downcasting', True)`
  df = df.fillna(False)
/Users/felipefernandez/trading_signals/venv/lib/python3.9/site-packages/pytrends/request.py:260: FutureWarning: Downcasting object dtype arrays on .fillna, .ffill, .bfill is deprecated and will change in a future version. Call result.infer_objects(copy=False) instead. To opt-in to the future behavior, set `pd.set_option('future.no_silent_downcasting', True)`
  df = df.fillna(False)
/Users/felipefernandez/trading_signals/venv/lib/python3.9/site-packages/pytrends/request.py:260: FutureWarning: Downcasting object dtype arrays on .fillna, .ffill, .bfill is deprecated and will change in a future version. Call result.infer_objects(copy=False) instead. To opt-in to the future behavior, set `pd.set_option('future.no_silent_downcasting', True)`
  df = df.fillna(False)

[2026-05-03 20:35:01] Iniciando ciclo automático...
Horario: Mercado cerrado (fin de semana)
Error Trends ['SQM', 'litio chile', 'lithium chile']: The request failed: Google returned a response with code 429
Error Trends ['Copec', 'bencina chile', 'petroleo chile']: The request failed: Google returned a response with code 429
Error CMF: HTTPSConnectionPool(host='www.cmfchile.cl', port=443): Max retries exceeded with url: /institucional/hechos/hechos_portada.php (Caused by ConnectTimeoutError(<HTTPSConnection(host='www.cmfchile.cl', port=443) at 0x116bca1f0>, 'Connection to www.cmfchile.cl timed out. (connect timeout=12)'))
Ejecutando 1 señal(es) Crypto 24/7...
Señales AT guardadas: 0
Posición: BTC | precio 78,402.49 | PnL +0.94%
/Users/felipefernandez/trading_signals/venv/lib/python3.9/site-packages/urllib3/__init__.py:35: NotOpenSSLWarning: urllib3 v2 only supports OpenSSL 1.1.1+, currently the 'ssl' module is compiled with 'LibreSSL 2.8.3'. See: https://github.com/urllib3/urllib3/issues/3020
  warnings.warn(

[2026-05-03 20:40:01] Iniciando ciclo automático...
Horario: Mercado cerrado (fin de semana)
Error CMF: HTTPSConnectionPool(host='www.cmfchile.cl', port=443): Max retries exceeded with url: /institucional/hechos/hechos_portada.php (Caused by ConnectTimeoutError(<HTTPSConnection(host='www.cmfchile.cl', port=443) at 0x10e5fca30>, 'Connection to www.cmfchile.cl timed out. (connect timeout=12)'))
Error CMF: HTTPSConnectionPool(host='www.cmfchile.cl', port=443): Max retries exceeded with url: /institucional/hechos/hechos_portada.php (Caused by ConnectTimeoutError(<HTTPSConnection(host='www.cmfchile.cl', port=443) at 0x10e593340>, 'Connection to www.cmfchile.cl timed out. (connect timeout=12)'))
Ejecutando 1 señal(es) Crypto 24/7...
Señales AT guardadas: 0
Posición: BTC | precio 78,358.84 | PnL +1.00%
/Users/felipefernandez/trading_signals/venv/lib/python3.9/site-packages/urllib3/__init__.py:35: NotOpenSSLWarning: urllib3 v2 only supports OpenSSL 1.1.1+, currently the 'ssl' module is compiled with 'LibreSSL 2.8.3'. See: https://github.com/urllib3/urllib3/issues/3020
  warnings.warn(

[2026-05-03 20:45:00] Iniciando ciclo automático...
Horario: Mercado cerrado (fin de semana)
Error CMF: HTTPSConnectionPool(host='www.cmfchile.cl', port=443): Max retries exceeded with url: /institucional/hechos/hechos_portada.php (Caused by ConnectTimeoutError(<HTTPSConnection(host='www.cmfchile.cl', port=443) at 0x10a591160>, 'Connection to www.cmfchile.cl timed out. (connect timeout=12)'))
Error CMF: HTTPSConnectionPool(host='www.cmfchile.cl', port=443): Max retries exceeded with url: /institucional/hechos/hechos_portada.php (Caused by ConnectTimeoutError(<HTTPSConnection(host='www.cmfchile.cl', port=443) at 0x10a47f700>, 'Connection to www.cmfchile.cl timed out. (connect timeout=12)'))
Ejecutando 1 señal(es) Crypto 24/7...
Señales AT guardadas: 0
Posición: BTC | precio 78,426.15 | PnL +0.91%
/Users/felipefernandez/trading_signals/venv/lib/python3.9/site-packages/urllib3/__init__.py:35: NotOpenSSLWarning: urllib3 v2 only supports OpenSSL 1.1.1+, currently the 'ssl' module is compiled with 'LibreSSL 2.8.3'. See: https://github.com/urllib3/urllib3/issues/3020
  warnings.warn(

[2026-05-03 20:50:01] Iniciando ciclo automático...
Horario: Mercado cerrado (fin de semana)
Error CMF: HTTPSConnectionPool(host='www.cmfchile.cl', port=443): Max retries exceeded with url: /institucional/hechos/hechos_portada.php (Caused by ConnectTimeoutError(<HTTPSConnection(host='www.cmfchile.cl', port=443) at 0x10a7ec520>, 'Connection to www.cmfchile.cl timed out. (connect timeout=12)'))
Error CMF: HTTPSConnectionPool(host='www.cmfchile.cl', port=443): Max retries exceeded with url: /institucional/hechos/hechos_portada.php (Caused by ConnectTimeoutError(<HTTPSConnection(host='www.cmfchile.cl', port=443) at 0x10a796220>, 'Connection to www.cmfchile.cl timed out. (connect timeout=12)'))
Ejecutando 1 señal(es) Crypto 24/7...
Señales AT guardadas: 0
Posición: BTC | precio 78,453.96 | PnL +0.88%
/Users/felipefernandez/trading_signals/venv/lib/python3.9/site-packages/urllib3/__init__.py:35: NotOpenSSLWarning: urllib3 v2 only supports OpenSSL 1.1.1+, currently the 'ssl' module is compiled with 'LibreSSL 2.8.3'. See: https://github.com/urllib3/urllib3/issues/3020
  warnings.warn(

[2026-05-03 20:55:00] Iniciando ciclo automático...
Horario: Mercado cerrado (fin de semana)
Error CMF: HTTPSConnectionPool(host='www.cmfchile.cl', port=443): Max retries exceeded with url: /institucional/hechos/hechos_portada.php (Caused by ConnectTimeoutError(<HTTPSConnection(host='www.cmfchile.cl', port=443) at 0x119bdae80>, 'Connection to www.cmfchile.cl timed out. (connect timeout=12)'))
Error CMF: HTTPSConnectionPool(host='www.cmfchile.cl', port=443): Max retries exceeded with url: /institucional/hechos/hechos_portada.php (Caused by ConnectTimeoutError(<HTTPSConnection(host='www.cmfchile.cl', port=443) at 0x11a117f70>, 'Connection to www.cmfchile.cl timed out. (connect timeout=12)'))
Ejecutando 1 señal(es) Crypto 24/7...
Señales AT guardadas: 0
Posición: BTC | precio 78,445.99 | PnL +0.89%
/Users/felipefernandez/trading_signals/venv/lib/python3.9/site-packages/urllib3/__init__.py:35: NotOpenSSLWarning: urllib3 v2 only supports OpenSSL 1.1.1+, currently the 'ssl' module is compiled with 'LibreSSL 2.8.3'. See: https://github.com/urllib3/urllib3/issues/3020
  warnings.warn(

[2026-05-03 21:00:00] Iniciando ciclo automático...
Horario: Mercado cerrado (fin de semana)
Error CMF: HTTPSConnectionPool(host='www.cmfchile.cl', port=443): Max retries exceeded with url: /institucional/hechos/hechos_portada.php (Caused by ConnectTimeoutError(<HTTPSConnection(host='www.cmfchile.cl', port=443) at 0x120f049d0>, 'Connection to www.cmfchile.cl timed out. (connect timeout=12)'))
Ejecutando 1 señal(es) Crypto 24/7...
Señales AT guardadas: 0
Posición: BTC | precio 78,539.18 | PnL +0.77%
/Users/felipefernandez/trading_signals/venv/lib/python3.9/site-packages/urllib3/__init__.py:35: NotOpenSSLWarning: urllib3 v2 only supports OpenSSL 1.1.1+, currently the 'ssl' module is compiled with 'LibreSSL 2.8.3'. See: https://github.com/urllib3/urllib3/issues/3020
  warnings.warn(

[2026-05-03 21:05:01] Iniciando ciclo automático...
Horario: Mercado cerrado (fin de semana)
Error CMF: HTTPSConnectionPool(host='www.cmfchile.cl', port=443): Max retries exceeded with url: /institucional/hechos/hechos_portada.php (Caused by ConnectTimeoutError(<HTTPSConnection(host='www.cmfchile.cl', port=443) at 0x10df33970>, 'Connection to www.cmfchile.cl timed out. (connect timeout=12)'))
Ejecutando 1 señal(es) Crypto 24/7...
Señales AT guardadas: 0
Posición: BTC | precio 78,434.73 | PnL +0.90%
/Users/felipefernandez/trading_signals/venv/lib/python3.9/site-packages/urllib3/__init__.py:35: NotOpenSSLWarning: urllib3 v2 only supports OpenSSL 1.1.1+, currently the 'ssl' module is compiled with 'LibreSSL 2.8.3'. See: https://github.com/urllib3/urllib3/issues/3020
  warnings.warn(

[2026-05-04 00:00:01] Iniciando ciclo automático...
Horario: Fuera de horario NYSE (09:30-15:45 ET)
  Cargando precios de 52 activos...
Error analizando FALABELLA.SN: 'NoneType' object is not subscriptable
Error macro USA [^GSPC]: 'NoneType' object is not subscriptable
  Precios disponibles: 41/52
Error analizando CCU.SN: 'NoneType' object is not subscriptable
Error Google News [Cochilco cobre litio]: HTTPSConnectionPool(host='news.google.com', port=443): Read timed out. (read timeout=8)
Error analizando GLD: 'NoneType' object is not subscriptable
Error Google News [mineria Chile royalty]: HTTPSConnectionPool(host='news.google.com', port=443): Read timed out. (read timeout=8)
Error Trends ['SQM', 'litio chile', 'lithium chile']: HTTPSConnectionPool(host='trends.google.com', port=443): Read timed out. (read timeout=25)
Error Trends ['Copec', 'bencina chile', 'petroleo chile']: HTTPSConnectionPool(host='trends.google.com', port=443): Read timed out. (read timeout=25)
Error Trends ['IPSA', 'bolsa chile', 'acciones chile']: HTTPSConnectionPool(host='trends.google.com', port=443): Read timed out. (read timeout=25)
Error Trends ['dolar chile', 'tipo de cambio', 'peso chileno']: HTTPSConnectionPool(host='trends.google.com', port=443): Read timed out. (read timeout=25)
Error Trends ['bitcoin chile', 'crypto chile', 'BTC']: The request failed: Google returned a response with code 429
Error ciclo Crypto: 1 (of 18) futures unfinished
TRAILING STOP: BTC | PnL -2.55%
Error analizando CENCOSUD.SN: 'NoneType' object is not subscriptable
Señales AT guardadas: 10
CIERRE: BTC | TRAILING STOP | PnL -2.64%
Posición: BTC | precio 79,426.13 | PnL -0.35%
/Users/felipefernandez/trading_signals/venv/lib/python3.9/site-packages/urllib3/__init__.py:35: NotOpenSSLWarning: urllib3 v2 only supports OpenSSL 1.1.1+, currently the 'ssl' module is compiled with 'LibreSSL 2.8.3'. See: https://github.com/urllib3/urllib3/issues/3020
  warnings.warn(
Device set to use mps:0

[2026-05-04 08:22:57] Iniciando ciclo automático...
Horario: Fuera de horario NYSE (09:30-15:45 ET)
  Cargando precios de 52 activos...
  Precios disponibles: 52/52
Error Trends ['SQM', 'litio chile', 'lithium chile']: The request failed: Google returned a response with code 429
  Buscando 13F para SQM...
  Buscando 13F para ECH...
Error Trends ['Copec', 'bencina chile', 'petroleo chile']: The request failed: Google returned a response with code 429
  Buscando 13F para BSAC...
  Buscando 13F para BCH...
  Buscando 13F para LTM...
Error Trends ['IPSA', 'bolsa chile', 'acciones chile']: The request failed: Google returned a response with code 429
Error Trends ['dolar chile', 'tipo de cambio', 'peso chileno']: The request failed: Google returned a response with code 429
Error Trends ['bitcoin chile', 'crypto chile', 'BTC']: The request failed: Google returned a response with code 429
Ejecutando 1 señal(es) Crypto 24/7...
✅ Orden Crypto: VENDER BTC
Señales AT guardadas: 2
Posición: BTC | precio 78,922.35 | PnL +0.00%
/Users/felipefernandez/trading_signals/venv/lib/python3.9/site-packages/urllib3/__init__.py:35: NotOpenSSLWarning: urllib3 v2 only supports OpenSSL 1.1.1+, currently the 'ssl' module is compiled with 'LibreSSL 2.8.3'. See: https://github.com/urllib3/urllib3/issues/3020
  warnings.warn(

[2026-05-04 08:25:00] Iniciando ciclo automático...
Horario: Fuera de horario NYSE (09:30-15:45 ET)
Error Trends ['SQM', 'litio chile', 'lithium chile']: The request failed: Google returned a response with code 429
Error Trends ['Copec', 'bencina chile', 'petroleo chile']: The request failed: Google returned a response with code 429
Error Trends ['IPSA', 'bolsa chile', 'acciones chile']: The request failed: Google returned a response with code 429
Error Trends ['dolar chile', 'tipo de cambio', 'peso chileno']: The request failed: Google returned a response with code 429
Error Trends ['bitcoin chile', 'crypto chile', 'BTC']: The request failed: Google returned a response with code 429
Ejecutando 1 señal(es) Crypto 24/7...
Señales AT guardadas: 1
Posición: BTC | precio 78,953.98 | PnL -0.04%
/Users/felipefernandez/trading_signals/venv/lib/python3.9/site-packages/urllib3/__init__.py:35: NotOpenSSLWarning: urllib3 v2 only supports OpenSSL 1.1.1+, currently the 'ssl' module is compiled with 'LibreSSL 2.8.3'. See: https://github.com/urllib3/urllib3/issues/3020
  warnings.warn(

[2026-05-04 08:30:01] Iniciando ciclo automático...
Horario: Fuera de horario NYSE (09:30-15:45 ET)
Error Trends ['SQM', 'litio chile', 'lithium chile']: The request failed: Google returned a response with code 429
Error Trends ['Copec', 'bencina chile', 'petroleo chile']: The request failed: Google returned a response with code 429
Error Trends ['IPSA', 'bolsa chile', 'acciones chile']: The request failed: Google returned a response with code 429
Error Trends ['dolar chile', 'tipo de cambio', 'peso chileno']: The request failed: Google returned a response with code 429
Error Trends ['bitcoin chile', 'crypto chile', 'BTC']: The request failed: Google returned a response with code 429
Ejecutando 1 señal(es) Crypto 24/7...
Señales AT guardadas: 1
Posición: BTC | precio 78,945.50 | PnL -0.03%
/Users/felipefernandez/trading_signals/venv/lib/python3.9/site-packages/urllib3/__init__.py:35: NotOpenSSLWarning: urllib3 v2 only supports OpenSSL 1.1.1+, currently the 'ssl' module is compiled with 'LibreSSL 2.8.3'. See: https://github.com/urllib3/urllib3/issues/3020
  warnings.warn(

[2026-05-04 08:35:01] Iniciando ciclo automático...
Horario: Fuera de horario NYSE (09:30-15:45 ET)
Error Trends ['SQM', 'litio chile', 'lithium chile']: The request failed: Google returned a response with code 429
Error Trends ['Copec', 'bencina chile', 'petroleo chile']: The request failed: Google returned a response with code 429
Error Trends ['IPSA', 'bolsa chile', 'acciones chile']: The request failed: Google returned a response with code 429
Error Trends ['dolar chile', 'tipo de cambio', 'peso chileno']: The request failed: Google returned a response with code 429
Error Trends ['bitcoin chile', 'crypto chile', 'BTC']: The request failed: Google returned a response with code 429
Ejecutando 1 señal(es) Crypto 24/7...
Señales AT guardadas: 2
Posición: BTC | precio 78,857.90 | PnL +0.09%
/Users/felipefernandez/trading_signals/venv/lib/python3.9/site-packages/urllib3/__init__.py:35: NotOpenSSLWarning: urllib3 v2 only supports OpenSSL 1.1.1+, currently the 'ssl' module is compiled with 'LibreSSL 2.8.3'. See: https://github.com/urllib3/urllib3/issues/3020
  warnings.warn(

[2026-05-04 08:40:00] Iniciando ciclo automático...
Horario: Fuera de horario NYSE (09:30-15:45 ET)
Error Trends ['SQM', 'litio chile', 'lithium chile']: The request failed: Google returned a response with code 429
Error Trends ['Copec', 'bencina chile', 'petroleo chile']: The request failed: Google returned a response with code 429
Error Trends ['IPSA', 'bolsa chile', 'acciones chile']: The request failed: Google returned a response with code 429
Error Trends ['dolar chile', 'tipo de cambio', 'peso chileno']: The request failed: Google returned a response with code 429
Error Trends ['bitcoin chile', 'crypto chile', 'BTC']: The request failed: Google returned a response with code 429
Ejecutando 1 señal(es) Crypto 24/7...
Señales AT guardadas: 1
Posición: BTC | precio 78,973.65 | PnL -0.06%
/Users/felipefernandez/trading_signals/venv/lib/python3.9/site-packages/urllib3/__init__.py:35: NotOpenSSLWarning: urllib3 v2 only supports OpenSSL 1.1.1+, currently the 'ssl' module is compiled with 'LibreSSL 2.8.3'. See: https://github.com/urllib3/urllib3/issues/3020
  warnings.warn(

[2026-05-04 08:45:00] Iniciando ciclo automático...
Horario: Fuera de horario NYSE (09:30-15:45 ET)
Error Trends ['SQM', 'litio chile', 'lithium chile']: The request failed: Google returned a response with code 429
Error Trends ['Copec', 'bencina chile', 'petroleo chile']: The request failed: Google returned a response with code 429
Error Trends ['IPSA', 'bolsa chile', 'acciones chile']: The request failed: Google returned a response with code 429
Error Trends ['dolar chile', 'tipo de cambio', 'peso chileno']: The request failed: Google returned a response with code 429
Error Trends ['bitcoin chile', 'crypto chile', 'BTC']: The request failed: Google returned a response with code 429
Ejecutando 1 señal(es) Crypto 24/7...
Señales AT guardadas: 0
Posición: BTC | precio 78,958.16 | PnL -0.04%
/Users/felipefernandez/trading_signals/venv/lib/python3.9/site-packages/urllib3/__init__.py:35: NotOpenSSLWarning: urllib3 v2 only supports OpenSSL 1.1.1+, currently the 'ssl' module is compiled with 'LibreSSL 2.8.3'. See: https://github.com/urllib3/urllib3/issues/3020
  warnings.warn(

[2026-05-04 08:50:00] Iniciando ciclo automático...
Horario: Fuera de horario NYSE (09:30-15:45 ET)
Error Trends ['SQM', 'litio chile', 'lithium chile']: The request failed: Google returned a response with code 429
Error Trends ['Copec', 'bencina chile', 'petroleo chile']: The request failed: Google returned a response with code 429
Error Trends ['IPSA', 'bolsa chile', 'acciones chile']: The request failed: Google returned a response with code 429
Error Trends ['dolar chile', 'tipo de cambio', 'peso chileno']: The request failed: Google returned a response with code 429
Error Trends ['bitcoin chile', 'crypto chile', 'BTC']: The request failed: Google returned a response with code 429
Ejecutando 1 señal(es) Crypto 24/7...
Señales AT guardadas: 1
Posición: BTC | precio 78,993.06 | PnL -0.09%
/Users/felipefernandez/trading_signals/venv/lib/python3.9/site-packages/urllib3/__init__.py:35: NotOpenSSLWarning: urllib3 v2 only supports OpenSSL 1.1.1+, currently the 'ssl' module is compiled with 'LibreSSL 2.8.3'. See: https://github.com/urllib3/urllib3/issues/3020
  warnings.warn(

[2026-05-04 08:55:00] Iniciando ciclo automático...
Horario: Fuera de horario NYSE (09:30-15:45 ET)
Error Trends ['SQM', 'litio chile', 'lithium chile']: The request failed: Google returned a response with code 429
Error Trends ['Copec', 'bencina chile', 'petroleo chile']: The request failed: Google returned a response with code 429
Error Trends ['IPSA', 'bolsa chile', 'acciones chile']: The request failed: Google returned a response with code 429
Error Trends ['dolar chile', 'tipo de cambio', 'peso chileno']: The request failed: Google returned a response with code 429
Error Trends ['bitcoin chile', 'crypto chile', 'BTC']: The request failed: Google returned a response with code 429
Ejecutando 1 señal(es) Crypto 24/7...
Señales AT guardadas: 0
Posición: BTC | precio 78,957.49 | PnL -0.04%
/Users/felipefernandez/trading_signals/venv/lib/python3.9/site-packages/urllib3/__init__.py:35: NotOpenSSLWarning: urllib3 v2 only supports OpenSSL 1.1.1+, currently the 'ssl' module is compiled with 'LibreSSL 2.8.3'. See: https://github.com/urllib3/urllib3/issues/3020
  warnings.warn(
Device set to use mps:0

[2026-05-04 09:00:05] Iniciando ciclo automático...
Horario: Fuera de horario NYSE (09:30-15:45 ET)
Error Trends ['SQM', 'litio chile', 'lithium chile']: The request failed: Google returned a response with code 429
Error Trends ['Copec', 'bencina chile', 'petroleo chile']: The request failed: Google returned a response with code 429
Error Trends ['IPSA', 'bolsa chile', 'acciones chile']: The request failed: Google returned a response with code 429
Error Trends ['dolar chile', 'tipo de cambio', 'peso chileno']: The request failed: Google returned a response with code 429
Error Trends ['bitcoin chile', 'crypto chile', 'BTC']: The request failed: Google returned a response with code 429
Ejecutando 1 señal(es) Crypto 24/7...
Señales AT guardadas: 0
Posición: BTC | precio 78,611.98 | PnL +0.40%
/Users/felipefernandez/trading_signals/venv/lib/python3.9/site-packages/urllib3/__init__.py:35: NotOpenSSLWarning: urllib3 v2 only supports OpenSSL 1.1.1+, currently the 'ssl' module is compiled with 'LibreSSL 2.8.3'. See: https://github.com/urllib3/urllib3/issues/3020
  warnings.warn(
Device set to use mps:0

[2026-05-04 09:05:04] Iniciando ciclo automático...
Horario: Fuera de horario NYSE (09:30-15:45 ET)
Error Trends ['SQM', 'litio chile', 'lithium chile']: The request failed: Google returned a response with code 429
Error Trends ['Copec', 'bencina chile', 'petroleo chile']: The request failed: Google returned a response with code 429
Error Trends ['IPSA', 'bolsa chile', 'acciones chile']: The request failed: Google returned a response with code 429
Error Trends ['dolar chile', 'tipo de cambio', 'peso chileno']: The request failed: Google returned a response with code 429
Error Trends ['bitcoin chile', 'crypto chile', 'BTC']: The request failed: Google returned a response with code 429
Ejecutando 1 señal(es) Crypto 24/7...
Señales AT guardadas: 0
Posición: BTC | precio 78,694.54 | PnL +0.29%
/Users/felipefernandez/trading_signals/venv/lib/python3.9/site-packages/urllib3/__init__.py:35: NotOpenSSLWarning: urllib3 v2 only supports OpenSSL 1.1.1+, currently the 'ssl' module is compiled with 'LibreSSL 2.8.3'. See: https://github.com/urllib3/urllib3/issues/3020
  warnings.warn(

[2026-05-04 09:10:00] Iniciando ciclo automático...
Horario: Fuera de horario NYSE (09:30-15:45 ET)
Error Trends ['SQM', 'litio chile', 'lithium chile']: The request failed: Google returned a response with code 429
Error Trends ['Copec', 'bencina chile', 'petroleo chile']: The request failed: Google returned a response with code 429
Error Trends ['IPSA', 'bolsa chile', 'acciones chile']: The request failed: Google returned a response with code 429
Error Trends ['dolar chile', 'tipo de cambio', 'peso chileno']: The request failed: Google returned a response with code 429
Error Trends ['bitcoin chile', 'crypto chile', 'BTC']: The request failed: Google returned a response with code 429
Ejecutando 1 señal(es) Crypto 24/7...
Señales AT guardadas: 0
Posición: BTC | precio 78,869.01 | PnL +0.07%
/Users/felipefernandez/trading_signals/venv/lib/python3.9/site-packages/urllib3/__init__.py:35: NotOpenSSLWarning: urllib3 v2 only supports OpenSSL 1.1.1+, currently the 'ssl' module is compiled with 'LibreSSL 2.8.3'. See: https://github.com/urllib3/urllib3/issues/3020
  warnings.warn(

[2026-05-04 09:15:00] Iniciando ciclo automático...
Horario: Fuera de horario NYSE (09:30-15:45 ET)
Error Trends ['SQM', 'litio chile', 'lithium chile']: The request failed: Google returned a response with code 429
Error Trends ['Copec', 'bencina chile', 'petroleo chile']: The request failed: Google returned a response with code 429
Error Trends ['IPSA', 'bolsa chile', 'acciones chile']: The request failed: Google returned a response with code 429
Error Trends ['dolar chile', 'tipo de cambio', 'peso chileno']: The request failed: Google returned a response with code 429
Error Trends ['bitcoin chile', 'crypto chile', 'BTC']: The request failed: Google returned a response with code 429
Ejecutando 1 señal(es) Crypto 24/7...
Señales AT guardadas: 0
Posición: BTC | precio 78,906.57 | PnL +0.02%
/Users/felipefernandez/trading_signals/venv/lib/python3.9/site-packages/urllib3/__init__.py:35: NotOpenSSLWarning: urllib3 v2 only supports OpenSSL 1.1.1+, currently the 'ssl' module is compiled with 'LibreSSL 2.8.3'. See: https://github.com/urllib3/urllib3/issues/3020
  warnings.warn(

[2026-05-04 09:20:01] Iniciando ciclo automático...
Horario: Fuera de horario NYSE (09:30-15:45 ET)
Error Trends ['SQM', 'litio chile', 'lithium chile']: The request failed: Google returned a response with code 429
Error Trends ['Copec', 'bencina chile', 'petroleo chile']: The request failed: Google returned a response with code 429
Error Trends ['IPSA', 'bolsa chile', 'acciones chile']: The request failed: Google returned a response with code 429
Error Trends ['dolar chile', 'tipo de cambio', 'peso chileno']: The request failed: Google returned a response with code 429
Error Trends ['bitcoin chile', 'crypto chile', 'BTC']: The request failed: Google returned a response with code 429
Ejecutando 1 señal(es) Crypto 24/7...
Señales AT guardadas: 0
Posición: BTC | precio 78,928.65 | PnL -0.00%
/Users/felipefernandez/trading_signals/venv/lib/python3.9/site-packages/urllib3/__init__.py:35: NotOpenSSLWarning: urllib3 v2 only supports OpenSSL 1.1.1+, currently the 'ssl' module is compiled with 'LibreSSL 2.8.3'. See: https://github.com/urllib3/urllib3/issues/3020
  warnings.warn(

[2026-05-04 09:25:00] Iniciando ciclo automático...
Horario: Fuera de horario NYSE (09:30-15:45 ET)
Error Trends ['SQM', 'litio chile', 'lithium chile']: The request failed: Google returned a response with code 429
Error Trends ['Copec', 'bencina chile', 'petroleo chile']: The request failed: Google returned a response with code 429
Error Trends ['IPSA', 'bolsa chile', 'acciones chile']: The request failed: Google returned a response with code 429
Error Trends ['dolar chile', 'tipo de cambio', 'peso chileno']: The request failed: Google returned a response with code 429
Error Trends ['bitcoin chile', 'crypto chile', 'BTC']: The request failed: Google returned a response with code 429
Ejecutando 1 señal(es) Crypto 24/7...
Señales AT guardadas: 0
Posición: BTC | precio 78,968.03 | PnL -0.05%
/Users/felipefernandez/trading_signals/venv/lib/python3.9/site-packages/urllib3/__init__.py:35: NotOpenSSLWarning: urllib3 v2 only supports OpenSSL 1.1.1+, currently the 'ssl' module is compiled with 'LibreSSL 2.8.3'. See: https://github.com/urllib3/urllib3/issues/3020
  warnings.warn(

[2026-05-04 09:30:01] Iniciando ciclo automático...
Horario: Mercado NYSE abierto — HORARIO ÓPTIMO entrada
Ejecutando ciclo completo...
Error Trends ['SQM', 'litio chile', 'lithium chile']: The request failed: Google returned a response with code 429
Error Trends ['Copec', 'bencina chile', 'petroleo chile']: The request failed: Google returned a response with code 429
Error Trends ['IPSA', 'bolsa chile', 'acciones chile']: The request failed: Google returned a response with code 429
Error Trends ['dolar chile', 'tipo de cambio', 'peso chileno']: The request failed: Google returned a response with code 429
Error Trends ['bitcoin chile', 'crypto chile', 'BTC']: The request failed: Google returned a response with code 429
Datos cargados en 23.8s
Señales guardadas en DB: 8
✅ 1 apertura(s):
   VENDER COPEC | Conv: 78.7%
❌ 3 señal(es) rechazada(s):
   BTC: Ya existe posición abierta en BTC
   USD.CLP: Convicción 54.9% < mínimo 75%
   ECH: Convicción 53.0% < mínimo 75%
/Users/felipefernandez/trading_signals/venv/lib/python3.9/site-packages/urllib3/__init__.py:35: NotOpenSSLWarning: urllib3 v2 only supports OpenSSL 1.1.1+, currently the 'ssl' module is compiled with 'LibreSSL 2.8.3'. See: https://github.com/urllib3/urllib3/issues/3020
  warnings.warn(
Device set to use mps:0

[2026-05-04 09:35:00] Iniciando ciclo automático...
Horario: Mercado NYSE abierto — HORARIO ÓPTIMO entrada
Ejecutando ciclo completo...
Error Trends ['SQM', 'litio chile', 'lithium chile']: The request failed: Google returned a response with code 429
Error Trends ['Copec', 'bencina chile', 'petroleo chile']: The request failed: Google returned a response with code 429
Error Trends ['IPSA', 'bolsa chile', 'acciones chile']: The request failed: Google returned a response with code 429
Error Trends ['dolar chile', 'tipo de cambio', 'peso chileno']: The request failed: Google returned a response with code 429
Error Trends ['bitcoin chile', 'crypto chile', 'BTC']: The request failed: Google returned a response with code 429
Datos cargados en 27.2s
Señales guardadas en DB: 6

⚠️  CIERRE DETECTADO: COPEC
   Precio 6,303.00 alcanzó TP 6,350.98 → ganancia +0.00%
   ✅ Cerrado
✅ 1 apertura(s):
   VENDER COPEC | Conv: 77.3%
🔒 1 cierre(s):
   COPEC | TAKE PROFIT | PnL +0.00%
❌ 3 señal(es) rechazada(s):
   BTC: Ya existe posición abierta en BTC
   USD.CLP: Convicción 55.0% < mínimo 75%
   ECH: Convicción 52.7% < mínimo 75%
/Users/felipefernandez/trading_signals/venv/lib/python3.9/site-packages/urllib3/__init__.py:35: NotOpenSSLWarning: urllib3 v2 only supports OpenSSL 1.1.1+, currently the 'ssl' module is compiled with 'LibreSSL 2.8.3'. See: https://github.com/urllib3/urllib3/issues/3020
  warnings.warn(

[2026-05-04 09:40:01] Iniciando ciclo automático...
Horario: Mercado NYSE abierto — HORARIO ÓPTIMO entrada
Ejecutando ciclo completo...
Error Trends ['SQM', 'litio chile', 'lithium chile']: The request failed: Google returned a response with code 429
Error Trends ['Copec', 'bencina chile', 'petroleo chile']: The request failed: Google returned a response with code 429
Error Trends ['IPSA', 'bolsa chile', 'acciones chile']: The request failed: Google returned a response with code 429
Error Trends ['dolar chile', 'tipo de cambio', 'peso chileno']: The request failed: Google returned a response with code 429
Error Trends ['bitcoin chile', 'crypto chile', 'BTC']: The request failed: Google returned a response with code 429
Datos cargados en 15.3s
Señales guardadas en DB: 6

⚠️  CIERRE DETECTADO: COPEC
   Precio 6,303.00 alcanzó TP 6,350.98 → ganancia +0.00%
   ✅ Cerrado
✅ 1 apertura(s):
   VENDER COPEC | Conv: 76.1%
🔒 1 cierre(s):
   COPEC | TAKE PROFIT | PnL +0.00%
❌ 3 señal(es) rechazada(s):
   BTC: Ya existe posición abierta en BTC
   USD.CLP: Convicción 55.0% < mínimo 75%
   ECH: Convicción 52.3% < mínimo 75%
/Users/felipefernandez/trading_signals/venv/lib/python3.9/site-packages/urllib3/__init__.py:35: NotOpenSSLWarning: urllib3 v2 only supports OpenSSL 1.1.1+, currently the 'ssl' module is compiled with 'LibreSSL 2.8.3'. See: https://github.com/urllib3/urllib3/issues/3020
  warnings.warn(

[2026-05-04 09:45:00] Iniciando ciclo automático...
Horario: Mercado NYSE abierto — HORARIO ÓPTIMO entrada
Ejecutando ciclo completo...
Error Trends ['SQM', 'litio chile', 'lithium chile']: The request failed: Google returned a response with code 429
Error Trends ['Copec', 'bencina chile', 'petroleo chile']: The request failed: Google returned a response with code 429
Error Trends ['IPSA', 'bolsa chile', 'acciones chile']: The request failed: Google returned a response with code 429
Error Trends ['dolar chile', 'tipo de cambio', 'peso chileno']: The request failed: Google returned a response with code 429
Error Trends ['bitcoin chile', 'crypto chile', 'BTC']: The request failed: Google returned a response with code 429
Datos cargados en 13.9s
Señales guardadas en DB: 6

⚠️  CIERRE DETECTADO: COPEC
   Precio 6,303.00 alcanzó TP 6,350.98 → ganancia +0.00%
   ✅ Cerrado
✅ 1 apertura(s):
   VENDER COPEC | Conv: 78.7%
🔒 1 cierre(s):
   COPEC | TAKE PROFIT | PnL +0.00%
❌ 3 señal(es) rechazada(s):
   BTC: Ya existe posición abierta en BTC
   USD.CLP: Convicción 54.9% < mínimo 75%
   ECH: Convicción 53.0% < mínimo 75%
/Users/felipefernandez/trading_signals/venv/lib/python3.9/site-packages/urllib3/__init__.py:35: NotOpenSSLWarning: urllib3 v2 only supports OpenSSL 1.1.1+, currently the 'ssl' module is compiled with 'LibreSSL 2.8.3'. See: https://github.com/urllib3/urllib3/issues/3020
  warnings.warn(
Exception in thread Thread-2:
Traceback (most recent call last):
  File "/Library/Developer/CommandLineTools/Library/Frameworks/Python3.framework/Versions/3.9/lib/python3.9/threading.py", line 973, in _bootstrap_inner
    self.run()
  File "/Library/Developer/CommandLineTools/Library/Frameworks/Python3.framework/Versions/3.9/lib/python3.9/threading.py", line 910, in run
    self._target(*self._args, **self._kwargs)
  File "/Users/felipefernandez/trading_signals/venv/lib/python3.9/site-packages/ibapi/client.py", line 276, in run
    self.disconnect()
  File "/Users/felipefernandez/trading_signals/venv/lib/python3.9/site-packages/ibapi/client.py", line 212, in disconnect
    self.conn.disconnect()
AttributeError: 'NoneType' object has no attribute 'disconnect'

[2026-05-04 09:50:00] Iniciando ciclo automático...
Horario: Mercado NYSE abierto — HORARIO ÓPTIMO entrada
Ejecutando ciclo completo...
Error Trends ['SQM', 'litio chile', 'lithium chile']: The request failed: Google returned a response with code 429
Error Trends ['Copec', 'bencina chile', 'petroleo chile']: The request failed: Google returned a response with code 429
Error Trends ['IPSA', 'bolsa chile', 'acciones chile']: The request failed: Google returned a response with code 429
Error Trends ['dolar chile', 'tipo de cambio', 'peso chileno']: The request failed: Google returned a response with code 429
Error Trends ['bitcoin chile', 'crypto chile', 'BTC']: The request failed: Google returned a response with code 429
Datos cargados en 14.3s
Señales guardadas en DB: 6

⚠️  CIERRE DETECTADO: COPEC
   Precio 6,303.00 alcanzó TP 6,350.98 → ganancia +0.00%
   ✅ Cerrado
✅ 1 apertura(s):
   VENDER COPEC | Conv: 77.6%
🔒 1 cierre(s):
   COPEC | TAKE PROFIT | PnL +0.00%
❌ 3 señal(es) rechazada(s):
   BTC: Ya existe posición abierta en BTC
   USD.CLP: Convicción 55.2% < mínimo 75%
   ECH: Convicción 52.9% < mínimo 75%
/Users/felipefernandez/trading_signals/venv/lib/python3.9/site-packages/urllib3/__init__.py:35: NotOpenSSLWarning: urllib3 v2 only supports OpenSSL 1.1.1+, currently the 'ssl' module is compiled with 'LibreSSL 2.8.3'. See: https://github.com/urllib3/urllib3/issues/3020
  warnings.warn(

[2026-05-04 09:55:01] Iniciando ciclo automático...
Horario: Mercado NYSE abierto — HORARIO ÓPTIMO entrada
Ejecutando ciclo completo...
Error Trends ['SQM', 'litio chile', 'lithium chile']: The request failed: Google returned a response with code 429
Error Trends ['Copec', 'bencina chile', 'petroleo chile']: The request failed: Google returned a response with code 429
  Cargando precios de 52 activos...
Error Trends ['IPSA', 'bolsa chile', 'acciones chile']: The request failed: Google returned a response with code 429
  Precios disponibles: 52/52
Error Trends ['dolar chile', 'tipo de cambio', 'peso chileno']: The request failed: Google returned a response with code 429
Error Trends ['bitcoin chile', 'crypto chile', 'BTC']: The request failed: Google returned a response with code 429
Datos cargados en 16.5s
Señales guardadas en DB: 7

⚠️  CIERRE DETECTADO: COPEC
   Precio 6,303.00 alcanzó TP 6,350.98 → ganancia +0.00%
   ✅ Cerrado
✅ 1 apertura(s):
   VENDER COPEC | Conv: 77.6%
🔒 1 cierre(s):
   COPEC | TAKE PROFIT | PnL +0.00%
❌ 3 señal(es) rechazada(s):
   BTC: Ya existe posición abierta en BTC
   USD.CLP: Convicción 54.9% < mínimo 75%
   ECH: Convicción 52.7% < mínimo 75%
/Users/felipefernandez/trading_signals/venv/lib/python3.9/site-packages/urllib3/__init__.py:35: NotOpenSSLWarning: urllib3 v2 only supports OpenSSL 1.1.1+, currently the 'ssl' module is compiled with 'LibreSSL 2.8.3'. See: https://github.com/urllib3/urllib3/issues/3020
  warnings.warn(

[2026-05-04 10:00:00] Iniciando ciclo automático...
Horario: Mercado NYSE abierto — HORARIO ÓPTIMO entrada
Ejecutando ciclo completo...
Error Trends ['SQM', 'litio chile', 'lithium chile']: The request failed: Google returned a response with code 429
Error Trends ['Copec', 'bencina chile', 'petroleo chile']: The request failed: Google returned a response with code 429
Error Trends ['IPSA', 'bolsa chile', 'acciones chile']: The request failed: Google returned a response with code 429
Error Trends ['dolar chile', 'tipo de cambio', 'peso chileno']: The request failed: Google returned a response with code 429
Error CMF: HTTPSConnectionPool(host='www.cmfchile.cl', port=443): Max retries exceeded with url: /institucional/hechos/hechos_portada.php (Caused by ConnectTimeoutError(<HTTPSConnection(host='www.cmfchile.cl', port=443) at 0x11244ee20>, 'Connection to www.cmfchile.cl timed out. (connect timeout=12)'))
Error Trends ['bitcoin chile', 'crypto chile', 'BTC']: The request failed: Google returned a response with code 429
Error CMF: HTTPSConnectionPool(host='www.cmfchile.cl', port=443): Max retries exceeded with url: /institucional/hechos/hechos_portada.php (Caused by ConnectTimeoutError(<HTTPSConnection(host='www.cmfchile.cl', port=443) at 0x11550d820>, 'Connection to www.cmfchile.cl timed out. (connect timeout=12)'))
Datos cargados en 34.3s
Señales guardadas en DB: 8

⚠️  CIERRE DETECTADO: COPEC
   Precio 6,303.00 alcanzó TP 6,350.98 → ganancia +0.00%
   ✅ Cerrado
✅ 1 apertura(s):
   VENDER COPEC | Conv: 77.4%
🔒 1 cierre(s):
   COPEC | TAKE PROFIT | PnL +0.00%
❌ 3 señal(es) rechazada(s):
   BTC: Ya existe posición abierta en BTC
   USD.CLP: Convicción 54.6% < mínimo 75%
   ECH: Convicción 52.3% < mínimo 75%
/Users/felipefernandez/trading_signals/venv/lib/python3.9/site-packages/urllib3/__init__.py:35: NotOpenSSLWarning: urllib3 v2 only supports OpenSSL 1.1.1+, currently the 'ssl' module is compiled with 'LibreSSL 2.8.3'. See: https://github.com/urllib3/urllib3/issues/3020
  warnings.warn(

[2026-05-04 10:05:00] Iniciando ciclo automático...
Horario: Mercado NYSE abierto — HORARIO ÓPTIMO entrada
Ejecutando ciclo completo...
Error Trends ['SQM', 'litio chile', 'lithium chile']: The request failed: Google returned a response with code 429
Error Trends ['Copec', 'bencina chile', 'petroleo chile']: The request failed: Google returned a response with code 429
Error Trends ['IPSA', 'bolsa chile', 'acciones chile']: The request failed: Google returned a response with code 429
Error Trends ['dolar chile', 'tipo de cambio', 'peso chileno']: The request failed: Google returned a response with code 429
Error Trends ['bitcoin chile', 'crypto chile', 'BTC']: The request failed: Google returned a response with code 429
Datos cargados en 17.9s
Señales guardadas en DB: 6

⚠️  CIERRE DETECTADO: COPEC
   Precio 6,303.00 alcanzó TP 6,350.98 → ganancia +0.00%
   ✅ Cerrado
✅ 1 apertura(s):
   VENDER COPEC | Conv: 77.4%
🔒 1 cierre(s):
   COPEC | TAKE PROFIT | PnL +0.00%
❌ 3 señal(es) rechazada(s):
   BTC: Ya existe posición abierta en BTC
   USD.CLP: Convicción 54.5% < mínimo 75%
   ECH: Convicción 52.2% < mínimo 75%
/Users/felipefernandez/trading_signals/venv/lib/python3.9/site-packages/urllib3/__init__.py:35: NotOpenSSLWarning: urllib3 v2 only supports OpenSSL 1.1.1+, currently the 'ssl' module is compiled with 'LibreSSL 2.8.3'. See: https://github.com/urllib3/urllib3/issues/3020
  warnings.warn(

[2026-05-04 10:10:01] Iniciando ciclo automático...
Horario: Mercado NYSE abierto — HORARIO ÓPTIMO entrada
Ejecutando ciclo completo...
Error Trends ['SQM', 'litio chile', 'lithium chile']: The request failed: Google returned a response with code 429
Error Trends ['Copec', 'bencina chile', 'petroleo chile']: The request failed: Google returned a response with code 429
Error Trends ['IPSA', 'bolsa chile', 'acciones chile']: The request failed: Google returned a response with code 429
Error Trends ['dolar chile', 'tipo de cambio', 'peso chileno']: The request failed: Google returned a response with code 429
Error Trends ['bitcoin chile', 'crypto chile', 'BTC']: The request failed: Google returned a response with code 429
Datos cargados en 21.1s
Señales guardadas en DB: 8

⚠️  CIERRE DETECTADO: COPEC
   Precio 6,303.00 alcanzó TP 6,350.98 → ganancia +0.00%
   ✅ Cerrado
✅ 1 apertura(s):
   VENDER COPEC | Conv: 78.7%
🔒 1 cierre(s):
   COPEC | TAKE PROFIT | PnL +0.00%
❌ 3 señal(es) rechazada(s):
   BTC: Ya existe posición abierta en BTC
   USD.CLP: Convicción 54.6% < mínimo 75%
   ECH: Convicción 52.6% < mínimo 75%
/Users/felipefernandez/trading_signals/venv/lib/python3.9/site-packages/urllib3/__init__.py:35: NotOpenSSLWarning: urllib3 v2 only supports OpenSSL 1.1.1+, currently the 'ssl' module is compiled with 'LibreSSL 2.8.3'. See: https://github.com/urllib3/urllib3/issues/3020
  warnings.warn(

[2026-05-04 10:15:01] Iniciando ciclo automático...
Horario: Mercado NYSE abierto — HORARIO ÓPTIMO entrada
Ejecutando ciclo completo...
Error Trends ['SQM', 'litio chile', 'lithium chile']: The request failed: Google returned a response with code 429
Error Trends ['Copec', 'bencina chile', 'petroleo chile']: The request failed: Google returned a response with code 429
Error Trends ['IPSA', 'bolsa chile', 'acciones chile']: The request failed: Google returned a response with code 429
Error Trends ['dolar chile', 'tipo de cambio', 'peso chileno']: The request failed: Google returned a response with code 429
Error Trends ['bitcoin chile', 'crypto chile', 'BTC']: The request failed: Google returned a response with code 429
Error CMF: HTTPSConnectionPool(host='www.cmfchile.cl', port=443): Max retries exceeded with url: /institucional/hechos/hechos_portada.php (Caused by ConnectTimeoutError(<HTTPSConnection(host='www.cmfchile.cl', port=443) at 0x10a670820>, 'Connection to www.cmfchile.cl timed out. (connect timeout=12)'))
Datos cargados en 20.4s
Señales guardadas en DB: 9

⚠️  CIERRE DETECTADO: COPEC
   Precio 6,303.00 alcanzó TP 6,350.98 → ganancia +0.00%
   ✅ Cerrado
✅ 1 apertura(s):
   VENDER COPEC | Conv: 78.7%
🔒 1 cierre(s):
   COPEC | TAKE PROFIT | PnL +0.00%
❌ 3 señal(es) rechazada(s):
   BTC: Ya existe posición abierta en BTC
   USD.CLP: Convicción 54.3% < mínimo 75%
   ECH: Convicción 52.4% < mínimo 75%
/Users/felipefernandez/trading_signals/venv/lib/python3.9/site-packages/urllib3/__init__.py:35: NotOpenSSLWarning: urllib3 v2 only supports OpenSSL 1.1.1+, currently the 'ssl' module is compiled with 'LibreSSL 2.8.3'. See: https://github.com/urllib3/urllib3/issues/3020
  warnings.warn(

[2026-05-04 10:20:00] Iniciando ciclo automático...
Horario: Mercado NYSE abierto — HORARIO ÓPTIMO entrada
Ejecutando ciclo completo...
Error Trends ['SQM', 'litio chile', 'lithium chile']: The request failed: Google returned a response with code 429
Error Trends ['Copec', 'bencina chile', 'petroleo chile']: The request failed: Google returned a response with code 429
Error Trends ['IPSA', 'bolsa chile', 'acciones chile']: The request failed: Google returned a response with code 429
Error Trends ['dolar chile', 'tipo de cambio', 'peso chileno']: The request failed: Google returned a response with code 429
Error Trends ['bitcoin chile', 'crypto chile', 'BTC']: The request failed: Google returned a response with code 429
Datos cargados en 13.8s
Señales guardadas en DB: 4

⚠️  CIERRE DETECTADO: COPEC
   Precio 6,301.90 alcanzó TP 6,350.98 → ganancia +0.02%
   ✅ Cerrado
✅ 1 apertura(s):
   VENDER COPEC | Conv: 76.7%
🔒 1 cierre(s):
   COPEC | TAKE PROFIT | PnL +0.02%
❌ 3 señal(es) rechazada(s):
   BTC: Ya existe posición abierta en BTC
   USD.CLP: Convicción 54.2% < mínimo 75%
   ECH: Convicción 51.7% < mínimo 75%
/Users/felipefernandez/trading_signals/venv/lib/python3.9/site-packages/urllib3/__init__.py:35: NotOpenSSLWarning: urllib3 v2 only supports OpenSSL 1.1.1+, currently the 'ssl' module is compiled with 'LibreSSL 2.8.3'. See: https://github.com/urllib3/urllib3/issues/3020
  warnings.warn(

[2026-05-04 10:25:00] Iniciando ciclo automático...
Horario: Mercado NYSE abierto — HORARIO ÓPTIMO entrada
Ejecutando ciclo completo...
Error Trends ['SQM', 'litio chile', 'lithium chile']: The request failed: Google returned a response with code 429
Error Trends ['Copec', 'bencina chile', 'petroleo chile']: The request failed: Google returned a response with code 429
Error Trends ['IPSA', 'bolsa chile', 'acciones chile']: The request failed: Google returned a response with code 429
Error Trends ['dolar chile', 'tipo de cambio', 'peso chileno']: The request failed: Google returned a response with code 429
Error Trends ['bitcoin chile', 'crypto chile', 'BTC']: The request failed: Google returned a response with code 429
Error CMF: HTTPSConnectionPool(host='www.cmfchile.cl', port=443): Max retries exceeded with url: /institucional/hechos/hechos_portada.php (Caused by ConnectTimeoutError(<HTTPSConnection(host='www.cmfchile.cl', port=443) at 0x1173424f0>, 'Connection to www.cmfchile.cl timed out. (connect timeout=12)'))
Datos cargados en 19.9s
Señales guardadas en DB: 6

⚠️  CIERRE DETECTADO: COPEC
   Precio 6,301.90 alcanzó TP 6,350.98 → ganancia +0.00%
   ✅ Cerrado
✅ 1 apertura(s):
   VENDER COPEC | Conv: 78.7%
🔒 1 cierre(s):
   COPEC | TAKE PROFIT | PnL +0.00%
❌ 3 señal(es) rechazada(s):
   BTC: Ya existe posición abierta en BTC
   USD.CLP: Convicción 54.4% < mínimo 75%
   ECH: Convicción 52.5% < mínimo 75%
/Users/felipefernandez/trading_signals/venv/lib/python3.9/site-packages/urllib3/__init__.py:35: NotOpenSSLWarning: urllib3 v2 only supports OpenSSL 1.1.1+, currently the 'ssl' module is compiled with 'LibreSSL 2.8.3'. See: https://github.com/urllib3/urllib3/issues/3020
  warnings.warn(

[2026-05-04 10:30:00] Iniciando ciclo automático...
Horario: Mercado NYSE abierto — HORARIO ÓPTIMO entrada
Ejecutando ciclo completo...
Error Trends ['SQM', 'litio chile', 'lithium chile']: The request failed: Google returned a response with code 429
  Cargando precios de 52 activos...
Error Trends ['Copec', 'bencina chile', 'petroleo chile']: The request failed: Google returned a response with code 429
  Precios disponibles: 52/52
Error Trends ['IPSA', 'bolsa chile', 'acciones chile']: The request failed: Google returned a response with code 429
Error Trends ['dolar chile', 'tipo de cambio', 'peso chileno']: The request failed: Google returned a response with code 429
Error Trends ['bitcoin chile', 'crypto chile', 'BTC']: The request failed: Google returned a response with code 429
Datos cargados en 16.5s
Señales guardadas en DB: 6

⚠️  CIERRE DETECTADO: COPEC
   Precio 6,338.60 alcanzó TP 6,350.98 → ganancia -0.58%
   ✅ Cerrado
✅ 1 apertura(s):
   VENDER COPEC | Conv: 78.8%
🔒 1 cierre(s):
   COPEC | TAKE PROFIT | PnL -0.58%
❌ 3 señal(es) rechazada(s):
   BTC: Ya existe posición abierta en BTC
   USD.CLP: Convicción 53.4% < mínimo 75%
   ECH: Convicción 51.8% < mínimo 75%
/Users/felipefernandez/trading_signals/venv/lib/python3.9/site-packages/urllib3/__init__.py:35: NotOpenSSLWarning: urllib3 v2 only supports OpenSSL 1.1.1+, currently the 'ssl' module is compiled with 'LibreSSL 2.8.3'. See: https://github.com/urllib3/urllib3/issues/3020
  warnings.warn(

[2026-05-04 10:35:01] Iniciando ciclo automático...
Horario: Mercado NYSE abierto — HORARIO ÓPTIMO entrada
Ejecutando ciclo completo...
Error Trends ['SQM', 'litio chile', 'lithium chile']: The request failed: Google returned a response with code 429
Error Trends ['Copec', 'bencina chile', 'petroleo chile']: The request failed: Google returned a response with code 429
Error Trends ['IPSA', 'bolsa chile', 'acciones chile']: The request failed: Google returned a response with code 429
Error Trends ['dolar chile', 'tipo de cambio', 'peso chileno']: The request failed: Google returned a response with code 429
Error Trends ['bitcoin chile', 'crypto chile', 'BTC']: The request failed: Google returned a response with code 429
Datos cargados en 14.3s
Señales guardadas en DB: 7

⚠️  CIERRE DETECTADO: COPEC
   Precio 6,308.40 alcanzó TP 6,350.98 → ganancia +0.00%
   ✅ Cerrado
✅ 1 apertura(s):
   VENDER COPEC | Conv: 78.5%
🔒 1 cierre(s):
   COPEC | TAKE PROFIT | PnL +0.00%
❌ 2 señal(es) rechazada(s):
   BTC: Ya existe posición abierta en BTC
   USD.CLP: Convicción 52.9% < mínimo 75%
/Users/felipefernandez/trading_signals/venv/lib/python3.9/site-packages/urllib3/__init__.py:35: NotOpenSSLWarning: urllib3 v2 only supports OpenSSL 1.1.1+, currently the 'ssl' module is compiled with 'LibreSSL 2.8.3'. See: https://github.com/urllib3/urllib3/issues/3020
  warnings.warn(

[2026-05-04 10:40:01] Iniciando ciclo automático...
Horario: Mercado NYSE abierto — HORARIO ÓPTIMO entrada
Ejecutando ciclo completo...
Error Trends ['SQM', 'litio chile', 'lithium chile']: The request failed: Google returned a response with code 429
Error Trends ['Copec', 'bencina chile', 'petroleo chile']: The request failed: Google returned a response with code 429
Error Trends ['IPSA', 'bolsa chile', 'acciones chile']: The request failed: Google returned a response with code 429
Error Trends ['dolar chile', 'tipo de cambio', 'peso chileno']: The request failed: Google returned a response with code 429
Error Trends ['bitcoin chile', 'crypto chile', 'BTC']: The request failed: Google returned a response with code 429
Error CMF: HTTPSConnectionPool(host='www.cmfchile.cl', port=443): Max retries exceeded with url: /institucional/hechos/hechos_portada.php (Caused by ConnectTimeoutError(<HTTPSConnection(host='www.cmfchile.cl', port=443) at 0x10ebed970>, 'Connection to www.cmfchile.cl timed out. (connect timeout=12)'))
Datos cargados en 19.8s
Señales guardadas en DB: 7

⚠️  CIERRE DETECTADO: COPEC
   Precio 6,308.40 alcanzó TP 6,350.98 → ganancia +0.00%
   ✅ Cerrado
✅ 2 apertura(s):
   VENDER BTC | Conv: 95.0%
   VENDER COPEC | Conv: 80.6%
🔒 2 cierre(s):
   BTC | TRAILING STOP | PnL -2.21%
   COPEC | TAKE PROFIT | PnL +0.00%
❌ 2 señal(es) rechazada(s):
   USD.CLP: Convicción 55.5% < mínimo 75%
   ECH: Convicción 53.6% < mínimo 75%
/Users/felipefernandez/trading_signals/venv/lib/python3.9/site-packages/urllib3/__init__.py:35: NotOpenSSLWarning: urllib3 v2 only supports OpenSSL 1.1.1+, currently the 'ssl' module is compiled with 'LibreSSL 2.8.3'. See: https://github.com/urllib3/urllib3/issues/3020
  warnings.warn(

[2026-05-04 10:45:00] Iniciando ciclo automático...
Horario: Mercado NYSE abierto — HORARIO ÓPTIMO entrada
Ejecutando ciclo completo...
Error Trends ['SQM', 'litio chile', 'lithium chile']: The request failed: Google returned a response with code 429
Error Trends ['Copec', 'bencina chile', 'petroleo chile']: The request failed: Google returned a response with code 429
Error Trends ['IPSA', 'bolsa chile', 'acciones chile']: The request failed: Google returned a response with code 429
Error Trends ['dolar chile', 'tipo de cambio', 'peso chileno']: The request failed: Google returned a response with code 429
Error CMF: HTTPSConnectionPool(host='www.cmfchile.cl', port=443): Max retries exceeded with url: /institucional/hechos/hechos_portada.php (Caused by ConnectTimeoutError(<HTTPSConnection(host='www.cmfchile.cl', port=443) at 0x115028820>, 'Connection to www.cmfchile.cl timed out. (connect timeout=12)'))
Error Trends ['bitcoin chile', 'crypto chile', 'BTC']: The request failed: Google returned a response with code 429
Datos cargados en 14.3s
Señales guardadas en DB: 7

⚠️  CIERRE DETECTADO: COPEC
   Precio 6,308.40 alcanzó TP 6,350.98 → ganancia +0.00%
   ✅ Cerrado
✅ 2 apertura(s):
   VENDER BTC | Conv: 95.0%
   VENDER COPEC | Conv: 75.3%
🔒 2 cierre(s):
   BTC | TRAILING STOP | PnL -2.34%
   COPEC | TAKE PROFIT | PnL +0.00%
/Users/felipefernandez/trading_signals/venv/lib/python3.9/site-packages/urllib3/__init__.py:35: NotOpenSSLWarning: urllib3 v2 only supports OpenSSL 1.1.1+, currently the 'ssl' module is compiled with 'LibreSSL 2.8.3'. See: https://github.com/urllib3/urllib3/issues/3020
  warnings.warn(

[2026-05-04 10:50:00] Iniciando ciclo automático...
Horario: Mercado NYSE abierto — HORARIO ÓPTIMO entrada
Ejecutando ciclo completo...
Error Trends ['SQM', 'litio chile', 'lithium chile']: The request failed: Google returned a response with code 429
Error Trends ['Copec', 'bencina chile', 'petroleo chile']: The request failed: Google returned a response with code 429
Error Trends ['IPSA', 'bolsa chile', 'acciones chile']: The request failed: Google returned a response with code 429
Error Trends ['dolar chile', 'tipo de cambio', 'peso chileno']: The request failed: Google returned a response with code 429
Error CMF: HTTPSConnectionPool(host='www.cmfchile.cl', port=443): Max retries exceeded with url: /institucional/hechos/hechos_portada.php (Caused by ConnectTimeoutError(<HTTPSConnection(host='www.cmfchile.cl', port=443) at 0x10a6cb160>, 'Connection to www.cmfchile.cl timed out. (connect timeout=12)'))
Error Trends ['bitcoin chile', 'crypto chile', 'BTC']: The request failed: Google returned a response with code 429
Datos cargados en 23.0s
Señales guardadas en DB: 5

⚠️  CIERRE DETECTADO: COPEC
   Precio 6,324.50 alcanzó TP 6,350.98 → ganancia -0.26%
   ✅ Cerrado
✅ 2 apertura(s):
   VENDER BTC | Conv: 95.0%
   VENDER COPEC | Conv: 75.9%
🔒 2 cierre(s):
   BTC | TRAILING STOP | PnL -3.08%
   COPEC | TAKE PROFIT | PnL -0.26%
/Users/felipefernandez/trading_signals/venv/lib/python3.9/site-packages/urllib3/__init__.py:35: NotOpenSSLWarning: urllib3 v2 only supports OpenSSL 1.1.1+, currently the 'ssl' module is compiled with 'LibreSSL 2.8.3'. See: https://github.com/urllib3/urllib3/issues/3020
  warnings.warn(
Device set to use mps:0

[2026-05-04 10:55:00] Iniciando ciclo automático...
Horario: Mercado NYSE abierto — HORARIO ÓPTIMO entrada
Ejecutando ciclo completo...
Error Trends ['SQM', 'litio chile', 'lithium chile']: The request failed: Google returned a response with code 429
Error Trends ['Copec', 'bencina chile', 'petroleo chile']: The request failed: Google returned a response with code 429
Error Trends ['IPSA', 'bolsa chile', 'acciones chile']: The request failed: Google returned a response with code 429
Error Trends ['dolar chile', 'tipo de cambio', 'peso chileno']: The request failed: Google returned a response with code 429
Error Trends ['bitcoin chile', 'crypto chile', 'BTC']: The request failed: Google returned a response with code 429
Datos cargados en 33.7s
Señales guardadas en DB: 5

⚠️  CIERRE DETECTADO: BTC
   Precio 80,482.50 alcanzó TP 80,800.00 → ganancia -0.39%
   ✅ Cerrado

⚠️  CIERRE DETECTADO: COPEC
   Precio 6,324.50 alcanzó TP 6,350.98 → ganancia +0.00%
   ✅ Cerrado
✅ 1 apertura(s):
   VENDER BTC | Conv: 95.0%
🔒 3 cierre(s):
   BTC | TRAILING STOP | PnL -3.49%
   BTC | TAKE PROFIT | PnL -0.39%
   COPEC | TAKE PROFIT | PnL +0.00%
❌ 1 señal(es) rechazada(s):
   COPEC: Convicción 74.6% < mínimo 75%
/Users/felipefernandez/trading_signals/venv/lib/python3.9/site-packages/urllib3/__init__.py:35: NotOpenSSLWarning: urllib3 v2 only supports OpenSSL 1.1.1+, currently the 'ssl' module is compiled with 'LibreSSL 2.8.3'. See: https://github.com/urllib3/urllib3/issues/3020
  warnings.warn(

[2026-05-04 11:00:00] Iniciando ciclo automático...
Horario: Mercado NYSE abierto — HORARIO ÓPTIMO entrada
Ejecutando ciclo completo...
Error Trends ['SQM', 'litio chile', 'lithium chile']: The request failed: Google returned a response with code 429
Error Trends ['Copec', 'bencina chile', 'petroleo chile']: The request failed: Google returned a response with code 429
Error Trends ['IPSA', 'bolsa chile', 'acciones chile']: The request failed: Google returned a response with code 429
Error Trends ['dolar chile', 'tipo de cambio', 'peso chileno']: The request failed: Google returned a response with code 429
Error Trends ['bitcoin chile', 'crypto chile', 'BTC']: The request failed: Google returned a response with code 429
Error CMF: HTTPSConnectionPool(host='www.cmfchile.cl', port=443): Max retries exceeded with url: /institucional/hechos/hechos_portada.php (Caused by ConnectTimeoutError(<HTTPSConnection(host='www.cmfchile.cl', port=443) at 0x10cb53eb0>, 'Connection to www.cmfchile.cl timed out. (connect timeout=12)'))
Datos cargados en 35.5s
Señales guardadas en DB: 6

⚠️  CIERRE DETECTADO: BTC
   Precio 80,247.99 alcanzó TP 80,800.00 → ganancia +0.25%
   ✅ Cerrado
✅ 1 apertura(s):
   VENDER BTC | Conv: 95.0%
🔒 2 cierre(s):
   BTC | TRAILING STOP | PnL -3.18%
   BTC | TAKE PROFIT | PnL +0.25%
❌ 1 señal(es) rechazada(s):
   COPEC: Convicción 74.3% < mínimo 75%
/Users/felipefernandez/trading_signals/venv/lib/python3.9/site-packages/urllib3/__init__.py:35: NotOpenSSLWarning: urllib3 v2 only supports OpenSSL 1.1.1+, currently the 'ssl' module is compiled with 'LibreSSL 2.8.3'. See: https://github.com/urllib3/urllib3/issues/3020
  warnings.warn(

[2026-05-04 11:05:00] Iniciando ciclo automático...
Horario: Mercado NYSE abierto — HORARIO ÓPTIMO entrada
Ejecutando ciclo completo...
Error Trends ['SQM', 'litio chile', 'lithium chile']: The request failed: Google returned a response with code 429
  Cargando precios de 52 activos...
Error Trends ['Copec', 'bencina chile', 'petroleo chile']: The request failed: Google returned a response with code 429
  Precios disponibles: 52/52
Error Trends ['IPSA', 'bolsa chile', 'acciones chile']: The request failed: Google returned a response with code 429
Error Trends ['dolar chile', 'tipo de cambio', 'peso chileno']: The request failed: Google returned a response with code 429
Error Trends ['bitcoin chile', 'crypto chile', 'BTC']: The request failed: Google returned a response with code 429
Error CMF: HTTPSConnectionPool(host='www.cmfchile.cl', port=443): Max retries exceeded with url: /institucional/hechos/hechos_portada.php (Caused by ConnectTimeoutError(<HTTPSConnection(host='www.cmfchile.cl', port=443) at 0x10b6c4df0>, 'Connection to www.cmfchile.cl timed out. (connect timeout=12)'))
Datos cargados en 27.6s
Señales guardadas en DB: 6

⚠️  CIERRE DETECTADO: BTC
   Precio 80,130.79 alcanzó TP 80,800.00 → ganancia +0.19%
   ✅ Cerrado
✅ 1 apertura(s):
   VENDER BTC | Conv: 95.0%
🔒 2 cierre(s):
   BTC | TRAILING STOP | PnL -3.03%
   BTC | TAKE PROFIT | PnL +0.19%
❌ 1 señal(es) rechazada(s):
   COPEC: Convicción 74.0% < mínimo 75%
/Users/felipefernandez/trading_signals/venv/lib/python3.9/site-packages/urllib3/__init__.py:35: NotOpenSSLWarning: urllib3 v2 only supports OpenSSL 1.1.1+, currently the 'ssl' module is compiled with 'LibreSSL 2.8.3'. See: https://github.com/urllib3/urllib3/issues/3020
  warnings.warn(

[2026-05-04 11:10:00] Iniciando ciclo automático...
Horario: Mercado NYSE abierto — HORARIO ÓPTIMO entrada
Ejecutando ciclo completo...
Error Trends ['SQM', 'litio chile', 'lithium chile']: The request failed: Google returned a response with code 429
Error Trends ['Copec', 'bencina chile', 'petroleo chile']: The request failed: Google returned a response with code 429
Error Trends ['IPSA', 'bolsa chile', 'acciones chile']: The request failed: Google returned a response with code 429
Error Trends ['dolar chile', 'tipo de cambio', 'peso chileno']: The request failed: Google returned a response with code 429
Error Trends ['bitcoin chile', 'crypto chile', 'BTC']: The request failed: Google returned a response with code 429
Datos cargados en 31.7s
Señales guardadas en DB: 6
✅ 1 apertura(s):
   VENDER BTC | Conv: 95.0%
🔒 1 cierre(s):
   BTC | TRAILING STOP | PnL -2.90%
❌ 1 señal(es) rechazada(s):
   COPEC: Convicción 70.7% < mínimo 75%
/Users/felipefernandez/trading_signals/venv/lib/python3.9/site-packages/urllib3/__init__.py:35: NotOpenSSLWarning: urllib3 v2 only supports OpenSSL 1.1.1+, currently the 'ssl' module is compiled with 'LibreSSL 2.8.3'. See: https://github.com/urllib3/urllib3/issues/3020
  warnings.warn(

[2026-05-04 11:15:01] Iniciando ciclo automático...
Horario: Mercado NYSE abierto — HORARIO ÓPTIMO entrada
Ejecutando ciclo completo...
Error Trends ['SQM', 'litio chile', 'lithium chile']: The request failed: Google returned a response with code 429
Error Trends ['Copec', 'bencina chile', 'petroleo chile']: The request failed: Google returned a response with code 429
Error Trends ['IPSA', 'bolsa chile', 'acciones chile']: The request failed: Google returned a response with code 429
Error Trends ['dolar chile', 'tipo de cambio', 'peso chileno']: The request failed: Google returned a response with code 429
Error Trends ['bitcoin chile', 'crypto chile', 'BTC']: The request failed: Google returned a response with code 429
Datos cargados en 13.9s
Señales guardadas en DB: 6
✅ 1 apertura(s):
   VENDER BTC | Conv: 95.0%
🔒 1 cierre(s):
   BTC | TRAILING STOP | PnL -3.06%
❌ 2 señal(es) rechazada(s):
   COPEC: Convicción 71.0% < mínimo 75%
   USD.CLP: Convicción 52.2% < mínimo 75%
/Users/felipefernandez/trading_signals/venv/lib/python3.9/site-packages/urllib3/__init__.py:35: NotOpenSSLWarning: urllib3 v2 only supports OpenSSL 1.1.1+, currently the 'ssl' module is compiled with 'LibreSSL 2.8.3'. See: https://github.com/urllib3/urllib3/issues/3020
  warnings.warn(

[2026-05-04 11:20:00] Iniciando ciclo automático...
Horario: Mercado NYSE abierto — HORARIO ÓPTIMO entrada
Ejecutando ciclo completo...
Error Trends ['SQM', 'litio chile', 'lithium chile']: The request failed: Google returned a response with code 429
Error Trends ['Copec', 'bencina chile', 'petroleo chile']: The request failed: Google returned a response with code 429
Error Trends ['IPSA', 'bolsa chile', 'acciones chile']: The request failed: Google returned a response with code 429
Error Trends ['dolar chile', 'tipo de cambio', 'peso chileno']: The request failed: Google returned a response with code 429
Error Trends ['bitcoin chile', 'crypto chile', 'BTC']: The request failed: Google returned a response with code 429
Datos cargados en 27.2s
Señales guardadas en DB: 7

⚠️  CIERRE DETECTADO: BTC
   Precio 79,540.91 alcanzó TP 80,800.00 → ganancia +0.79%
   ✅ Cerrado
✅ 1 apertura(s):
   VENDER BTC | Conv: 95.0%
🔒 2 cierre(s):
   BTC | TRAILING STOP | PnL -2.28%
   BTC | TAKE PROFIT | PnL +0.79%
❌ 2 señal(es) rechazada(s):
   COPEC: Convicción 70.2% < mínimo 75%
   USD.CLP: Convicción 51.7% < mínimo 75%
/Users/felipefernandez/trading_signals/venv/lib/python3.9/site-packages/urllib3/__init__.py:35: NotOpenSSLWarning: urllib3 v2 only supports OpenSSL 1.1.1+, currently the 'ssl' module is compiled with 'LibreSSL 2.8.3'. See: https://github.com/urllib3/urllib3/issues/3020
  warnings.warn(

[2026-05-04 11:25:01] Iniciando ciclo automático...
Horario: Mercado NYSE abierto — HORARIO ÓPTIMO entrada
Ejecutando ciclo completo...
Error Trends ['SQM', 'litio chile', 'lithium chile']: The request failed: Google returned a response with code 429
Error Trends ['Copec', 'bencina chile', 'petroleo chile']: The request failed: Google returned a response with code 429
Error Trends ['IPSA', 'bolsa chile', 'acciones chile']: The request failed: Google returned a response with code 429
Error Trends ['dolar chile', 'tipo de cambio', 'peso chileno']: The request failed: Google returned a response with code 429
Error Trends ['bitcoin chile', 'crypto chile', 'BTC']: The request failed: Google returned a response with code 429
Datos cargados en 14.1s
Señales guardadas en DB: 8
✅ 1 apertura(s):
   VENDER BTC | Conv: 95.0%
🔒 1 cierre(s):
   BTC | TRAILING STOP | PnL -2.35%
❌ 2 señal(es) rechazada(s):
   COPEC: Convicción 70.6% < mínimo 75%
   USD.CLP: Convicción 52.2% < mínimo 75%
/Users/felipefernandez/trading_signals/venv/lib/python3.9/site-packages/urllib3/__init__.py:35: NotOpenSSLWarning: urllib3 v2 only supports OpenSSL 1.1.1+, currently the 'ssl' module is compiled with 'LibreSSL 2.8.3'. See: https://github.com/urllib3/urllib3/issues/3020
  warnings.warn(

[2026-05-04 11:30:01] Iniciando ciclo automático...
Horario: Mercado NYSE abierto — horario normal
Ejecutando ciclo completo...
Error Trends ['SQM', 'litio chile', 'lithium chile']: The request failed: Google returned a response with code 429
Error Trends ['Copec', 'bencina chile', 'petroleo chile']: The request failed: Google returned a response with code 429
Error Trends ['IPSA', 'bolsa chile', 'acciones chile']: The request failed: Google returned a response with code 429
Error Trends ['dolar chile', 'tipo de cambio', 'peso chileno']: The request failed: Google returned a response with code 429
Error Trends ['bitcoin chile', 'crypto chile', 'BTC']: The request failed: Google returned a response with code 429
Datos cargados en 32.4s
Señales guardadas en DB: 5
✅ 1 apertura(s):
   VENDER BTC | Conv: 95.0%
🔒 1 cierre(s):
   BTC | TRAILING STOP | PnL -2.48%
❌ 2 señal(es) rechazada(s):
   COPEC: Convicción 68.1% < mínimo 75%
   USD.CLP: Convicción 52.6% < mínimo 75%
/Users/felipefernandez/trading_signals/venv/lib/python3.9/site-packages/urllib3/__init__.py:35: NotOpenSSLWarning: urllib3 v2 only supports OpenSSL 1.1.1+, currently the 'ssl' module is compiled with 'LibreSSL 2.8.3'. See: https://github.com/urllib3/urllib3/issues/3020
  warnings.warn(

[2026-05-04 11:35:00] Iniciando ciclo automático...
Horario: Mercado NYSE abierto — horario normal
Ejecutando ciclo completo...
Error Trends ['SQM', 'litio chile', 'lithium chile']: The request failed: Google returned a response with code 429
Error Trends ['Copec', 'bencina chile', 'petroleo chile']: The request failed: Google returned a response with code 429
  Cargando precios de 52 activos...
Error Trends ['IPSA', 'bolsa chile', 'acciones chile']: The request failed: Google returned a response with code 429
  Precios disponibles: 52/52
Error Trends ['dolar chile', 'tipo de cambio', 'peso chileno']: The request failed: Google returned a response with code 429
Error Trends ['bitcoin chile', 'crypto chile', 'BTC']: The request failed: Google returned a response with code 429
Datos cargados en 14.5s
Señales guardadas en DB: 7
⚠️  MOTOR PAUSADO: 3 trades consecutivos perdedores
Sin operaciones en este ciclo — condiciones no cumplidas
/Users/felipefernandez/trading_signals/venv/lib/python3.9/site-packages/urllib3/__init__.py:35: NotOpenSSLWarning: urllib3 v2 only supports OpenSSL 1.1.1+, currently the 'ssl' module is compiled with 'LibreSSL 2.8.3'. See: https://github.com/urllib3/urllib3/issues/3020
  warnings.warn(

[2026-05-04 11:40:01] Iniciando ciclo automático...
Motor PAUSADO — 3 trades consecutivos perdedores
/Users/felipefernandez/trading_signals/venv/lib/python3.9/site-packages/urllib3/__init__.py:35: NotOpenSSLWarning: urllib3 v2 only supports OpenSSL 1.1.1+, currently the 'ssl' module is compiled with 'LibreSSL 2.8.3'. See: https://github.com/urllib3/urllib3/issues/3020
  warnings.warn(

[2026-05-04 11:46:29] Iniciando ciclo automático...
Motor PAUSADO — 3 trades consecutivos perdedores
/Users/felipefernandez/trading_signals/venv/lib/python3.9/site-packages/urllib3/__init__.py:35: NotOpenSSLWarning: urllib3 v2 only supports OpenSSL 1.1.1+, currently the 'ssl' module is compiled with 'LibreSSL 2.8.3'. See: https://github.com/urllib3/urllib3/issues/3020
  warnings.warn(

[2026-05-04 11:50:00] Iniciando ciclo automático...
Motor PAUSADO — 3 trades consecutivos perdedores
/Users/felipefernandez/trading_signals/venv/lib/python3.9/site-packages/urllib3/__init__.py:35: NotOpenSSLWarning: urllib3 v2 only supports OpenSSL 1.1.1+, currently the 'ssl' module is compiled with 'LibreSSL 2.8.3'. See: https://github.com/urllib3/urllib3/issues/3020
  warnings.warn(

[2026-05-04 11:55:01] Iniciando ciclo automático...
Motor PAUSADO — 3 trades consecutivos perdedores
/Users/felipefernandez/trading_signals/venv/lib/python3.9/site-packages/urllib3/__init__.py:35: NotOpenSSLWarning: urllib3 v2 only supports OpenSSL 1.1.1+, currently the 'ssl' module is compiled with 'LibreSSL 2.8.3'. See: https://github.com/urllib3/urllib3/issues/3020
  warnings.warn(

[2026-05-04 12:00:00] Iniciando ciclo automático...
Motor PAUSADO — 3 trades consecutivos perdedores
/Users/felipefernandez/trading_signals/venv/lib/python3.9/site-packages/urllib3/__init__.py:35: NotOpenSSLWarning: urllib3 v2 only supports OpenSSL 1.1.1+, currently the 'ssl' module is compiled with 'LibreSSL 2.8.3'. See: https://github.com/urllib3/urllib3/issues/3020
  warnings.warn(

[2026-05-04 12:05:00] Iniciando ciclo automático...
Motor PAUSADO — 3 trades consecutivos perdedores
/Users/felipefernandez/trading_signals/venv/lib/python3.9/site-packages/urllib3/__init__.py:35: NotOpenSSLWarning: urllib3 v2 only supports OpenSSL 1.1.1+, currently the 'ssl' module is compiled with 'LibreSSL 2.8.3'. See: https://github.com/urllib3/urllib3/issues/3020
  warnings.warn(

[2026-05-04 12:10:01] Iniciando ciclo automático...
Motor PAUSADO — 3 trades consecutivos perdedores
/Users/felipefernandez/trading_signals/venv/lib/python3.9/site-packages/urllib3/__init__.py:35: NotOpenSSLWarning: urllib3 v2 only supports OpenSSL 1.1.1+, currently the 'ssl' module is compiled with 'LibreSSL 2.8.3'. See: https://github.com/urllib3/urllib3/issues/3020
  warnings.warn(

[2026-05-04 12:15:00] Iniciando ciclo automático...
Motor PAUSADO — 3 trades consecutivos perdedores
/Users/felipefernandez/trading_signals/venv/lib/python3.9/site-packages/urllib3/__init__.py:35: NotOpenSSLWarning: urllib3 v2 only supports OpenSSL 1.1.1+, currently the 'ssl' module is compiled with 'LibreSSL 2.8.3'. See: https://github.com/urllib3/urllib3/issues/3020
  warnings.warn(

[2026-05-04 12:20:00] Iniciando ciclo automático...
Motor PAUSADO — 3 trades consecutivos perdedores
/Users/felipefernandez/trading_signals/venv/lib/python3.9/site-packages/urllib3/__init__.py:35: NotOpenSSLWarning: urllib3 v2 only supports OpenSSL 1.1.1+, currently the 'ssl' module is compiled with 'LibreSSL 2.8.3'. See: https://github.com/urllib3/urllib3/issues/3020
  warnings.warn(

[2026-05-04 12:25:01] Iniciando ciclo automático...
Motor PAUSADO — 3 trades consecutivos perdedores
/Users/felipefernandez/trading_signals/venv/lib/python3.9/site-packages/urllib3/__init__.py:35: NotOpenSSLWarning: urllib3 v2 only supports OpenSSL 1.1.1+, currently the 'ssl' module is compiled with 'LibreSSL 2.8.3'. See: https://github.com/urllib3/urllib3/issues/3020
  warnings.warn(

[2026-05-04 12:30:15] Iniciando ciclo automático...
Motor PAUSADO — 3 trades consecutivos perdedores
/Users/felipefernandez/trading_signals/venv/lib/python3.9/site-packages/urllib3/__init__.py:35: NotOpenSSLWarning: urllib3 v2 only supports OpenSSL 1.1.1+, currently the 'ssl' module is compiled with 'LibreSSL 2.8.3'. See: https://github.com/urllib3/urllib3/issues/3020
  warnings.warn(

[2026-05-04 12:35:00] Iniciando ciclo automático...
Motor PAUSADO — 3 trades consecutivos perdedores
/Users/felipefernandez/trading_signals/venv/lib/python3.9/site-packages/urllib3/__init__.py:35: NotOpenSSLWarning: urllib3 v2 only supports OpenSSL 1.1.1+, currently the 'ssl' module is compiled with 'LibreSSL 2.8.3'. See: https://github.com/urllib3/urllib3/issues/3020
  warnings.warn(

[2026-05-04 12:40:00] Iniciando ciclo automático...
Motor PAUSADO — 3 trades consecutivos perdedores
/Users/felipefernandez/trading_signals/venv/lib/python3.9/site-packages/urllib3/__init__.py:35: NotOpenSSLWarning: urllib3 v2 only supports OpenSSL 1.1.1+, currently the 'ssl' module is compiled with 'LibreSSL 2.8.3'. See: https://github.com/urllib3/urllib3/issues/3020
  warnings.warn(

[2026-05-04 12:45:00] Iniciando ciclo automático...
Motor PAUSADO — 3 trades consecutivos perdedores
/Users/felipefernandez/trading_signals/venv/lib/python3.9/site-packages/urllib3/__init__.py:35: NotOpenSSLWarning: urllib3 v2 only supports OpenSSL 1.1.1+, currently the 'ssl' module is compiled with 'LibreSSL 2.8.3'. See: https://github.com/urllib3/urllib3/issues/3020
  warnings.warn(

[2026-05-04 12:50:00] Iniciando ciclo automático...
Motor PAUSADO — 3 trades consecutivos perdedores
/Users/felipefernandez/trading_signals/venv/lib/python3.9/site-packages/urllib3/__init__.py:35: NotOpenSSLWarning: urllib3 v2 only supports OpenSSL 1.1.1+, currently the 'ssl' module is compiled with 'LibreSSL 2.8.3'. See: https://github.com/urllib3/urllib3/issues/3020
  warnings.warn(

[2026-05-04 12:55:00] Iniciando ciclo automático...
Motor PAUSADO — 3 trades consecutivos perdedores
/Users/felipefernandez/trading_signals/venv/lib/python3.9/site-packages/urllib3/__init__.py:35: NotOpenSSLWarning: urllib3 v2 only supports OpenSSL 1.1.1+, currently the 'ssl' module is compiled with 'LibreSSL 2.8.3'. See: https://github.com/urllib3/urllib3/issues/3020
  warnings.warn(

[2026-05-04 13:00:01] Iniciando ciclo automático...
Motor PAUSADO — 3 trades consecutivos perdedores
/Users/felipefernandez/trading_signals/venv/lib/python3.9/site-packages/urllib3/__init__.py:35: NotOpenSSLWarning: urllib3 v2 only supports OpenSSL 1.1.1+, currently the 'ssl' module is compiled with 'LibreSSL 2.8.3'. See: https://github.com/urllib3/urllib3/issues/3020
  warnings.warn(

[2026-05-04 13:05:01] Iniciando ciclo automático...
Motor PAUSADO — 3 trades consecutivos perdedores
/Users/felipefernandez/trading_signals/venv/lib/python3.9/site-packages/urllib3/__init__.py:35: NotOpenSSLWarning: urllib3 v2 only supports OpenSSL 1.1.1+, currently the 'ssl' module is compiled with 'LibreSSL 2.8.3'. See: https://github.com/urllib3/urllib3/issues/3020
  warnings.warn(

[2026-05-04 13:10:01] Iniciando ciclo automático...
Motor PAUSADO — 3 trades consecutivos perdedores
/Users/felipefernandez/trading_signals/venv/lib/python3.9/site-packages/urllib3/__init__.py:35: NotOpenSSLWarning: urllib3 v2 only supports OpenSSL 1.1.1+, currently the 'ssl' module is compiled with 'LibreSSL 2.8.3'. See: https://github.com/urllib3/urllib3/issues/3020
  warnings.warn(

[2026-05-04 13:15:00] Iniciando ciclo automático...
Motor PAUSADO — 3 trades consecutivos perdedores
/Users/felipefernandez/trading_signals/venv/lib/python3.9/site-packages/urllib3/__init__.py:35: NotOpenSSLWarning: urllib3 v2 only supports OpenSSL 1.1.1+, currently the 'ssl' module is compiled with 'LibreSSL 2.8.3'. See: https://github.com/urllib3/urllib3/issues/3020
  warnings.warn(

[2026-05-04 13:20:01] Iniciando ciclo automático...
Motor PAUSADO — 3 trades consecutivos perdedores
/Users/felipefernandez/trading_signals/venv/lib/python3.9/site-packages/urllib3/__init__.py:35: NotOpenSSLWarning: urllib3 v2 only supports OpenSSL 1.1.1+, currently the 'ssl' module is compiled with 'LibreSSL 2.8.3'. See: https://github.com/urllib3/urllib3/issues/3020
  warnings.warn(

[2026-05-04 13:25:01] Iniciando ciclo automático...
Motor PAUSADO — 3 trades consecutivos perdedores
/Users/felipefernandez/trading_signals/venv/lib/python3.9/site-packages/urllib3/__init__.py:35: NotOpenSSLWarning: urllib3 v2 only supports OpenSSL 1.1.1+, currently the 'ssl' module is compiled with 'LibreSSL 2.8.3'. See: https://github.com/urllib3/urllib3/issues/3020
  warnings.warn(

[2026-05-04 13:30:00] Iniciando ciclo automático...
Motor PAUSADO — 3 trades consecutivos perdedores
/Users/felipefernandez/trading_signals/venv/lib/python3.9/site-packages/urllib3/__init__.py:35: NotOpenSSLWarning: urllib3 v2 only supports OpenSSL 1.1.1+, currently the 'ssl' module is compiled with 'LibreSSL 2.8.3'. See: https://github.com/urllib3/urllib3/issues/3020
  warnings.warn(

[2026-05-04 15:15:00] Iniciando ciclo automático...
Motor PAUSADO — 3 trades consecutivos perdedores
/Users/felipefernandez/trading_signals/venv/lib/python3.9/site-packages/urllib3/__init__.py:35: NotOpenSSLWarning: urllib3 v2 only supports OpenSSL 1.1.1+, currently the 'ssl' module is compiled with 'LibreSSL 2.8.3'. See: https://github.com/urllib3/urllib3/issues/3020
  warnings.warn(

[2026-05-04 15:44:37] Iniciando ciclo automático...
Motor PAUSADO — 3 trades consecutivos perdedores
/Users/felipefernandez/trading_signals/venv/lib/python3.9/site-packages/urllib3/__init__.py:35: NotOpenSSLWarning: urllib3 v2 only supports OpenSSL 1.1.1+, currently the 'ssl' module is compiled with 'LibreSSL 2.8.3'. See: https://github.com/urllib3/urllib3/issues/3020
  warnings.warn(

[2026-05-04 15:45:01] Iniciando ciclo automático...
Motor PAUSADO — 3 trades consecutivos perdedores
/Users/felipefernandez/trading_signals/venv/lib/python3.9/site-packages/urllib3/__init__.py:35: NotOpenSSLWarning: urllib3 v2 only supports OpenSSL 1.1.1+, currently the 'ssl' module is compiled with 'LibreSSL 2.8.3'. See: https://github.com/urllib3/urllib3/issues/3020
  warnings.warn(

[2026-05-04 15:51:19] Iniciando ciclo automático...
Motor PAUSADO — 3 trades consecutivos perdedores
/Users/felipefernandez/trading_signals/venv/lib/python3.9/site-packages/urllib3/__init__.py:35: NotOpenSSLWarning: urllib3 v2 only supports OpenSSL 1.1.1+, currently the 'ssl' module is compiled with 'LibreSSL 2.8.3'. See: https://github.com/urllib3/urllib3/issues/3020
  warnings.warn(

[2026-05-04 15:55:00] Iniciando ciclo automático...
Motor PAUSADO — 3 trades consecutivos perdedores
/Users/felipefernandez/trading_signals/venv/lib/python3.9/site-packages/urllib3/__init__.py:35: NotOpenSSLWarning: urllib3 v2 only supports OpenSSL 1.1.1+, currently the 'ssl' module is compiled with 'LibreSSL 2.8.3'. See: https://github.com/urllib3/urllib3/issues/3020
  warnings.warn(

[2026-05-04 16:00:23] Iniciando ciclo automático...
Motor PAUSADO — 3 trades consecutivos perdedores
/Users/felipefernandez/trading_signals/venv/lib/python3.9/site-packages/urllib3/__init__.py:35: NotOpenSSLWarning: urllib3 v2 only supports OpenSSL 1.1.1+, currently the 'ssl' module is compiled with 'LibreSSL 2.8.3'. See: https://github.com/urllib3/urllib3/issues/3020
  warnings.warn(

[2026-05-04 16:05:00] Iniciando ciclo automático...
Motor PAUSADO — 3 trades consecutivos perdedores
/Users/felipefernandez/trading_signals/venv/lib/python3.9/site-packages/urllib3/__init__.py:35: NotOpenSSLWarning: urllib3 v2 only supports OpenSSL 1.1.1+, currently the 'ssl' module is compiled with 'LibreSSL 2.8.3'. See: https://github.com/urllib3/urllib3/issues/3020
  warnings.warn(

[2026-05-04 16:10:01] Iniciando ciclo automático...
Motor PAUSADO — 3 trades consecutivos perdedores
/Users/felipefernandez/trading_signals/venv/lib/python3.9/site-packages/urllib3/__init__.py:35: NotOpenSSLWarning: urllib3 v2 only supports OpenSSL 1.1.1+, currently the 'ssl' module is compiled with 'LibreSSL 2.8.3'. See: https://github.com/urllib3/urllib3/issues/3020
  warnings.warn(

[2026-05-04 16:15:03] Iniciando ciclo automático...
Motor PAUSADO — 3 trades consecutivos perdedores
/Users/felipefernandez/trading_signals/venv/lib/python3.9/site-packages/urllib3/__init__.py:35: NotOpenSSLWarning: urllib3 v2 only supports OpenSSL 1.1.1+, currently the 'ssl' module is compiled with 'LibreSSL 2.8.3'. See: https://github.com/urllib3/urllib3/issues/3020
  warnings.warn(

[2026-05-04 16:20:02] Iniciando ciclo automático...
Motor PAUSADO — 3 trades consecutivos perdedores
/Users/felipefernandez/trading_signals/venv/lib/python3.9/site-packages/urllib3/__init__.py:35: NotOpenSSLWarning: urllib3 v2 only supports OpenSSL 1.1.1+, currently the 'ssl' module is compiled with 'LibreSSL 2.8.3'. See: https://github.com/urllib3/urllib3/issues/3020
  warnings.warn(

[2026-05-04 16:25:00] Iniciando ciclo automático...
Motor PAUSADO — 3 trades consecutivos perdedores
/Users/felipefernandez/trading_signals/venv/lib/python3.9/site-packages/urllib3/__init__.py:35: NotOpenSSLWarning: urllib3 v2 only supports OpenSSL 1.1.1+, currently the 'ssl' module is compiled with 'LibreSSL 2.8.3'. See: https://github.com/urllib3/urllib3/issues/3020
  warnings.warn(

[2026-05-04 16:30:00] Iniciando ciclo automático...
Motor PAUSADO — 3 trades consecutivos perdedores
/Users/felipefernandez/trading_signals/venv/lib/python3.9/site-packages/urllib3/__init__.py:35: NotOpenSSLWarning: urllib3 v2 only supports OpenSSL 1.1.1+, currently the 'ssl' module is compiled with 'LibreSSL 2.8.3'. See: https://github.com/urllib3/urllib3/issues/3020
  warnings.warn(

[2026-05-04 16:35:00] Iniciando ciclo automático...
Motor PAUSADO — 3 trades consecutivos perdedores
/Users/felipefernandez/trading_signals/venv/lib/python3.9/site-packages/urllib3/__init__.py:35: NotOpenSSLWarning: urllib3 v2 only supports OpenSSL 1.1.1+, currently the 'ssl' module is compiled with 'LibreSSL 2.8.3'. See: https://github.com/urllib3/urllib3/issues/3020
  warnings.warn(

[2026-05-04 16:40:00] Iniciando ciclo automático...
Motor PAUSADO — 3 trades consecutivos perdedores
/Users/felipefernandez/trading_signals/venv/lib/python3.9/site-packages/urllib3/__init__.py:35: NotOpenSSLWarning: urllib3 v2 only supports OpenSSL 1.1.1+, currently the 'ssl' module is compiled with 'LibreSSL 2.8.3'. See: https://github.com/urllib3/urllib3/issues/3020
  warnings.warn(

[2026-05-04 16:45:00] Iniciando ciclo automático...
Motor PAUSADO — 3 trades consecutivos perdedores
/Users/felipefernandez/trading_signals/venv/lib/python3.9/site-packages/urllib3/__init__.py:35: NotOpenSSLWarning: urllib3 v2 only supports OpenSSL 1.1.1+, currently the 'ssl' module is compiled with 'LibreSSL 2.8.3'. See: https://github.com/urllib3/urllib3/issues/3020
  warnings.warn(

[2026-05-04 16:50:01] Iniciando ciclo automático...
Motor PAUSADO — 3 trades consecutivos perdedores
/Users/felipefernandez/trading_signals/venv/lib/python3.9/site-packages/urllib3/__init__.py:35: NotOpenSSLWarning: urllib3 v2 only supports OpenSSL 1.1.1+, currently the 'ssl' module is compiled with 'LibreSSL 2.8.3'. See: https://github.com/urllib3/urllib3/issues/3020
  warnings.warn(

[2026-05-04 16:55:00] Iniciando ciclo automático...
Motor PAUSADO — 3 trades consecutivos perdedores
/Users/felipefernandez/trading_signals/venv/lib/python3.9/site-packages/urllib3/__init__.py:35: NotOpenSSLWarning: urllib3 v2 only supports OpenSSL 1.1.1+, currently the 'ssl' module is compiled with 'LibreSSL 2.8.3'. See: https://github.com/urllib3/urllib3/issues/3020
  warnings.warn(

[2026-05-04 17:00:07] Iniciando ciclo automático...
Motor PAUSADO — 3 trades consecutivos perdedores
/Users/felipefernandez/trading_signals/venv/lib/python3.9/site-packages/urllib3/__init__.py:35: NotOpenSSLWarning: urllib3 v2 only supports OpenSSL 1.1.1+, currently the 'ssl' module is compiled with 'LibreSSL 2.8.3'. See: https://github.com/urllib3/urllib3/issues/3020
  warnings.warn(

[2026-05-04 17:05:01] Iniciando ciclo automático...
Motor PAUSADO — 3 trades consecutivos perdedores
/Users/felipefernandez/trading_signals/venv/lib/python3.9/site-packages/urllib3/__init__.py:35: NotOpenSSLWarning: urllib3 v2 only supports OpenSSL 1.1.1+, currently the 'ssl' module is compiled with 'LibreSSL 2.8.3'. See: https://github.com/urllib3/urllib3/issues/3020
  warnings.warn(

[2026-05-04 17:10:01] Iniciando ciclo automático...
Motor PAUSADO — 3 trades consecutivos perdedores
/Users/felipefernandez/trading_signals/venv/lib/python3.9/site-packages/urllib3/__init__.py:35: NotOpenSSLWarning: urllib3 v2 only supports OpenSSL 1.1.1+, currently the 'ssl' module is compiled with 'LibreSSL 2.8.3'. See: https://github.com/urllib3/urllib3/issues/3020
  warnings.warn(

[2026-05-04 17:15:00] Iniciando ciclo automático...
Motor PAUSADO — 3 trades consecutivos perdedores
/Users/felipefernandez/trading_signals/venv/lib/python3.9/site-packages/urllib3/__init__.py:35: NotOpenSSLWarning: urllib3 v2 only supports OpenSSL 1.1.1+, currently the 'ssl' module is compiled with 'LibreSSL 2.8.3'. See: https://github.com/urllib3/urllib3/issues/3020
  warnings.warn(

[2026-05-04 17:20:00] Iniciando ciclo automático...
Motor PAUSADO — 3 trades consecutivos perdedores
/Users/felipefernandez/trading_signals/venv/lib/python3.9/site-packages/urllib3/__init__.py:35: NotOpenSSLWarning: urllib3 v2 only supports OpenSSL 1.1.1+, currently the 'ssl' module is compiled with 'LibreSSL 2.8.3'. See: https://github.com/urllib3/urllib3/issues/3020
  warnings.warn(

[2026-05-04 17:25:15] Iniciando ciclo automático...
Motor PAUSADO — 3 trades consecutivos perdedores
/Users/felipefernandez/trading_signals/venv/lib/python3.9/site-packages/urllib3/__init__.py:35: NotOpenSSLWarning: urllib3 v2 only supports OpenSSL 1.1.1+, currently the 'ssl' module is compiled with 'LibreSSL 2.8.3'. See: https://github.com/urllib3/urllib3/issues/3020
  warnings.warn(

[2026-05-04 17:30:00] Iniciando ciclo automático...
Motor PAUSADO — 3 trades consecutivos perdedores
/Users/felipefernandez/trading_signals/venv/lib/python3.9/site-packages/urllib3/__init__.py:35: NotOpenSSLWarning: urllib3 v2 only supports OpenSSL 1.1.1+, currently the 'ssl' module is compiled with 'LibreSSL 2.8.3'. See: https://github.com/urllib3/urllib3/issues/3020
  warnings.warn(

[2026-05-04 17:35:01] Iniciando ciclo automático...
Motor PAUSADO — 3 trades consecutivos perdedores
/Users/felipefernandez/trading_signals/venv/lib/python3.9/site-packages/urllib3/__init__.py:35: NotOpenSSLWarning: urllib3 v2 only supports OpenSSL 1.1.1+, currently the 'ssl' module is compiled with 'LibreSSL 2.8.3'. See: https://github.com/urllib3/urllib3/issues/3020
  warnings.warn(

[2026-05-04 17:40:01] Iniciando ciclo automático...
Motor PAUSADO — 3 trades consecutivos perdedores
/Users/felipefernandez/trading_signals/venv/lib/python3.9/site-packages/urllib3/__init__.py:35: NotOpenSSLWarning: urllib3 v2 only supports OpenSSL 1.1.1+, currently the 'ssl' module is compiled with 'LibreSSL 2.8.3'. See: https://github.com/urllib3/urllib3/issues/3020
  warnings.warn(

[2026-05-04 17:45:01] Iniciando ciclo automático...
Motor PAUSADO — 3 trades consecutivos perdedores
/Users/felipefernandez/trading_signals/venv/lib/python3.9/site-packages/urllib3/__init__.py:35: NotOpenSSLWarning: urllib3 v2 only supports OpenSSL 1.1.1+, currently the 'ssl' module is compiled with 'LibreSSL 2.8.3'. See: https://github.com/urllib3/urllib3/issues/3020
  warnings.warn(

[2026-05-04 17:50:01] Iniciando ciclo automático...
Motor PAUSADO — 3 trades consecutivos perdedores
/Users/felipefernandez/trading_signals/venv/lib/python3.9/site-packages/urllib3/__init__.py:35: NotOpenSSLWarning: urllib3 v2 only supports OpenSSL 1.1.1+, currently the 'ssl' module is compiled with 'LibreSSL 2.8.3'. See: https://github.com/urllib3/urllib3/issues/3020
  warnings.warn(

[2026-05-04 17:55:01] Iniciando ciclo automático...
Motor PAUSADO — 3 trades consecutivos perdedores
/Users/felipefernandez/trading_signals/venv/lib/python3.9/site-packages/urllib3/__init__.py:35: NotOpenSSLWarning: urllib3 v2 only supports OpenSSL 1.1.1+, currently the 'ssl' module is compiled with 'LibreSSL 2.8.3'. See: https://github.com/urllib3/urllib3/issues/3020
  warnings.warn(

[2026-05-04 18:00:00] Iniciando ciclo automático...
Motor PAUSADO — 3 trades consecutivos perdedores
/Users/felipefernandez/trading_signals/venv/lib/python3.9/site-packages/urllib3/__init__.py:35: NotOpenSSLWarning: urllib3 v2 only supports OpenSSL 1.1.1+, currently the 'ssl' module is compiled with 'LibreSSL 2.8.3'. See: https://github.com/urllib3/urllib3/issues/3020
  warnings.warn(

[2026-05-04 18:05:00] Iniciando ciclo automático...
Motor PAUSADO — 3 trades consecutivos perdedores
/Users/felipefernandez/trading_signals/venv/lib/python3.9/site-packages/urllib3/__init__.py:35: NotOpenSSLWarning: urllib3 v2 only supports OpenSSL 1.1.1+, currently the 'ssl' module is compiled with 'LibreSSL 2.8.3'. See: https://github.com/urllib3/urllib3/issues/3020
  warnings.warn(

[2026-05-04 18:10:01] Iniciando ciclo automático...
Motor PAUSADO — 3 trades consecutivos perdedores
/Users/felipefernandez/trading_signals/venv/lib/python3.9/site-packages/urllib3/__init__.py:35: NotOpenSSLWarning: urllib3 v2 only supports OpenSSL 1.1.1+, currently the 'ssl' module is compiled with 'LibreSSL 2.8.3'. See: https://github.com/urllib3/urllib3/issues/3020
  warnings.warn(

[2026-05-04 18:15:01] Iniciando ciclo automático...
Motor PAUSADO — 3 trades consecutivos perdedores
/Users/felipefernandez/trading_signals/venv/lib/python3.9/site-packages/urllib3/__init__.py:35: NotOpenSSLWarning: urllib3 v2 only supports OpenSSL 1.1.1+, currently the 'ssl' module is compiled with 'LibreSSL 2.8.3'. See: https://github.com/urllib3/urllib3/issues/3020
  warnings.warn(

[2026-05-04 18:20:00] Iniciando ciclo automático...
Motor PAUSADO — 3 trades consecutivos perdedores
/Users/felipefernandez/trading_signals/venv/lib/python3.9/site-packages/urllib3/__init__.py:35: NotOpenSSLWarning: urllib3 v2 only supports OpenSSL 1.1.1+, currently the 'ssl' module is compiled with 'LibreSSL 2.8.3'. See: https://github.com/urllib3/urllib3/issues/3020
  warnings.warn(

[2026-05-04 18:25:00] Iniciando ciclo automático...
Motor PAUSADO — 3 trades consecutivos perdedores
/Users/felipefernandez/trading_signals/venv/lib/python3.9/site-packages/urllib3/__init__.py:35: NotOpenSSLWarning: urllib3 v2 only supports OpenSSL 1.1.1+, currently the 'ssl' module is compiled with 'LibreSSL 2.8.3'. See: https://github.com/urllib3/urllib3/issues/3020
  warnings.warn(

[2026-05-04 18:30:00] Iniciando ciclo automático...
Motor PAUSADO — 3 trades consecutivos perdedores
/Users/felipefernandez/trading_signals/venv/lib/python3.9/site-packages/urllib3/__init__.py:35: NotOpenSSLWarning: urllib3 v2 only supports OpenSSL 1.1.1+, currently the 'ssl' module is compiled with 'LibreSSL 2.8.3'. See: https://github.com/urllib3/urllib3/issues/3020
  warnings.warn(

[2026-05-04 18:35:00] Iniciando ciclo automático...
Motor PAUSADO — 3 trades consecutivos perdedores
/Users/felipefernandez/trading_signals/venv/lib/python3.9/site-packages/urllib3/__init__.py:35: NotOpenSSLWarning: urllib3 v2 only supports OpenSSL 1.1.1+, currently the 'ssl' module is compiled with 'LibreSSL 2.8.3'. See: https://github.com/urllib3/urllib3/issues/3020
  warnings.warn(

[2026-05-04 18:40:00] Iniciando ciclo automático...
Motor PAUSADO — 3 trades consecutivos perdedores
/Users/felipefernandez/trading_signals/venv/lib/python3.9/site-packages/urllib3/__init__.py:35: NotOpenSSLWarning: urllib3 v2 only supports OpenSSL 1.1.1+, currently the 'ssl' module is compiled with 'LibreSSL 2.8.3'. See: https://github.com/urllib3/urllib3/issues/3020
  warnings.warn(

[2026-05-04 18:45:00] Iniciando ciclo automático...
Motor PAUSADO — 3 trades consecutivos perdedores
/Users/felipefernandez/trading_signals/venv/lib/python3.9/site-packages/urllib3/__init__.py:35: NotOpenSSLWarning: urllib3 v2 only supports OpenSSL 1.1.1+, currently the 'ssl' module is compiled with 'LibreSSL 2.8.3'. See: https://github.com/urllib3/urllib3/issues/3020
  warnings.warn(

[2026-05-04 18:50:01] Iniciando ciclo automático...
Motor PAUSADO — 3 trades consecutivos perdedores
/Users/felipefernandez/trading_signals/venv/lib/python3.9/site-packages/urllib3/__init__.py:35: NotOpenSSLWarning: urllib3 v2 only supports OpenSSL 1.1.1+, currently the 'ssl' module is compiled with 'LibreSSL 2.8.3'. See: https://github.com/urllib3/urllib3/issues/3020
  warnings.warn(

[2026-05-04 18:55:01] Iniciando ciclo automático...
Motor PAUSADO — 3 trades consecutivos perdedores
/Users/felipefernandez/trading_signals/venv/lib/python3.9/site-packages/urllib3/__init__.py:35: NotOpenSSLWarning: urllib3 v2 only supports OpenSSL 1.1.1+, currently the 'ssl' module is compiled with 'LibreSSL 2.8.3'. See: https://github.com/urllib3/urllib3/issues/3020
  warnings.warn(

[2026-05-04 19:00:01] Iniciando ciclo automático...
Motor PAUSADO — 3 trades consecutivos perdedores
/Users/felipefernandez/trading_signals/venv/lib/python3.9/site-packages/urllib3/__init__.py:35: NotOpenSSLWarning: urllib3 v2 only supports OpenSSL 1.1.1+, currently the 'ssl' module is compiled with 'LibreSSL 2.8.3'. See: https://github.com/urllib3/urllib3/issues/3020
  warnings.warn(

[2026-05-04 19:05:00] Iniciando ciclo automático...
Motor PAUSADO — 3 trades consecutivos perdedores
/Users/felipefernandez/trading_signals/venv/lib/python3.9/site-packages/urllib3/__init__.py:35: NotOpenSSLWarning: urllib3 v2 only supports OpenSSL 1.1.1+, currently the 'ssl' module is compiled with 'LibreSSL 2.8.3'. See: https://github.com/urllib3/urllib3/issues/3020
  warnings.warn(

[2026-05-04 19:10:01] Iniciando ciclo automático...
Motor PAUSADO — 3 trades consecutivos perdedores
/Users/felipefernandez/trading_signals/venv/lib/python3.9/site-packages/urllib3/__init__.py:35: NotOpenSSLWarning: urllib3 v2 only supports OpenSSL 1.1.1+, currently the 'ssl' module is compiled with 'LibreSSL 2.8.3'. See: https://github.com/urllib3/urllib3/issues/3020
  warnings.warn(

[2026-05-04 19:15:00] Iniciando ciclo automático...
Motor PAUSADO — 3 trades consecutivos perdedores
/Users/felipefernandez/trading_signals/venv/lib/python3.9/site-packages/urllib3/__init__.py:35: NotOpenSSLWarning: urllib3 v2 only supports OpenSSL 1.1.1+, currently the 'ssl' module is compiled with 'LibreSSL 2.8.3'. See: https://github.com/urllib3/urllib3/issues/3020
  warnings.warn(

[2026-05-04 19:20:00] Iniciando ciclo automático...
Motor PAUSADO — 3 trades consecutivos perdedores
/Users/felipefernandez/trading_signals/venv/lib/python3.9/site-packages/urllib3/__init__.py:35: NotOpenSSLWarning: urllib3 v2 only supports OpenSSL 1.1.1+, currently the 'ssl' module is compiled with 'LibreSSL 2.8.3'. See: https://github.com/urllib3/urllib3/issues/3020
  warnings.warn(

[2026-05-04 19:25:01] Iniciando ciclo automático...
Motor PAUSADO — 3 trades consecutivos perdedores
/Users/felipefernandez/trading_signals/venv/lib/python3.9/site-packages/urllib3/__init__.py:35: NotOpenSSLWarning: urllib3 v2 only supports OpenSSL 1.1.1+, currently the 'ssl' module is compiled with 'LibreSSL 2.8.3'. See: https://github.com/urllib3/urllib3/issues/3020
  warnings.warn(

[2026-05-04 19:30:00] Iniciando ciclo automático...
Motor PAUSADO — 3 trades consecutivos perdedores
/Users/felipefernandez/trading_signals/venv/lib/python3.9/site-packages/urllib3/__init__.py:35: NotOpenSSLWarning: urllib3 v2 only supports OpenSSL 1.1.1+, currently the 'ssl' module is compiled with 'LibreSSL 2.8.3'. See: https://github.com/urllib3/urllib3/issues/3020
  warnings.warn(

[2026-05-04 19:35:00] Iniciando ciclo automático...
Motor PAUSADO — 3 trades consecutivos perdedores
/Users/felipefernandez/trading_signals/venv/lib/python3.9/site-packages/urllib3/__init__.py:35: NotOpenSSLWarning: urllib3 v2 only supports OpenSSL 1.1.1+, currently the 'ssl' module is compiled with 'LibreSSL 2.8.3'. See: https://github.com/urllib3/urllib3/issues/3020
  warnings.warn(

[2026-05-04 20:12:50] Iniciando ciclo automático...
Motor PAUSADO — 3 trades consecutivos perdedores
/Users/felipefernandez/trading_signals/venv/lib/python3.9/site-packages/urllib3/__init__.py:35: NotOpenSSLWarning: urllib3 v2 only supports OpenSSL 1.1.1+, currently the 'ssl' module is compiled with 'LibreSSL 2.8.3'. See: https://github.com/urllib3/urllib3/issues/3020
  warnings.warn(

[2026-05-04 20:15:00] Iniciando ciclo automático...
Motor PAUSADO — 3 trades consecutivos perdedores
/Users/felipefernandez/trading_signals/venv/lib/python3.9/site-packages/urllib3/__init__.py:35: NotOpenSSLWarning: urllib3 v2 only supports OpenSSL 1.1.1+, currently the 'ssl' module is compiled with 'LibreSSL 2.8.3'. See: https://github.com/urllib3/urllib3/issues/3020
  warnings.warn(

[2026-05-04 20:20:00] Iniciando ciclo automático...
Motor PAUSADO — 3 trades consecutivos perdedores
/Users/felipefernandez/trading_signals/venv/lib/python3.9/site-packages/urllib3/__init__.py:35: NotOpenSSLWarning: urllib3 v2 only supports OpenSSL 1.1.1+, currently the 'ssl' module is compiled with 'LibreSSL 2.8.3'. See: https://github.com/urllib3/urllib3/issues/3020
  warnings.warn(

[2026-05-04 20:25:01] Iniciando ciclo automático...
Horario: Fuera de horario NYSE (09:30-15:45 ET)
Ejecutando 1 señal(es) Crypto 24/7...
✅ Orden Crypto: VENDER BTC
TRAILING STOP: BTC | PnL -2.74%
Señales AT guardadas: 1
CIERRE: BTC | TRAILING STOP | PnL -2.74%
Posición: BTC | precio 79,898.38 | PnL -0.01%
/Users/felipefernandez/trading_signals/venv/lib/python3.9/site-packages/urllib3/__init__.py:35: NotOpenSSLWarning: urllib3 v2 only supports OpenSSL 1.1.1+, currently the 'ssl' module is compiled with 'LibreSSL 2.8.3'. See: https://github.com/urllib3/urllib3/issues/3020
  warnings.warn(

[2026-05-04 20:30:00] Iniciando ciclo automático...
Horario: Fuera de horario NYSE (09:30-15:45 ET)
Ejecutando 1 señal(es) Crypto 24/7...
✅ Orden Crypto: VENDER BTC
TRAILING STOP: BTC | PnL -2.73%
Señales AT guardadas: 1
CIERRE: BTC | TRAILING STOP | PnL -2.73%
Posición: BTC | precio 79,897.47 | PnL -0.02%
/Users/felipefernandez/trading_signals/venv/lib/python3.9/site-packages/urllib3/__init__.py:35: NotOpenSSLWarning: urllib3 v2 only supports OpenSSL 1.1.1+, currently the 'ssl' module is compiled with 'LibreSSL 2.8.3'. See: https://github.com/urllib3/urllib3/issues/3020
  warnings.warn(

[2026-05-04 20:35:01] Iniciando ciclo automático...
Horario: Fuera de horario NYSE (09:30-15:45 ET)
Ejecutando 1 señal(es) Crypto 24/7...
✅ Orden Crypto: VENDER BTC
TRAILING STOP: BTC | PnL -2.96%
Señales AT guardadas: 1

⚠️  CIERRE DETECTADO: BTC
   Precio 80,083.50 alcanzó TP 80,756.58 → ganancia -0.03%
   ✅ Cerrado
CIERRE: BTC | TRAILING STOP | PnL -2.97%
CIERRE: BTC | TAKE PROFIT | PnL -0.03%
/Users/felipefernandez/trading_signals/venv/lib/python3.9/site-packages/urllib3/__init__.py:35: NotOpenSSLWarning: urllib3 v2 only supports OpenSSL 1.1.1+, currently the 'ssl' module is compiled with 'LibreSSL 2.8.3'. See: https://github.com/urllib3/urllib3/issues/3020
  warnings.warn(

[2026-05-04 20:44:19] Iniciando ciclo automático...
Horario: Fuera de horario NYSE (09:30-15:45 ET)
Ejecutando 1 señal(es) Crypto 24/7...
✅ Orden Crypto: VENDER BTC
TRAILING STOP: BTC | PnL -2.91%
Señales AT guardadas: 1
CIERRE: BTC | TRAILING STOP | PnL -2.91%
Posición: BTC | precio 80,037.74 | PnL -0.01%
/Users/felipefernandez/trading_signals/venv/lib/python3.9/site-packages/urllib3/__init__.py:35: NotOpenSSLWarning: urllib3 v2 only supports OpenSSL 1.1.1+, currently the 'ssl' module is compiled with 'LibreSSL 2.8.3'. See: https://github.com/urllib3/urllib3/issues/3020
  warnings.warn(

[2026-05-04 20:45:01] Iniciando ciclo automático...
Horario: Fuera de horario NYSE (09:30-15:45 ET)
Ejecutando 1 señal(es) Crypto 24/7...
✅ Orden Crypto: VENDER BTC
TRAILING STOP: BTC | PnL -2.93%
Señales AT guardadas: 0
CIERRE: BTC | TRAILING STOP | PnL -2.93%
Posición: BTC | precio 80,047.12 | PnL +0.00%
/Users/felipefernandez/trading_signals/venv/lib/python3.9/site-packages/urllib3/__init__.py:35: NotOpenSSLWarning: urllib3 v2 only supports OpenSSL 1.1.1+, currently the 'ssl' module is compiled with 'LibreSSL 2.8.3'. See: https://github.com/urllib3/urllib3/issues/3020
  warnings.warn(

[2026-05-04 20:50:01] Iniciando ciclo automático...
Horario: Fuera de horario NYSE (09:30-15:45 ET)
  Cargando precios de 52 activos...
  Precios disponibles: 52/52
Ejecutando 1 señal(es) Crypto 24/7...
✅ Orden Crypto: VENDER BTC
TRAILING STOP: BTC | PnL -2.98%
Señales AT guardadas: 0

⚠️  CIERRE DETECTADO: BTC
   Precio 80,086.98 alcanzó TP 80,800.00 → ganancia -0.00%
   ✅ Cerrado
CIERRE: BTC | TRAILING STOP | PnL -2.98%
CIERRE: BTC | TAKE PROFIT | PnL -0.00%
/Users/felipefernandez/trading_signals/venv/lib/python3.9/site-packages/urllib3/__init__.py:35: NotOpenSSLWarning: urllib3 v2 only supports OpenSSL 1.1.1+, currently the 'ssl' module is compiled with 'LibreSSL 2.8.3'. See: https://github.com/urllib3/urllib3/issues/3020
  warnings.warn(

[2026-05-04 20:55:01] Iniciando ciclo automático...
Horario: Fuera de horario NYSE (09:30-15:45 ET)
Ejecutando 1 señal(es) Crypto 24/7...
✅ Orden Crypto: VENDER BTC
TRAILING STOP: BTC | PnL -3.03%
Señales AT guardadas: 0

⚠️  CIERRE DETECTADO: BTC
   Precio 80,131.00 alcanzó TP 80,800.00 → ganancia +0.02%
   ✅ Cerrado
CIERRE: BTC | TRAILING STOP | PnL -3.03%
CIERRE: BTC | TAKE PROFIT | PnL +0.02%
/Users/felipefernandez/trading_signals/venv/lib/python3.9/site-packages/urllib3/__init__.py:35: NotOpenSSLWarning: urllib3 v2 only supports OpenSSL 1.1.1+, currently the 'ssl' module is compiled with 'LibreSSL 2.8.3'. See: https://github.com/urllib3/urllib3/issues/3020
  warnings.warn(

[2026-05-04 21:00:01] Iniciando ciclo automático...
Horario: Fuera de horario NYSE (09:30-15:45 ET)
Ejecutando 1 señal(es) Crypto 24/7...
✅ Orden Crypto: VENDER BTC
TRAILING STOP: BTC | PnL -3.04%
Señales AT guardadas: 0

⚠️  CIERRE DETECTADO: BTC
   Precio 80,129.80 alcanzó TP 80,800.00 → ganancia +0.03%
   ✅ Cerrado
CIERRE: BTC | TRAILING STOP | PnL -3.03%
CIERRE: BTC | TAKE PROFIT | PnL +0.03%
/Users/felipefernandez/trading_signals/venv/lib/python3.9/site-packages/urllib3/__init__.py:35: NotOpenSSLWarning: urllib3 v2 only supports OpenSSL 1.1.1+, currently the 'ssl' module is compiled with 'LibreSSL 2.8.3'. See: https://github.com/urllib3/urllib3/issues/3020
  warnings.warn(

[2026-05-04 21:05:00] Iniciando ciclo automático...
Horario: Fuera de horario NYSE (09:30-15:45 ET)
Ejecutando 1 señal(es) Crypto 24/7...
✅ Orden Crypto: VENDER BTC
TRAILING STOP: BTC | PnL -3.03%
Señales AT guardadas: 0

⚠️  CIERRE DETECTADO: BTC
   Precio 80,139.49 alcanzó TP 80,800.00 → ganancia -0.02%
   ✅ Cerrado
CIERRE: BTC | TRAILING STOP | PnL -3.04%
CIERRE: BTC | TAKE PROFIT | PnL -0.02%
/Users/felipefernandez/trading_signals/venv/lib/python3.9/site-packages/urllib3/__init__.py:35: NotOpenSSLWarning: urllib3 v2 only supports OpenSSL 1.1.1+, currently the 'ssl' module is compiled with 'LibreSSL 2.8.3'. See: https://github.com/urllib3/urllib3/issues/3020
  warnings.warn(

[2026-05-04 21:10:00] Iniciando ciclo automático...
Horario: Fuera de horario NYSE (09:30-15:45 ET)
Ejecutando 1 señal(es) Crypto 24/7...
✅ Orden Crypto: VENDER BTC
TRAILING STOP: BTC | PnL -3.15%
Señales AT guardadas: 0

⚠️  CIERRE DETECTADO: BTC
   Precio 80,240.78 alcanzó TP 80,800.00 → ganancia -0.03%
   ✅ Cerrado
CIERRE: BTC | TRAILING STOP | PnL -3.18%
CIERRE: BTC | TAKE PROFIT | PnL -0.03%
/Users/felipefernandez/trading_signals/venv/lib/python3.9/site-packages/urllib3/__init__.py:35: NotOpenSSLWarning: urllib3 v2 only supports OpenSSL 1.1.1+, currently the 'ssl' module is compiled with 'LibreSSL 2.8.3'. See: https://github.com/urllib3/urllib3/issues/3020
  warnings.warn(

[2026-05-04 21:15:00] Iniciando ciclo automático...
Horario: Fuera de horario NYSE (09:30-15:45 ET)
Ejecutando 1 señal(es) Crypto 24/7...
✅ Orden Crypto: VENDER BTC
TRAILING STOP: BTC | PnL -3.16%
Señales AT guardadas: 1

⚠️  CIERRE DETECTADO: BTC
   Precio 80,229.61 alcanzó TP 80,800.00 → ganancia +0.00%
   ✅ Cerrado
CIERRE: BTC | TRAILING STOP | PnL -3.16%
CIERRE: BTC | TAKE PROFIT | PnL +0.00%
/Users/felipefernandez/trading_signals/venv/lib/python3.9/site-packages/urllib3/__init__.py:35: NotOpenSSLWarning: urllib3 v2 only supports OpenSSL 1.1.1+, currently the 'ssl' module is compiled with 'LibreSSL 2.8.3'. See: https://github.com/urllib3/urllib3/issues/3020
  warnings.warn(

[2026-05-04 21:20:00] Iniciando ciclo automático...
ERROR en ciclo: unsupported operand type(s) for -: 'NoneType' and 'float'
/Users/felipefernandez/trading_signals/venv/lib/python3.9/site-packages/urllib3/__init__.py:35: NotOpenSSLWarning: urllib3 v2 only supports OpenSSL 1.1.1+, currently the 'ssl' module is compiled with 'LibreSSL 2.8.3'. See: https://github.com/urllib3/urllib3/issues/3020
  warnings.warn(
Posiciones sincronizadas: 2 en IB
  ECH: VENDER 10.0 @ 42.39
  SQM: VENDER 112.0 @ 89.30

[2026-05-04 21:25:04] Iniciando ciclo automático...
ERROR en ciclo: unsupported operand type(s) for -: 'NoneType' and 'float'
/Users/felipefernandez/trading_signals/venv/lib/python3.9/site-packages/urllib3/__init__.py:35: NotOpenSSLWarning: urllib3 v2 only supports OpenSSL 1.1.1+, currently the 'ssl' module is compiled with 'LibreSSL 2.8.3'. See: https://github.com/urllib3/urllib3/issues/3020
  warnings.warn(
Posiciones sincronizadas: 2 en IB
  ECH: VENDER 10.0 @ 42.39
  SQM: VENDER 112.0 @ 89.30

[2026-05-04 21:30:05] Iniciando ciclo automático...
ERROR en ciclo: unsupported operand type(s) for -: 'NoneType' and 'float'
/Users/felipefernandez/trading_signals/venv/lib/python3.9/site-packages/urllib3/__init__.py:35: NotOpenSSLWarning: urllib3 v2 only supports OpenSSL 1.1.1+, currently the 'ssl' module is compiled with 'LibreSSL 2.8.3'. See: https://github.com/urllib3/urllib3/issues/3020
  warnings.warn(
Posiciones sincronizadas: 2 en IB
  ECH: VENDER 10.0 @ 42.39
  SQM: VENDER 112.0 @ 89.30

[2026-05-04 21:35:04] Iniciando ciclo automático...
ERROR en ciclo: unsupported operand type(s) for -: 'NoneType' and 'float'
/Users/felipefernandez/trading_signals/venv/lib/python3.9/site-packages/urllib3/__init__.py:35: NotOpenSSLWarning: urllib3 v2 only supports OpenSSL 1.1.1+, currently the 'ssl' module is compiled with 'LibreSSL 2.8.3'. See: https://github.com/urllib3/urllib3/issues/3020
  warnings.warn(
Posiciones sincronizadas: 2 en IB
  ECH: VENDER 10.0 @ 42.39
  SQM: VENDER 112.0 @ 89.30

[2026-05-04 21:40:04] Iniciando ciclo automático...
ERROR en ciclo: unsupported operand type(s) for -: 'NoneType' and 'float'
/Users/felipefernandez/trading_signals/venv/lib/python3.9/site-packages/urllib3/__init__.py:35: NotOpenSSLWarning: urllib3 v2 only supports OpenSSL 1.1.1+, currently the 'ssl' module is compiled with 'LibreSSL 2.8.3'. See: https://github.com/urllib3/urllib3/issues/3020
  warnings.warn(
Posiciones sincronizadas: 2 en IB
  ECH: VENDER 10.0 @ 42.39
  SQM: VENDER 112.0 @ 89.30

[2026-05-04 21:45:04] Iniciando ciclo automático...
ERROR en ciclo: unsupported operand type(s) for -: 'NoneType' and 'float'
/Users/felipefernandez/trading_signals/venv/lib/python3.9/site-packages/urllib3/__init__.py:35: NotOpenSSLWarning: urllib3 v2 only supports OpenSSL 1.1.1+, currently the 'ssl' module is compiled with 'LibreSSL 2.8.3'. See: https://github.com/urllib3/urllib3/issues/3020
  warnings.warn(
Posiciones sincronizadas: 2 en IB
  ECH: VENDER 10.0 @ 42.39
  SQM: VENDER 112.0 @ 89.30

[2026-05-04 21:50:04] Iniciando ciclo automático...
ERROR en ciclo: unsupported operand type(s) for -: 'NoneType' and 'float'
/Users/felipefernandez/trading_signals/venv/lib/python3.9/site-packages/urllib3/__init__.py:35: NotOpenSSLWarning: urllib3 v2 only supports OpenSSL 1.1.1+, currently the 'ssl' module is compiled with 'LibreSSL 2.8.3'. See: https://github.com/urllib3/urllib3/issues/3020
  warnings.warn(
Posiciones sincronizadas: 2 en IB
  ECH: VENDER 10.0 @ 42.39
  SQM: VENDER 112.0 @ 89.30

[2026-05-04 21:55:04] Iniciando ciclo automático...
ERROR en ciclo: unsupported operand type(s) for -: 'NoneType' and 'float'
/Users/felipefernandez/trading_signals/venv/lib/python3.9/site-packages/urllib3/__init__.py:35: NotOpenSSLWarning: urllib3 v2 only supports OpenSSL 1.1.1+, currently the 'ssl' module is compiled with 'LibreSSL 2.8.3'. See: https://github.com/urllib3/urllib3/issues/3020
  warnings.warn(
Posiciones sincronizadas: 2 en IB
  ECH: VENDER 10.0 @ 42.39
  SQM: VENDER 112.0 @ 89.30

[2026-05-04 22:00:05] Iniciando ciclo automático...
ERROR en ciclo: unsupported operand type(s) for -: 'NoneType' and 'float'
/Users/felipefernandez/trading_signals/venv/lib/python3.9/site-packages/urllib3/__init__.py:35: NotOpenSSLWarning: urllib3 v2 only supports OpenSSL 1.1.1+, currently the 'ssl' module is compiled with 'LibreSSL 2.8.3'. See: https://github.com/urllib3/urllib3/issues/3020
  warnings.warn(
Posiciones sincronizadas: 2 en IB
  ECH: VENDER 10.0 @ 42.39
  SQM: VENDER 112.0 @ 89.30

[2026-05-04 23:03:12] Iniciando ciclo automático...
ERROR en ciclo: unsupported operand type(s) for -: 'NoneType' and 'float'
/Users/felipefernandez/trading_signals/venv/lib/python3.9/site-packages/urllib3/__init__.py:35: NotOpenSSLWarning: urllib3 v2 only supports OpenSSL 1.1.1+, currently the 'ssl' module is compiled with 'LibreSSL 2.8.3'. See: https://github.com/urllib3/urllib3/issues/3020
  warnings.warn(
Posiciones sincronizadas: 2 en IB
  ECH: VENDER 10.0 @ 42.39
  SQM: VENDER 112.0 @ 89.30

[2026-05-04 23:03:20] Iniciando ciclo automático...
ERROR en ciclo: unsupported operand type(s) for -: 'NoneType' and 'float'
/Users/felipefernandez/trading_signals/venv/lib/python3.9/site-packages/urllib3/__init__.py:35: NotOpenSSLWarning: urllib3 v2 only supports OpenSSL 1.1.1+, currently the 'ssl' module is compiled with 'LibreSSL 2.8.3'. See: https://github.com/urllib3/urllib3/issues/3020
  warnings.warn(
Posiciones sincronizadas: 2 en IB
  ECH: VENDER 10.0 @ 42.39
  SQM: VENDER 112.0 @ 89.30

[2026-05-04 23:20:08] Iniciando ciclo automático...
ERROR en ciclo: unsupported operand type(s) for -: 'NoneType' and 'float'
/Users/felipefernandez/trading_signals/venv/lib/python3.9/site-packages/urllib3/__init__.py:35: NotOpenSSLWarning: urllib3 v2 only supports OpenSSL 1.1.1+, currently the 'ssl' module is compiled with 'LibreSSL 2.8.3'. See: https://github.com/urllib3/urllib3/issues/3020
  warnings.warn(
Posiciones sincronizadas: 2 en IB
  ECH: VENDER 10.0 @ 42.39
  SQM: VENDER 112.0 @ 89.30

[2026-05-04 23:26:08] Iniciando ciclo automático...
ERROR en ciclo: unsupported operand type(s) for -: 'NoneType' and 'float'
/Users/felipefernandez/trading_signals/venv/lib/python3.9/site-packages/urllib3/__init__.py:35: NotOpenSSLWarning: urllib3 v2 only supports OpenSSL 1.1.1+, currently the 'ssl' module is compiled with 'LibreSSL 2.8.3'. See: https://github.com/urllib3/urllib3/issues/3020
  warnings.warn(
Posiciones sincronizadas: 2 en IB
  ECH: VENDER 10.0 @ 42.39
  SQM: VENDER 112.0 @ 89.30

[2026-05-04 23:31:22] Iniciando ciclo automático...
ERROR en ciclo: unsupported operand type(s) for -: 'NoneType' and 'float'
/Users/felipefernandez/trading_signals/venv/lib/python3.9/site-packages/urllib3/__init__.py:35: NotOpenSSLWarning: urllib3 v2 only supports OpenSSL 1.1.1+, currently the 'ssl' module is compiled with 'LibreSSL 2.8.3'. See: https://github.com/urllib3/urllib3/issues/3020
  warnings.warn(
Posiciones sincronizadas: 2 en IB
  ECH: VENDER 10.0 @ 42.39
  SQM: VENDER 112.0 @ 89.30

[2026-05-04 23:37:06] Iniciando ciclo automático...
ERROR en ciclo: unsupported operand type(s) for -: 'NoneType' and 'float'
/Users/felipefernandez/trading_signals/venv/lib/python3.9/site-packages/urllib3/__init__.py:35: NotOpenSSLWarning: urllib3 v2 only supports OpenSSL 1.1.1+, currently the 'ssl' module is compiled with 'LibreSSL 2.8.3'. See: https://github.com/urllib3/urllib3/issues/3020
  warnings.warn(
/Users/felipefernandez/trading_signals/venv/lib/python3.9/site-packages/pytrends/request.py:260: FutureWarning: Downcasting object dtype arrays on .fillna, .ffill, .bfill is deprecated and will change in a future version. Call result.infer_objects(copy=False) instead. To opt-in to the future behavior, set `pd.set_option('future.no_silent_downcasting', True)`
  df = df.fillna(False)
/Users/felipefernandez/trading_signals/venv/lib/python3.9/site-packages/pytrends/request.py:260: FutureWarning: Downcasting object dtype arrays on .fillna, .ffill, .bfill is deprecated and will change in a future version. Call result.infer_objects(copy=False) instead. To opt-in to the future behavior, set `pd.set_option('future.no_silent_downcasting', True)`
  df = df.fillna(False)
Device set to use mps:0
/Users/felipefernandez/trading_signals/venv/lib/python3.9/site-packages/pytrends/request.py:260: FutureWarning: Downcasting object dtype arrays on .fillna, .ffill, .bfill is deprecated and will change in a future version. Call result.infer_objects(copy=False) instead. To opt-in to the future behavior, set `pd.set_option('future.no_silent_downcasting', True)`
  df = df.fillna(False)
Posiciones eliminadas (no están en IB): ['ECH', 'SQM']
Posiciones sincronizadas: 0 en IB

[2026-05-05 01:10:41] Iniciando ciclo automático...
Horario: Fuera de horario NYSE (09:30-15:45 ET)
  Cargando precios de 52 activos...
  Precios disponibles: 52/52
Error Trends ['Copec', 'bencina chile', 'petroleo chile']: The request failed: Google returned a response with code 429
Error Trends ['IPSA', 'bolsa chile', 'acciones chile']: The request failed: Google returned a response with code 429
Error cargando modelo NLP: cannot import name 'pipeline' from 'transformers' (/Users/felipefernandez/trading_signals/venv/lib/python3.9/site-packages/transformers/__init__.py)
Ejecutando 1 señal(es) Crypto 24/7...
✅ Orden Crypto: VENDER BTC
TRAILING STOP: BTC | PnL -4.05%
Señales AT guardadas: 13
CIERRE: BTC | TRAILING STOP | PnL -4.08%
Posición: BTC | precio 81,116.00 | PnL -0.24%
/Users/felipefernandez/trading_signals/venv/lib/python3.9/site-packages/urllib3/__init__.py:35: NotOpenSSLWarning: urllib3 v2 only supports OpenSSL 1.1.1+, currently the 'ssl' module is compiled with 'LibreSSL 2.8.3'. See: https://github.com/urllib3/urllib3/issues/3020
  warnings.warn(
/Users/felipefernandez/trading_signals/venv/lib/python3.9/site-packages/urllib3/__init__.py:35: NotOpenSSLWarning: urllib3 v2 only supports OpenSSL 1.1.1+, currently the 'ssl' module is compiled with 'LibreSSL 2.8.3'. See: https://github.com/urllib3/urllib3/issues/3020
  warnings.warn(
Error sincronizando: No conecta con TWS — ¿está abierto?

[2026-05-05 01:27:23] Iniciando ciclo automático...
Horario: Fuera de horario NYSE (09:30-15:45 ET)
Error analizando GC=F: 'NoneType' object is not subscriptable
Ejecutando 1 señal(es) Crypto 24/7...
✅ Orden Crypto: VENDER BTC
TRAILING STOP: BTC | PnL -4.20%
Error analizando HG=F: 'NoneType' object is not subscriptable
Señales AT guardadas: 1
CIERRE: BTC | TRAILING STOP | PnL -4.32%
Posición: BTC | precio 81,134.20 | PnL -0.14%
Posiciones sincronizadas: 0 en IB

[2026-05-05 01:27:36] Iniciando ciclo automático...
Horario: Fuera de horario NYSE (09:30-15:45 ET)
Error Kalshi [KXBTC]: ('Connection aborted.', ConnectionResetError(54, 'Connection reset by peer'))
Error analizando COPEC.SN: 'NoneType' object is not subscriptable
Error macro USA [DX-Y.NYB]: 'NoneType' object is not subscriptable
Sin señales Crypto activas
TRAILING STOP: BTC | PnL -4.21%
Error analizando COLBUN.SN: 'NoneType' object is not subscriptable
Señales AT guardadas: 0
CIERRE: BTC | TRAILING STOP | PnL -4.32%
Posición: BTC | precio 81,134.20 | PnL -0.14%
/Users/felipefernandez/trading_signals/venv/lib/python3.9/site-packages/urllib3/__init__.py:35: NotOpenSSLWarning: urllib3 v2 only supports OpenSSL 1.1.1+, currently the 'ssl' module is compiled with 'LibreSSL 2.8.3'. See: https://github.com/urllib3/urllib3/issues/3020
  warnings.warn(
/Users/felipefernandez/trading_signals/venv/lib/python3.9/site-packages/urllib3/__init__.py:35: NotOpenSSLWarning: urllib3 v2 only supports OpenSSL 1.1.1+, currently the 'ssl' module is compiled with 'LibreSSL 2.8.3'. See: https://github.com/urllib3/urllib3/issues/3020
  warnings.warn(
Posiciones sincronizadas: 0 en IB

[2026-05-05 01:38:34] Iniciando ciclo automático...
Horario: Fuera de horario NYSE (09:30-15:45 ET)
Error P/C SPY: Failed to perform, curl: (28) Operation timed out after 304554 milliseconds with 0 bytes received. See https://curl.se/libcurl/c/libcurl-errors.html first for more details.
Ejecutando 1 señal(es) Crypto 24/7...
TRAILING STOP: BTC | PnL -4.08%
Error analizando GC=F: 'NoneType' object is not subscriptable
Señales AT guardadas: 0
/Users/felipefernandez/trading_signals/venv/lib/python3.9/site-packages/urllib3/__init__.py:35: NotOpenSSLWarning: urllib3 v2 only supports OpenSSL 1.1.1+, currently the 'ssl' module is compiled with 'LibreSSL 2.8.3'. See: https://github.com/urllib3/urllib3/issues/3020
  warnings.warn(
Error sincronizando: No conecta con TWS — ¿está abierto?

[2026-05-05 01:38:28] Iniciando ciclo automático...
Horario: Fuera de horario NYSE (09:30-15:45 ET)
Error analizando COLBUN.SN: 'NoneType' object is not subscriptable
Ejecutando 1 señal(es) Crypto 24/7...
✅ Orden Crypto: VENDER BTC
TRAILING STOP: BTC | PnL -4.09%
Señales AT guardadas: 1
CIERRE: BTC | TRAILING STOP | PnL -4.08%
Posición: BTC | precio 81,024.34 | PnL +0.12%
/Users/felipefernandez/trading_signals/venv/lib/python3.9/site-packages/urllib3/__init__.py:35: NotOpenSSLWarning: urllib3 v2 only supports OpenSSL 1.1.1+, currently the 'ssl' module is compiled with 'LibreSSL 2.8.3'. See: https://github.com/urllib3/urllib3/issues/3020
  warnings.warn(
/Users/felipefernandez/trading_signals/venv/lib/python3.9/site-packages/urllib3/__init__.py:35: NotOpenSSLWarning: urllib3 v2 only supports OpenSSL 1.1.1+, currently the 'ssl' module is compiled with 'LibreSSL 2.8.3'. See: https://github.com/urllib3/urllib3/issues/3020
  warnings.warn(
Posiciones eliminadas (no están en IB): ['BTC']
Posiciones sincronizadas: 0 en IB

[2026-05-05 01:54:36] Iniciando ciclo automático...
Horario: Fuera de horario NYSE (09:30-15:45 ET)
  Cargando precios de 52 activos...
  Precios disponibles: 52/52
Ejecutando 1 señal(es) Crypto 24/7...
✅ Orden Crypto: VENDER BTC
TRAILING STOP: BTC | PnL -4.12%
Señales AT guardadas: 0
Error sincronizando: No conecta con TWS — ¿está abierto?

[2026-05-05 02:00:13] Iniciando ciclo automático...
Horario: Fuera de horario NYSE (09:30-15:45 ET)
Error analizando TLT: 'NoneType' object is not subscriptable
Ejecutando 1 señal(es) Crypto 24/7...
✅ Orden Crypto: VENDER BTC
TRAILING STOP: BTC | PnL -4.01%
Error analizando CENCOSUD.SN: 'NoneType' object is not subscriptable
Señales AT guardadas: 0
CIERRE: BTC | TRAILING STOP | PnL -4.03%
Posición: BTC | precio 80,906.03 | PnL -0.02%
Posiciones eliminadas (no están en IB): ['BTC']
Posiciones sincronizadas: 0 en IB

[2026-05-05 02:00:08] Iniciando ciclo automático...
Horario: Fuera de horario NYSE (09:30-15:45 ET)
Ejecutando 1 señal(es) Crypto 24/7...
TRAILING STOP: BTC | PnL -4.03%
Señales AT guardadas: 1
CIERRE: BTC | TRAILING STOP | PnL -4.04%
Posición: BTC | precio 80,916.50 | PnL -0.03%
/Users/felipefernandez/trading_signals/venv/lib/python3.9/site-packages/urllib3/__init__.py:35: NotOpenSSLWarning: urllib3 v2 only supports OpenSSL 1.1.1+, currently the 'ssl' module is compiled with 'LibreSSL 2.8.3'. See: https://github.com/urllib3/urllib3/issues/3020
  warnings.warn(
Device set to use mps:0
/Users/felipefernandez/trading_signals/venv/lib/python3.9/site-packages/pytrends/request.py:260: FutureWarning: Downcasting object dtype arrays on .fillna, .ffill, .bfill is deprecated and will change in a future version. Call result.infer_objects(copy=False) instead. To opt-in to the future behavior, set `pd.set_option('future.no_silent_downcasting', True)`
  df = df.fillna(False)
/Users/felipefernandez/trading_signals/venv/lib/python3.9/site-packages/pytrends/request.py:260: FutureWarning: Downcasting object dtype arrays on .fillna, .ffill, .bfill is deprecated and will change in a future version. Call result.infer_objects(copy=False) instead. To opt-in to the future behavior, set `pd.set_option('future.no_silent_downcasting', True)`
  df = df.fillna(False)
/Users/felipefernandez/trading_signals/venv/lib/python3.9/site-packages/pytrends/request.py:260: FutureWarning: Downcasting object dtype arrays on .fillna, .ffill, .bfill is deprecated and will change in a future version. Call result.infer_objects(copy=False) instead. To opt-in to the future behavior, set `pd.set_option('future.no_silent_downcasting', True)`
  df = df.fillna(False)
Posiciones sincronizadas: 0 en IB

[2026-05-05 02:44:41] Iniciando ciclo automático...
Horario: Fuera de horario NYSE (09:30-15:45 ET)
Error macro USA [DX-Y.NYB]: 'NoneType' object is not subscriptable
Error analizando BCI.SN: 'NoneType' object is not subscriptable
Error Kalshi [KXBTC]: ('Connection aborted.', ConnectionResetError(54, 'Connection reset by peer'))
  Cargando precios de 52 activos...
  Precios disponibles: 52/52
  Buscando 13F para SQM...
Error Google News [Banco Central Chile tasa]: HTTPSConnectionPool(host='news.google.com', port=443): Read timed out. (read timeout=8)
  Buscando 13F para ECH...
  Buscando 13F para BSAC...
  Buscando 13F para BCH...
  Buscando 13F para LTM...
Error Trends ['SQM', 'litio chile', 'lithium chile']: HTTPSConnectionPool(host='trends.google.com', port=443): Read timed out. (read timeout=25)
Error Trends ['bitcoin chile', 'crypto chile', 'BTC']: The request failed: Google returned a response with code 429
Sin señales Crypto activas
Señales AT guardadas: 1
/Users/felipefernandez/trading_signals/venv/lib/python3.9/site-packages/urllib3/__init__.py:35: NotOpenSSLWarning: urllib3 v2 only supports OpenSSL 1.1.1+, currently the 'ssl' module is compiled with 'LibreSSL 2.8.3'. See: https://github.com/urllib3/urllib3/issues/3020
  warnings.warn(
Posiciones sincronizadas: 0 en IB

[2026-05-05 04:01:37] Iniciando ciclo automático...
Horario: Fuera de horario NYSE (09:30-15:45 ET)
  Cargando precios de 52 activos...
Error Trends ['SQM', 'litio chile', 'lithium chile']: The request failed: Google returned a response with code 429
  Precios disponibles: 52/52
Error analizando ENELAM.SN: 'NoneType' object is not subscriptable
Error P/C QQQ: 'NoneType' object is not subscriptable
Error Trends ['Copec', 'bencina chile', 'petroleo chile']: HTTPSConnectionPool(host='trends.google.com', port=443): Read timed out. (read timeout=25)
Error Trends ['IPSA', 'bolsa chile', 'acciones chile']: The request failed: Google returned a response with code 429
Error Trends ['dolar chile', 'tipo de cambio', 'peso chileno']: The request failed: Google returned a response with code 429
Error Trends ['bitcoin chile', 'crypto chile', 'BTC']: The request failed: Google returned a response with code 429
Ejecutando 1 señal(es) Crypto 24/7...
✅ Orden Crypto: VENDER BTC
TRAILING STOP: BTC | PnL -3.99%
Error analizando TLT: 'NoneType' object is not subscriptable
Señales AT guardadas: 1
CIERRE: BTC | TRAILING STOP | PnL -3.96%
Posición: BTC | precio 80,848.54 | PnL +0.03%
/Users/felipefernandez/trading_signals/venv/lib/python3.9/site-packages/urllib3/__init__.py:35: NotOpenSSLWarning: urllib3 v2 only supports OpenSSL 1.1.1+, currently the 'ssl' module is compiled with 'LibreSSL 2.8.3'. See: https://github.com/urllib3/urllib3/issues/3020
  warnings.warn(
/Users/felipefernandez/trading_signals/venv/lib/python3.9/site-packages/urllib3/__init__.py:35: NotOpenSSLWarning: urllib3 v2 only supports OpenSSL 1.1.1+, currently the 'ssl' module is compiled with 'LibreSSL 2.8.3'. See: https://github.com/urllib3/urllib3/issues/3020
  warnings.warn(
Posiciones sincronizadas: 0 en IB

[2026-05-05 05:19:44] Iniciando ciclo automático...
Horario: Fuera de horario NYSE (09:30-15:45 ET)
Error P/C SPY: Failed to perform, curl: (28) Resolving timed out after 69870 milliseconds. See https://curl.se/libcurl/c/libcurl-errors.html first for more details.
Error Trends ['SQM', 'litio chile', 'lithium chile']: The request failed: Google returned a response with code 429
  Cargando precios de 52 activos...
  Precios disponibles: 52/52
Error Trends ['Copec', 'bencina chile', 'petroleo chile']: The request failed: Google returned a response with code 429
Error Trends ['IPSA', 'bolsa chile', 'acciones chile']: The request failed: Google returned a response with code 429
Error Trends ['dolar chile', 'tipo de cambio', 'peso chileno']: The request failed: Google returned a response with code 429
Error Trends ['bitcoin chile', 'crypto chile', 'BTC']: The request failed: Google returned a response with code 429
Ejecutando 1 señal(es) Crypto 24/7...
✅ Orden Crypto: VENDER BTC
TRAILING STOP: BTC | PnL -3.66%
Señales AT guardadas: 2

⚠️  CIERRE DETECTADO: BTC
   Precio 80,604.10 alcanzó TP 80,800.00 → ganancia +0.02%
   ✅ Cerrado
CIERRE: BTC | TRAILING STOP | PnL -3.64%
CIERRE: BTC | TAKE PROFIT | PnL +0.02%
Posiciones sincronizadas: 0 en IB

[2026-05-05 05:21:42] Iniciando ciclo automático...
Horario: Fuera de horario NYSE (09:30-15:45 ET)
Error Trends ['SQM', 'litio chile', 'lithium chile']: The request failed: Google returned a response with code 429
Error Trends ['Copec', 'bencina chile', 'petroleo chile']: The request failed: Google returned a response with code 429
Error Trends ['IPSA', 'bolsa chile', 'acciones chile']: The request failed: Google returned a response with code 429
Error Trends ['dolar chile', 'tipo de cambio', 'peso chileno']: The request failed: Google returned a response with code 429
Error Trends ['bitcoin chile', 'crypto chile', 'BTC']: The request failed: Google returned a response with code 429
Ejecutando 1 señal(es) Crypto 24/7...
✅ Orden Crypto: VENDER BTC
TRAILING STOP: BTC | PnL -3.66%
Señales AT guardadas: 0

⚠️  CIERRE DETECTADO: BTC
   Precio 80,614.28 alcanzó TP 80,800.00 → ganancia -0.01%
   ✅ Cerrado
CIERRE: BTC | TRAILING STOP | PnL -3.66%
CIERRE: BTC | TAKE PROFIT | PnL -0.01%
/Users/felipefernandez/trading_signals/venv/lib/python3.9/site-packages/urllib3/__init__.py:35: NotOpenSSLWarning: urllib3 v2 only supports OpenSSL 1.1.1+, currently the 'ssl' module is compiled with 'LibreSSL 2.8.3'. See: https://github.com/urllib3/urllib3/issues/3020
  warnings.warn(
Posiciones sincronizadas: 0 en IB

[2026-05-05 05:25:27] Iniciando ciclo automático...
Horario: Fuera de horario NYSE (09:30-15:45 ET)
Ejecutando 1 señal(es) Crypto 24/7...
✅ Orden Crypto: VENDER BTC
TRAILING STOP: BTC | PnL -3.70%
Señales AT guardadas: 1

⚠️  CIERRE DETECTADO: BTC
   Precio 80,652.55 alcanzó TP 80,800.00 → ganancia -0.01%
   ✅ Cerrado
CIERRE: BTC | TRAILING STOP | PnL -3.70%
CIERRE: BTC | TAKE PROFIT | PnL -0.01%
/Users/felipefernandez/trading_signals/venv/lib/python3.9/site-packages/urllib3/__init__.py:35: NotOpenSSLWarning: urllib3 v2 only supports OpenSSL 1.1.1+, currently the 'ssl' module is compiled with 'LibreSSL 2.8.3'. See: https://github.com/urllib3/urllib3/issues/3020
  warnings.warn(
Device set to use mps:0
Posiciones sincronizadas: 0 en IB

[2026-05-05 05:30:27] Iniciando ciclo automático...
Horario: Fuera de horario NYSE (09:30-15:45 ET)
Ejecutando 1 señal(es) Crypto 24/7...
✅ Orden Crypto: VENDER BTC
TRAILING STOP: BTC | PnL -3.76%
Señales AT guardadas: 1

⚠️  CIERRE DETECTADO: BTC
   Precio 80,688.17 alcanzó TP 80,800.00 → ganancia +0.00%
   ✅ Cerrado
CIERRE: BTC | TRAILING STOP | PnL -3.75%
CIERRE: BTC | TAKE PROFIT | PnL +0.00%
/Users/felipefernandez/trading_signals/venv/lib/python3.9/site-packages/urllib3/__init__.py:35: NotOpenSSLWarning: urllib3 v2 only supports OpenSSL 1.1.1+, currently the 'ssl' module is compiled with 'LibreSSL 2.8.3'. See: https://github.com/urllib3/urllib3/issues/3020
  warnings.warn(
Exception in thread Thread-4:
Traceback (most recent call last):
  File "/Library/Developer/CommandLineTools/Library/Frameworks/Python3.framework/Versions/3.9/lib/python3.9/threading.py", line 973, in _bootstrap_inner
    self.run()
  File "/Library/Developer/CommandLineTools/Library/Frameworks/Python3.framework/Versions/3.9/lib/python3.9/threading.py", line 910, in run
    self._target(*self._args, **self._kwargs)
  File "/Users/felipefernandez/trading_signals/venv/lib/python3.9/site-packages/ibapi/client.py", line 276, in run
    self.disconnect()
  File "/Users/felipefernandez/trading_signals/venv/lib/python3.9/site-packages/ibapi/client.py", line 212, in disconnect
    self.conn.disconnect()
AttributeError: 'NoneType' object has no attribute 'disconnect'
Posiciones sincronizadas: 0 en IB

[2026-05-05 05:35:27] Iniciando ciclo automático...
Horario: Fuera de horario NYSE (09:30-15:45 ET)
Ejecutando 1 señal(es) Crypto 24/7...
✅ Orden Crypto: VENDER BTC
TRAILING STOP: BTC | PnL -3.68%
Señales AT guardadas: 0

⚠️  CIERRE DETECTADO: BTC
   Precio 80,622.24 alcanzó TP 80,800.00 → ganancia +0.01%
   ✅ Cerrado
CIERRE: BTC | TRAILING STOP | PnL -3.68%
CIERRE: BTC | TAKE PROFIT | PnL +0.01%
/Users/felipefernandez/trading_signals/venv/lib/python3.9/site-packages/urllib3/__init__.py:35: NotOpenSSLWarning: urllib3 v2 only supports OpenSSL 1.1.1+, currently the 'ssl' module is compiled with 'LibreSSL 2.8.3'. See: https://github.com/urllib3/urllib3/issues/3020
  warnings.warn(
Error sincronizando: No conecta con TWS — ¿está abierto?

[2026-05-05 05:45:09] Iniciando ciclo automático...
Horario: Fuera de horario NYSE (09:30-15:45 ET)
Ejecutando 1 señal(es) Crypto 24/7...
✅ Orden Crypto: VENDER BTC
TRAILING STOP: BTC | PnL -3.64%
Señales AT guardadas: 0

⚠️  CIERRE DETECTADO: BTC
   Precio 80,603.96 alcanzó TP 80,800.00 → ganancia -0.00%
   ✅ Cerrado
CIERRE: BTC | TRAILING STOP | PnL -3.64%
CIERRE: BTC | TAKE PROFIT | PnL -0.00%
/Users/felipefernandez/trading_signals/venv/lib/python3.9/site-packages/urllib3/__init__.py:35: NotOpenSSLWarning: urllib3 v2 only supports OpenSSL 1.1.1+, currently the 'ssl' module is compiled with 'LibreSSL 2.8.3'. See: https://github.com/urllib3/urllib3/issues/3020
  warnings.warn(
Posiciones sincronizadas: 2 en IB
  ECH: VENDER 10.0 @ 42.39
  SQM: VENDER 112.0 @ 89.30

[2026-05-05 05:50:04] Iniciando ciclo automático...
ERROR en ciclo: unsupported operand type(s) for -: 'NoneType' and 'float'
