2026-04-27 21:06:42,021 [ERROR] HTTP Error 404: {"quoteSummary":{"result":null,"error":{"code":"Not Found","description":"Quote not found for symbol: COPEC"}}}
2026-04-27 21:06:43,295 [ERROR] $COPEC: possibly delisted; no price data found  (period=2d) (Yahoo error = "No data found, symbol may be delisted")
2026-04-27 21:07:25,576 [ERROR] HTTP Error 404: {"quoteSummary":{"result":null,"error":{"code":"Not Found","description":"Quote not found for symbol: COPEC"}}}
2026-04-27 21:07:26,307 [ERROR] $COPEC: possibly delisted; no price data found  (period=2d) (Yahoo error = "No data found, symbol may be delisted")
2026-04-27 21:14:19,121 [ERROR] HTTP Error 404: {"quoteSummary":{"result":null,"error":{"code":"Not Found","description":"Quote not found for symbol: COPEC"}}}
2026-04-27 21:14:20,034 [ERROR] $COPEC: possibly delisted; no price data found  (period=2d) (Yahoo error = "No data found, symbol may be delisted")
2026-04-27 21:14:51,479 [ERROR] HTTP Error 404: {"quoteSummary":{"result":null,"error":{"code":"Not Found","description":"Quote not found for symbol: COPEC"}}}
2026-04-27 21:14:52,269 [ERROR] $COPEC: possibly delisted; no price data found  (period=2d) (Yahoo error = "No data found, symbol may be delisted")
2026-04-27 21:16:46,139 [ERROR] HTTP Error 404: {"quoteSummary":{"result":null,"error":{"code":"Not Found","description":"Quote not found for symbol: COPEC"}}}
2026-04-27 21:16:47,235 [ERROR] $COPEC: possibly delisted; no price data found  (period=2d) (Yahoo error = "No data found, symbol may be delisted")
2026-04-27 21:17:32,643 [ERROR] HTTP Error 404: {"quoteSummary":{"result":null,"error":{"code":"Not Found","description":"Quote not found for symbol: COPEC"}}}
2026-04-27 21:17:33,429 [ERROR] $COPEC: possibly delisted; no price data found  (period=2d) (Yahoo error = "No data found, symbol may be delisted")
2026-04-27 21:23:17,729 [ERROR] HTTP Error 404: {"quoteSummary":{"result":null,"error":{"code":"Not Found","description":"Quote not found for symbol: COPEC"}}}
2026-04-27 21:23:18,825 [ERROR] $COPEC: possibly delisted; no price data found  (period=2d) (Yahoo error = "No data found, symbol may be delisted")
2026-04-27 21:23:55,137 [ERROR] HTTP Error 404: {"quoteSummary":{"result":null,"error":{"code":"Not Found","description":"Quote not found for symbol: COPEC"}}}
2026-04-27 21:23:55,929 [ERROR] $COPEC: possibly delisted; no price data found  (period=2d) (Yahoo error = "No data found, symbol may be delisted")
2026-04-27 21:25:39,709 [ERROR] $COPEC: possibly delisted; no price data found  (period=2d) (Yahoo error = "No data found, symbol may be delisted")
2026-04-27 21:26:06,860 [ERROR] 
1 Failed download:
2026-04-27 21:26:06,860 [ERROR] ['CL=F']: TypeError("'NoneType' object is not subscriptable")
2026-04-27 21:26:07,711 [ERROR] 
1 Failed download:
2026-04-27 21:26:07,711 [ERROR] ['DX-Y.NYB']: TypeError("'NoneType' object is not subscriptable")
2026-04-27 21:27:07,587 [ERROR] HTTP Error 404: {"quoteSummary":{"result":null,"error":{"code":"Not Found","description":"Quote not found for symbol: COPEC"}}}
2026-04-27 21:27:08,863 [ERROR] $COPEC: possibly delisted; no price data found  (period=2d) (Yahoo error = "No data found, symbol may be delisted")
2026-04-27 21:27:40,391 [ERROR] HTTP Error 404: {"quoteSummary":{"result":null,"error":{"code":"Not Found","description":"Quote not found for symbol: COPEC"}}}
2026-04-27 21:27:41,306 [ERROR] $COPEC: possibly delisted; no price data found  (period=2d) (Yahoo error = "No data found, symbol may be delisted")
2026-04-27 21:28:24,848 [ERROR] $COPEC: possibly delisted; no price data found  (period=2d) (Yahoo error = "No data found, symbol may be delisted")
2026-04-27 21:29:01,694 [ERROR] 
1 Failed download:
2026-04-27 21:29:01,702 [ERROR] ['^VIX']: TypeError("'NoneType' object is not subscriptable")
2026-04-27 21:31:18,764 [ERROR] HTTP Error 404: {"quoteSummary":{"result":null,"error":{"code":"Not Found","description":"Quote not found for symbol: COPEC"}}}
2026-04-27 21:31:20,350 [ERROR] $COPEC: possibly delisted; no price data found  (period=2d) (Yahoo error = "No data found, symbol may be delisted")
2026-04-27 21:31:53,254 [ERROR] HTTP Error 404: {"quoteSummary":{"result":null,"error":{"code":"Not Found","description":"Quote not found for symbol: COPEC"}}}
2026-04-27 21:31:54,143 [ERROR] $COPEC: possibly delisted; no price data found  (period=2d) (Yahoo error = "No data found, symbol may be delisted")
2026-04-27 21:34:26,169 [ERROR] $COPEC: possibly delisted; no price data found  (period=2d) (Yahoo error = "No data found, symbol may be delisted")
2026-04-27 21:34:59,942 [ERROR] $COPEC: possibly delisted; no price data found  (period=2d) (Yahoo error = "No data found, symbol may be delisted")
2026-04-27 21:35:01,368 [INFO] Motor ACTIVADO
2026-04-27 21:35:43,097 [ERROR] $COPEC: possibly delisted; no price data found  (period=2d) (Yahoo error = "No data found, symbol may be delisted")
2026-04-27 21:36:15,404 [ERROR] $COPEC: possibly delisted; no price data found  (period=2d) (Yahoo error = "No data found, symbol may be delisted")
2026-04-27 21:45:34,212 [INFO] Fuera de horario: Fuera de horario (09:30-15:45 ET)
2026-04-27 21:46:12,638 [ERROR] $COPEC: possibly delisted; no price data found  (period=2d) (Yahoo error = "No data found, symbol may be delisted")
2026-04-27 21:46:47,543 [ERROR] $COPEC: possibly delisted; no price data found  (period=2d) (Yahoo error = "No data found, symbol may be delisted")
2026-04-27 21:50:35,278 [INFO] Fuera de horario: Fuera de horario (09:30-15:45 ET)
2026-04-27 21:51:14,459 [ERROR] HTTP Error 404: {"quoteSummary":{"result":null,"error":{"code":"Not Found","description":"Quote not found for symbol: COPEC"}}}
2026-04-27 21:51:15,716 [ERROR] $COPEC: possibly delisted; no price data found  (period=2d) (Yahoo error = "No data found, symbol may be delisted")
2026-04-27 21:51:45,049 [ERROR] HTTP Error 404: {"quoteSummary":{"result":null,"error":{"code":"Not Found","description":"Quote not found for symbol: COPEC"}}}
2026-04-27 21:51:45,772 [ERROR] $COPEC: possibly delisted; no price data found  (period=2d) (Yahoo error = "No data found, symbol may be delisted")
2026-04-27 22:00:39,976 [INFO] Fuera de horario: Fuera de horario (09:30-15:45 ET)
2026-04-27 22:01:17,788 [ERROR] HTTP Error 404: {"quoteSummary":{"result":null,"error":{"code":"Not Found","description":"Quote not found for symbol: COPEC"}}}
2026-04-27 22:01:18,931 [ERROR] $COPEC: possibly delisted; no price data found  (period=2d) (Yahoo error = "No data found, symbol may be delisted")
2026-04-27 22:01:31,296 [ERROR] 
1 Failed download:
2026-04-27 22:01:31,297 [ERROR] ['CMPC.SN']: TypeError("'NoneType' object is not subscriptable")
2026-04-27 22:01:48,375 [ERROR] 
1 Failed download:
2026-04-27 22:01:48,383 [ERROR] ['HG=F']: TypeError("'NoneType' object is not subscriptable")
2026-04-27 22:06:11,808 [INFO] Fuera de horario: Fuera de horario (09:30-15:45 ET)
2026-04-27 22:06:52,882 [ERROR] HTTP Error 404: {"quoteSummary":{"result":null,"error":{"code":"Not Found","description":"Quote not found for symbol: COPEC"}}}
2026-04-27 22:06:53,884 [ERROR] $COPEC: possibly delisted; no price data found  (period=2d) (Yahoo error = "No data found, symbol may be delisted")
2026-04-27 22:07:29,678 [ERROR] HTTP Error 404: {"quoteSummary":{"result":null,"error":{"code":"Not Found","description":"Quote not found for symbol: COPEC"}}}
2026-04-27 22:07:30,467 [ERROR] $COPEC: possibly delisted; no price data found  (period=2d) (Yahoo error = "No data found, symbol may be delisted")
2026-04-27 22:14:41,652 [INFO] Fuera de horario: Fuera de horario (09:30-15:45 ET)
2026-04-27 22:15:48,853 [ERROR] HTTP Error 404: {"quoteSummary":{"result":null,"error":{"code":"Not Found","description":"Quote not found for symbol: COPEC"}}}
2026-04-27 22:15:50,075 [ERROR] $COPEC: possibly delisted; no price data found  (period=2d) (Yahoo error = "No data found, symbol may be delisted")
2026-04-27 22:16:32,853 [ERROR] HTTP Error 404: {"quoteSummary":{"result":null,"error":{"code":"Not Found","description":"Quote not found for symbol: COPEC"}}}
2026-04-27 22:16:33,585 [ERROR] $COPEC: possibly delisted; no price data found  (period=2d) (Yahoo error = "No data found, symbol may be delisted")
2026-04-27 22:23:18,443 [INFO] Fuera de horario: Fuera de horario (09:30-15:45 ET)
2026-04-27 22:25:00,358 [ERROR] HTTP Error 404: {"quoteSummary":{"result":null,"error":{"code":"Not Found","description":"Quote not found for symbol: COPEC"}}}
2026-04-27 22:25:01,360 [ERROR] $COPEC: possibly delisted; no price data found  (period=2d) (Yahoo error = "No data found, symbol may be delisted")
2026-04-27 22:25:37,018 [ERROR] 
1 Failed download:
2026-04-27 22:25:37,020 [ERROR] ['ECH']: TypeError("'NoneType' object is not subscriptable")
2026-04-27 22:26:08,960 [ERROR] HTTP Error 404: {"quoteSummary":{"result":null,"error":{"code":"Not Found","description":"Quote not found for symbol: COPEC"}}}
2026-04-27 22:26:09,881 [ERROR] $COPEC: possibly delisted; no price data found  (period=2d) (Yahoo error = "No data found, symbol may be delisted")
2026-04-27 22:26:46,852 [INFO] Fuera de horario: Fuera de horario (09:30-15:45 ET)
2026-04-27 22:28:27,206 [ERROR] HTTP Error 404: {"quoteSummary":{"result":null,"error":{"code":"Not Found","description":"Quote not found for symbol: COPEC"}}}
2026-04-27 22:28:28,690 [ERROR] $COPEC: possibly delisted; no price data found  (period=2d) (Yahoo error = "No data found, symbol may be delisted")
2026-04-27 22:40:21,385 [INFO] Fuera de horario: Fuera de horario (09:30-15:45 ET)
2026-04-27 22:41:41,370 [ERROR] HTTP Error 404: {"quoteSummary":{"result":null,"error":{"code":"Not Found","description":"Quote not found for symbol: COPEC"}}}
2026-04-27 22:41:42,392 [ERROR] $COPEC: possibly delisted; no price data found  (period=2d) (Yahoo error = "No data found, symbol may be delisted")
2026-04-27 22:42:46,961 [ERROR] HTTP Error 404: {"quoteSummary":{"result":null,"error":{"code":"Not Found","description":"Quote not found for symbol: COPEC"}}}
2026-04-27 22:42:47,750 [ERROR] $COPEC: possibly delisted; no price data found  (period=2d) (Yahoo error = "No data found, symbol may be delisted")
2026-04-28 09:01:18,778 [INFO] Fuera de horario: Fuera de horario (09:30-15:45 ET)
2026-04-28 09:03:28,989 [ERROR] HTTP Error 404: {"quoteSummary":{"result":null,"error":{"code":"Not Found","description":"Quote not found for symbol: COPEC"}}}
2026-04-28 09:03:30,228 [ERROR] $COPEC: possibly delisted; no price data found  (period=2d) (Yahoo error = "No data found, symbol may be delisted")
2026-04-28 09:04:49,899 [ERROR] HTTP Error 404: {"quoteSummary":{"result":null,"error":{"code":"Not Found","description":"Quote not found for symbol: COPEC"}}}
2026-04-28 09:04:50,714 [ERROR] $COPEC: possibly delisted; no price data found  (period=2d) (Yahoo error = "No data found, symbol may be delisted")
2026-04-28 09:16:19,171 [INFO] Fuera de horario: Fuera de horario (09:30-15:45 ET)
2026-04-28 09:18:19,119 [ERROR] $COPEC: possibly delisted; no price data found  (period=2d) (Yahoo error = "No data found, symbol may be delisted")
2026-04-28 09:21:45,299 [ERROR] $COPEC: possibly delisted; no price data found  (period=2d) (Yahoo error = "No data found, symbol may be delisted")
2026-04-28 09:37:17,806 [ERROR] $COPEC.SN: possibly delisted; no price data found  (period=1d)
2026-04-28 09:37:18,731 [ERROR] $COPEC.SN: possibly delisted; no price data found  (period=1d)
2026-04-28 09:37:29,381 [ERROR] $COPEC.SN: possibly delisted; no price data found  (period=1d)
2026-04-28 09:37:29,843 [ERROR] $COPEC.SN: possibly delisted; no price data found  (period=1d)
2026-04-28 09:37:30,554 [INFO] Ciclo completado: 0 aperturas, 0 cierres
2026-04-28 09:37:37,169 [INFO] Ciclo completado: 0 aperturas, 0 cierres
2026-04-28 09:39:29,468 [ERROR] $COPEC: possibly delisted; no price data found  (period=2d) (Yahoo error = "No data found, symbol may be delisted")
2026-04-28 09:41:32,727 [ERROR] $COPEC: possibly delisted; no price data found  (period=2d) (Yahoo error = "No data found, symbol may be delisted")
2026-04-28 09:52:38,795 [ERROR] $COPEC.SN: possibly delisted; no price data found  (period=1d)
2026-04-28 09:52:39,367 [ERROR] $COPEC.SN: possibly delisted; no price data found  (period=1d)
2026-04-28 09:52:51,436 [INFO] Ciclo completado: 0 aperturas, 0 cierres
2026-04-28 09:54:25,088 [ERROR] $COPEC: possibly delisted; no price data found  (period=2d) (Yahoo error = "No data found, symbol may be delisted")
2026-04-28 10:17:25,482 [INFO] Ciclo completado: 0 aperturas, 0 cierres
2026-04-28 10:19:11,909 [ERROR] $COPEC: possibly delisted; no price data found  (period=2d) (Yahoo error = "No data found, symbol may be delisted")
2026-04-28 10:19:52,676 [INFO] Ciclo completado: 0 aperturas, 0 cierres
2026-04-28 10:20:20,235 [INFO] Ciclo completado: 0 aperturas, 0 cierres
2026-04-28 10:22:02,194 [ERROR] HTTP Error 404: {"quoteSummary":{"result":null,"error":{"code":"Not Found","description":"Quote not found for symbol: COPEC"}}}
2026-04-28 10:22:03,374 [ERROR] $COPEC: possibly delisted; no price data found  (period=2d) (Yahoo error = "No data found, symbol may be delisted")
2026-04-28 10:23:35,349 [ERROR] HTTP Error 404: {"quoteSummary":{"result":null,"error":{"code":"Not Found","description":"Quote not found for symbol: COPEC"}}}
2026-04-28 10:23:36,337 [ERROR] $COPEC: possibly delisted; no price data found  (period=2d) (Yahoo error = "No data found, symbol may be delisted")
2026-04-28 10:23:47,741 [ERROR] 
1 Failed download:
2026-04-28 10:23:47,748 [ERROR] ['BCI.SN']: TypeError("'NoneType' object is not subscriptable")
2026-04-28 10:36:57,425 [INFO] Ciclo completado: 0 aperturas, 0 cierres
2026-04-28 10:38:32,774 [ERROR] $COPEC: possibly delisted; no price data found  (period=2d) (Yahoo error = "No data found, symbol may be delisted")
2026-04-28 10:39:16,297 [INFO] Ciclo completado: 0 aperturas, 0 cierres
2026-04-28 10:40:51,089 [ERROR] $COPEC: possibly delisted; no price data found  (period=2d) (Yahoo error = "No data found, symbol may be delisted")
2026-04-28 10:42:26,839 [ERROR] $COPEC: possibly delisted; no price data found  (period=2d) (Yahoo error = "No data found, symbol may be delisted")
2026-04-28 10:50:03,403 [INFO] Ciclo completado: 0 aperturas, 0 cierres
2026-04-28 10:51:34,314 [ERROR] $COPEC: possibly delisted; no price data found  (period=2d) (Yahoo error = "No data found, symbol may be delisted")
2026-04-28 10:54:03,639 [ERROR] $COPEC: possibly delisted; no price data found  (period=2d) (Yahoo error = "No data found, symbol may be delisted")
2026-04-28 10:55:29,842 [ERROR] $COPEC: possibly delisted; no price data found  (period=2d) (Yahoo error = "No data found, symbol may be delisted")
2026-04-28 10:55:31,159 [INFO] sent startApi
2026-04-28 10:55:31,159 [INFO] REQUEST startApi {}
2026-04-28 10:55:31,159 [INFO] SENDING startApi b'\x00\x00\x00\t71\x002\x0010\x00\x00'
2026-04-28 10:55:31,159 [INFO] ANSWER connectAck {}
2026-04-28 10:55:31,173 [INFO] ANSWER managedAccounts {'accountsList': 'DUP838882'}
2026-04-28 10:55:33,177 [INFO] disconnecting
2026-04-28 10:55:33,178 [INFO] ANSWER connectionClosed {}
2026-04-28 10:55:48,663 [INFO] Ciclo completado: 0 aperturas, 0 cierres
2026-04-28 10:57:20,414 [ERROR] $COPEC: possibly delisted; no price data found  (period=2d) (Yahoo error = "No data found, symbol may be delisted")
2026-04-28 11:00:04,346 [ERROR] $COPEC: possibly delisted; no price data found  (period=2d) (Yahoo error = "No data found, symbol may be delisted")
2026-04-28 11:02:21,732 [ERROR] $COPEC: possibly delisted; no price data found  (period=2d) (Yahoo error = "No data found, symbol may be delisted")
2026-04-28 11:02:22,927 [INFO] sent startApi
2026-04-28 11:02:22,927 [INFO] REQUEST startApi {}
2026-04-28 11:02:22,927 [INFO] SENDING startApi b'\x00\x00\x00\t71\x002\x0010\x00\x00'
2026-04-28 11:02:22,927 [INFO] ANSWER connectAck {}
2026-04-28 11:02:22,928 [INFO] ANSWER managedAccounts {'accountsList': 'DUP838882'}
2026-04-28 11:02:24,941 [INFO] disconnecting
2026-04-28 11:02:24,942 [INFO] ANSWER connectionClosed {}
2026-04-28 11:02:38,558 [INFO] Ciclo completado: 0 aperturas, 0 cierres
2026-04-28 11:06:48,765 [ERROR] $COPEC: possibly delisted; no price data found  (period=2d) (Yahoo error = "No data found, symbol may be delisted")
2026-04-28 11:08:27,196 [ERROR] $COPEC: possibly delisted; no price data found  (period=2d) (Yahoo error = "No data found, symbol may be delisted")
2026-04-28 11:09:44,400 [INFO] Ciclo completado: 0 aperturas, 0 cierres
2026-04-28 11:11:31,879 [ERROR] $COPEC: possibly delisted; no price data found  (period=2d) (Yahoo error = "No data found, symbol may be delisted")
2026-04-28 11:13:02,097 [ERROR] $COPEC: possibly delisted; no price data found  (period=2d) (Yahoo error = "No data found, symbol may be delisted")
2026-04-28 11:13:03,300 [INFO] sent startApi
2026-04-28 11:13:03,300 [INFO] REQUEST startApi {}
2026-04-28 11:13:03,300 [INFO] SENDING startApi b'\x00\x00\x00\t71\x002\x0010\x00\x00'
2026-04-28 11:13:03,300 [INFO] ANSWER connectAck {}
2026-04-28 11:13:03,302 [INFO] ANSWER managedAccounts {'accountsList': 'DUP838882'}
2026-04-28 11:13:05,309 [INFO] disconnecting
2026-04-28 11:13:05,310 [INFO] ANSWER connectionClosed {}
2026-04-28 11:14:39,565 [ERROR] $COPEC: possibly delisted; no price data found  (period=2d) (Yahoo error = "No data found, symbol may be delisted")
2026-04-28 11:16:11,199 [ERROR] $COPEC: possibly delisted; no price data found  (period=2d) (Yahoo error = "No data found, symbol may be delisted")
2026-04-28 11:19:35,570 [INFO] Ciclo completado: 0 aperturas, 0 cierres
2026-04-28 11:21:10,318 [ERROR] $COPEC: possibly delisted; no price data found  (period=2d) (Yahoo error = "No data found, symbol may be delisted")
2026-04-28 11:23:42,174 [ERROR] $COPEC: possibly delisted; no price data found  (period=2d) (Yahoo error = "No data found, symbol may be delisted")
2026-04-28 11:23:55,266 [ERROR] 
1 Failed download:
2026-04-28 11:23:55,267 [ERROR] ['CENCOSUD.SN']: TypeError("'NoneType' object is not subscriptable")
2026-04-28 11:25:00,231 [ERROR] $COPEC: possibly delisted; no price data found  (period=2d) (Yahoo error = "No data found, symbol may be delisted")
2026-04-28 20:37:04,651 [INFO] Fuera de horario: Fuera de horario (09:30-15:45 ET)
2026-04-28 20:40:04,541 [ERROR] HTTP Error 404: {"quoteSummary":{"result":null,"error":{"code":"Not Found","description":"Quote not found for symbol: COPEC"}}}
2026-04-28 20:40:06,612 [ERROR] $COPEC: possibly delisted; no price data found  (period=2d) (Yahoo error = "No data found, symbol may be delisted")
2026-04-28 20:41:48,616 [ERROR] HTTP Error 404: {"quoteSummary":{"result":null,"error":{"code":"Not Found","description":"Quote not found for symbol: COPEC"}}}
2026-04-28 20:41:49,382 [ERROR] $COPEC: possibly delisted; no price data found  (period=2d) (Yahoo error = "No data found, symbol may be delisted")
2026-04-28 20:46:58,807 [INFO] === CICLO AUTOMÁTICO INICIADO ===
2026-04-28 20:46:59,665 [INFO] Fuera de horario: Fuera de horario (09:30-15:45 ET) — solo verificando posiciones
2026-04-28 21:13:03,085 [INFO] Fuera de horario: Fuera de horario (09:30-15:45 ET)
2026-04-28 21:16:30,417 [ERROR] $COPEC: possibly delisted; no price data found  (period=2d) (Yahoo error = "No data found, symbol may be delisted")
2026-04-28 21:20:00,159 [ERROR] $COPEC: possibly delisted; no price data found  (period=2d) (Yahoo error = "No data found, symbol may be delisted")
2026-04-28 21:20:19,978 [INFO] === CICLO AUTOMÁTICO INICIADO ===
2026-04-28 21:20:21,026 [INFO] Fuera de horario: Fuera de horario (09:30-15:45 ET) — solo verificando posiciones
2026-04-28 21:28:03,493 [INFO] Fuera de horario: Fuera de horario (09:30-15:45 ET)
2026-04-28 21:35:03,146 [INFO] === CICLO AUTOMÁTICO INICIADO ===
2026-04-28 21:35:05,240 [INFO] Fuera de horario: Fuera de horario (09:30-15:45 ET) — solo verificando posiciones
2026-04-28 21:47:02,587 [INFO] === CICLO AUTOMÁTICO INICIADO ===
2026-04-28 21:47:04,706 [INFO] Fuera de horario: Fuera de horario (09:30-15:45 ET) — solo verificando posiciones
2026-04-28 22:04:04,013 [INFO] === CICLO AUTOMÁTICO INICIADO ===
2026-04-28 22:04:05,924 [INFO] Fuera de horario: Fuera de horario (09:30-15:45 ET) — solo verificando posiciones
2026-04-28 22:20:50,870 [ERROR] 
9 Failed downloads:
2026-04-28 22:20:50,871 [ERROR] ['BTC-USD', 'ECH', 'SPY', 'CL=F', '^TNX', 'GC=F', 'DX-Y.NYB', 'HG=F', '^VIX']: TypeError("'NoneType' object is not subscriptable")
2026-04-28 22:20:50,908 [ERROR] 
2 Failed downloads:
2026-04-28 22:20:50,908 [ERROR] ['HG=F', 'ECH']: TypeError("'NoneType' object is not subscriptable")
2026-04-28 22:20:50,926 [ERROR] 
6 Failed downloads:
2026-04-28 22:20:50,926 [ERROR] ['ECH', 'SPY', '^VIX', 'DX-Y.NYB', 'CL=F', 'HG=F']: TypeError("'NoneType' object is not subscriptable")
2026-04-29 01:10:53,530 [INFO] Fuera de horario: Fuera de horario (09:30-15:45 ET)
2026-04-29 03:39:41,473 [INFO] === CICLO AUTOMÁTICO INICIADO ===
2026-04-29 03:39:43,429 [INFO] Fuera de horario: Fuera de horario (09:30-15:45 ET) — solo verificando posiciones
2026-04-29 03:45:03,136 [INFO] === CICLO AUTOMÁTICO INICIADO ===
2026-04-29 03:45:04,520 [INFO] Fuera de horario: Fuera de horario (09:30-15:45 ET) — solo verificando posiciones
2026-04-29 04:01:03,166 [INFO] === CICLO AUTOMÁTICO INICIADO ===
2026-04-29 04:01:04,738 [INFO] Fuera de horario: Fuera de horario (09:30-15:45 ET) — solo verificando posiciones
2026-04-29 04:17:50,029 [INFO] Fuera de horario: Fuera de horario (09:30-15:45 ET)
2026-04-29 08:27:26,759 [INFO] Fuera de horario: Fuera de horario (09:30-15:45 ET)
2026-04-29 08:30:00,800 [INFO] === CICLO AUTOMÁTICO INICIADO ===
2026-04-29 08:30:03,737 [INFO] Fuera de horario: Fuera de horario (09:30-15:45 ET) — solo verificando posiciones
2026-04-29 08:31:07,593 [INFO] Fuera de horario: Fuera de horario (09:30-15:45 ET)
2026-04-29 08:36:59,456 [INFO] Fuera de horario: Fuera de horario (09:30-15:45 ET)
2026-04-29 08:45:00,996 [INFO] === CICLO AUTOMÁTICO INICIADO ===
2026-04-29 08:45:04,044 [INFO] Fuera de horario: Fuera de horario (09:30-15:45 ET) — solo verificando posiciones
2026-04-29 08:51:59,716 [INFO] Fuera de horario: Fuera de horario (09:30-15:45 ET)
2026-04-29 09:00:00,972 [INFO] === CICLO AUTOMÁTICO INICIADO ===
2026-04-29 09:00:04,695 [INFO] Fuera de horario: Fuera de horario (09:30-15:45 ET) — solo verificando posiciones
2026-04-29 09:15:00,972 [INFO] === CICLO AUTOMÁTICO INICIADO ===
2026-04-29 09:15:03,234 [INFO] Fuera de horario: Fuera de horario (09:30-15:45 ET) — solo verificando posiciones
2026-04-29 09:30:00,417 [INFO] === CICLO AUTOMÁTICO INICIADO ===
2026-04-29 09:30:03,817 [ERROR] $SQM: possibly delisted; no price data found  (period=1d)
2026-04-29 09:30:04,164 [ERROR] $SQM: possibly delisted; no price data found  (period=1d)
2026-04-29 09:30:29,532 [INFO] APERTURA: VENDER COPEC | Conv 84.5% | Riesgo 1/10
2026-04-29 09:30:29,589 [INFO] sent startApi
2026-04-29 09:30:29,589 [INFO] REQUEST startApi {}
2026-04-29 09:30:29,589 [INFO] SENDING startApi b'\x00\x00\x00\t71\x002\x0010\x00\x00'
2026-04-29 09:30:29,589 [INFO] ANSWER connectAck {}
2026-04-29 09:30:29,594 [INFO] ANSWER managedAccounts {'accountsList': 'DUP838882'}
2026-04-29 09:30:30,740 [INFO] REQUEST placeOrder {'orderId': 7, 'contract': 5563748016: 0,COPEC,STK,,0.0,,,SN,,CLP,,,False,,combo:, 'order': 5563748256: 0,0,0: MKT SELL 1@179769313486231570814527423731704356798070567525844996598917476803157260780028538760589558632766878171540458953514382464234321326889464182768467546703537516986049910576551282076245490090389328944075868508455133942304583236903222948165808559332123348274797826204144723168738177180919299881250404026184124858368.000000 }
2026-04-29 09:30:30,740 [INFO] SENDING placeOrder b'\x00\x00\x0133\x007\x000\x00COPEC\x00STK\x00\x000.0\x00\x00\x00SN\x00\x00CLP\x00\x00\x00\x00\x00SELL\x001\x00MKT\x00\x00\x00\x00\x00\x00\x000\x00\x000\x000\x000\x000\x000\x000\x000\x000\x00\x000\x00\x00\x00\x00\x00\x00\x00\x000\x00\x00-1\x000\x00\x00\x000\x00\x00\x000\x000\x00\x000\x00\x00\x00\x00\x00\x000\x00\x00\x00\x00\x000\x00\x00\x00\x00\x00\x00\x00\x00\x00\x00\x000\x00\x00\x000\x000\x00\x00\x000\x00\x000\x000\x000\x000\x00\x001.7976931348623157e+308\x001.7976931348623157e+308\x001.7976931348623157e+308\x001.7976931348623157e+308\x001.7976931348623157e+308\x000\x00\x00\x00\x001.7976931348623157e+308\x00\x00\x00\x00\x000\x000\x000\x00\x00'
2026-04-29 09:30:30,996 [INFO] REQUEST placeOrder {'orderId': 8, 'contract': 5563748016: 0,COPEC,STK,,0.0,,,SN,,CLP,,,False,,combo:, 'order': 5563747824: 0,0,0: STP BUY 1@179769313486231570814527423731704356798070567525844996598917476803157260780028538760589558632766878171540458953514382464234321326889464182768467546703537516986049910576551282076245490090389328944075868508455133942304583236903222948165808559332123348274797826204144723168738177180919299881250404026184124858368.000000 }
2026-04-29 09:30:30,996 [INFO] SENDING placeOrder b'\x00\x00\x0193\x008\x000\x00COPEC\x00STK\x00\x000.0\x00\x00\x00SN\x00\x00CLP\x00\x00\x00\x00\x00BUY\x001\x00STP\x00\x006864.37\x00\x00\x00\x00\x000\x00\x000\x007\x000\x000\x000\x000\x000\x000\x00\x000\x00\x00\x00\x00\x00\x00\x00\x000\x00\x00-1\x000\x00\x00\x000\x00\x00\x000\x000\x00\x000\x00\x00\x00\x00\x00\x000\x00\x00\x00\x00\x000\x00\x00\x00\x00\x00\x00\x00\x00\x00\x00\x000\x00\x00\x000\x000\x00\x00\x000\x00\x000\x000\x000\x000\x00\x001.7976931348623157e+308\x001.7976931348623157e+308\x001.7976931348623157e+308\x001.7976931348623157e+308\x001.7976931348623157e+308\x000\x00\x00\x00\x001.7976931348623157e+308\x00\x00\x00\x00\x000\x000\x000\x00\x00'
2026-04-29 09:30:31,346 [INFO] REQUEST placeOrder {'orderId': 9, 'contract': 5563748016: 0,COPEC,STK,,0.0,,,SN,,CLP,,,False,,combo:, 'order': 5563746960: 0,0,0: LMT BUY 1@5816.260000 }
2026-04-29 09:30:31,347 [INFO] SENDING placeOrder b'\x00\x00\x0193\x009\x000\x00COPEC\x00STK\x00\x000.0\x00\x00\x00SN\x00\x00CLP\x00\x00\x00\x00\x00BUY\x001\x00LMT\x005816.26\x00\x00\x00\x00\x00\x000\x00\x001\x007\x000\x000\x000\x000\x000\x000\x00\x000\x00\x00\x00\x00\x00\x00\x00\x000\x00\x00-1\x000\x00\x00\x000\x00\x00\x000\x000\x00\x000\x00\x00\x00\x00\x00\x000\x00\x00\x00\x00\x000\x00\x00\x00\x00\x00\x00\x00\x00\x00\x00\x000\x00\x00\x000\x000\x00\x00\x000\x00\x000\x000\x000\x000\x00\x001.7976931348623157e+308\x001.7976931348623157e+308\x001.7976931348623157e+308\x001.7976931348623157e+308\x001.7976931348623157e+308\x000\x00\x00\x00\x001.7976931348623157e+308\x00\x00\x00\x00\x000\x000\x000\x00\x00'
2026-04-29 09:30:33,332 [INFO] disconnecting
2026-04-29 09:30:33,332 [INFO] ANSWER connectionClosed {}
2026-04-29 09:30:33,337 [INFO] Ciclo completado: 1 aperturas, 0 cierres
2026-04-29 09:30:33,337 [INFO] Ciclo completado: 1 aperturas, 0 cierres, 3 rechazadas
2026-04-29 09:45:00,420 [INFO] === CICLO AUTOMÁTICO INICIADO ===
2026-04-29 09:45:03,432 [ERROR] $COPEC.SN: possibly delisted; no price data found  (period=1d)
2026-04-29 09:45:03,915 [ERROR] $COPEC.SN: possibly delisted; no price data found  (period=1d)
2026-04-29 09:45:15,232 [INFO] Ciclo completado: 0 aperturas, 0 cierres
2026-04-29 09:45:15,233 [INFO] Ciclo completado: 0 aperturas, 0 cierres, 4 rechazadas
2026-04-29 10:00:00,658 [INFO] === CICLO AUTOMÁTICO INICIADO ===
2026-04-29 10:00:03,734 [ERROR] $COPEC.SN: possibly delisted; no price data found  (period=1d)
2026-04-29 10:00:04,191 [ERROR] $COPEC.SN: possibly delisted; no price data found  (period=1d)
2026-04-29 10:00:30,513 [INFO] Ciclo completado: 0 aperturas, 0 cierres
2026-04-29 10:00:30,525 [INFO] Ciclo completado: 0 aperturas, 0 cierres, 5 rechazadas
2026-04-29 10:15:01,628 [INFO] === CICLO AUTOMÁTICO INICIADO ===
2026-04-29 10:15:34,401 [INFO] Ciclo completado: 0 aperturas, 0 cierres
2026-04-29 10:15:34,402 [INFO] Ciclo completado: 0 aperturas, 0 cierres, 4 rechazadas
2026-04-29 10:30:00,953 [INFO] === CICLO AUTOMÁTICO INICIADO ===
2026-04-29 10:30:18,012 [INFO] Ciclo completado: 0 aperturas, 0 cierres
2026-04-29 10:30:18,013 [INFO] Ciclo completado: 0 aperturas, 0 cierres, 4 rechazadas
2026-04-29 10:45:00,362 [INFO] === CICLO AUTOMÁTICO INICIADO ===
2026-04-29 10:45:16,787 [INFO] Ciclo completado: 0 aperturas, 0 cierres
2026-04-29 10:45:16,788 [INFO] Ciclo completado: 0 aperturas, 0 cierres, 4 rechazadas
2026-04-29 11:00:01,205 [INFO] === CICLO AUTOMÁTICO INICIADO ===
2026-04-29 11:00:15,800 [INFO] Ciclo completado: 0 aperturas, 0 cierres
2026-04-29 11:00:15,801 [INFO] Ciclo completado: 0 aperturas, 0 cierres, 4 rechazadas
2026-04-29 11:15:01,266 [INFO] === CICLO AUTOMÁTICO INICIADO ===
2026-04-29 11:15:38,120 [INFO] Ciclo completado: 0 aperturas, 0 cierres
2026-04-29 11:15:38,122 [INFO] Ciclo completado: 0 aperturas, 0 cierres, 4 rechazadas
2026-04-29 11:30:00,687 [INFO] === CICLO AUTOMÁTICO INICIADO ===
2026-04-29 11:30:14,850 [INFO] Ciclo completado: 0 aperturas, 0 cierres
2026-04-29 11:30:14,850 [INFO] Ciclo completado: 0 aperturas, 0 cierres, 4 rechazadas
2026-04-29 11:45:01,184 [INFO] === CICLO AUTOMÁTICO INICIADO ===
2026-04-29 11:45:34,830 [INFO] Ciclo completado: 0 aperturas, 0 cierres
2026-04-29 11:45:34,831 [INFO] Ciclo completado: 0 aperturas, 0 cierres, 4 rechazadas
2026-04-29 12:00:00,787 [INFO] === CICLO AUTOMÁTICO INICIADO ===
2026-04-29 12:00:26,973 [INFO] Ciclo completado: 0 aperturas, 0 cierres
2026-04-29 12:00:26,978 [INFO] Ciclo completado: 0 aperturas, 0 cierres, 4 rechazadas
2026-04-29 12:15:00,759 [INFO] === CICLO AUTOMÁTICO INICIADO ===
2026-04-29 12:15:14,946 [INFO] Ciclo completado: 0 aperturas, 0 cierres
2026-04-29 12:15:14,947 [INFO] Ciclo completado: 0 aperturas, 0 cierres, 5 rechazadas
2026-04-29 12:30:01,547 [INFO] === CICLO AUTOMÁTICO INICIADO ===
2026-04-29 12:30:19,346 [INFO] Ciclo completado: 0 aperturas, 0 cierres
2026-04-29 12:30:19,347 [INFO] Ciclo completado: 0 aperturas, 0 cierres, 5 rechazadas
2026-04-29 12:45:00,831 [INFO] === CICLO AUTOMÁTICO INICIADO ===
2026-04-29 12:45:15,514 [INFO] Ciclo completado: 0 aperturas, 0 cierres
2026-04-29 12:45:15,514 [INFO] Ciclo completado: 0 aperturas, 0 cierres, 5 rechazadas
2026-04-29 13:00:01,294 [INFO] === CICLO AUTOMÁTICO INICIADO ===
2026-04-29 13:00:18,211 [INFO] Ciclo completado: 0 aperturas, 0 cierres
2026-04-29 13:00:18,212 [INFO] Ciclo completado: 0 aperturas, 0 cierres, 5 rechazadas
2026-04-29 13:15:00,648 [INFO] === CICLO AUTOMÁTICO INICIADO ===
2026-04-29 13:15:22,933 [INFO] Ciclo completado: 0 aperturas, 0 cierres
2026-04-29 13:15:22,987 [INFO] Ciclo completado: 0 aperturas, 0 cierres, 5 rechazadas
2026-04-29 13:32:27,136 [INFO] === CICLO AUTOMÁTICO INICIADO ===
2026-04-29 13:33:10,876 [INFO] Ciclo completado: 0 aperturas, 0 cierres
2026-04-29 13:33:10,878 [INFO] Ciclo completado: 0 aperturas, 0 cierres, 5 rechazadas
2026-04-29 13:45:01,105 [INFO] === CICLO AUTOMÁTICO INICIADO ===
2026-04-29 13:45:16,075 [INFO] Ciclo completado: 0 aperturas, 0 cierres
2026-04-29 13:45:16,075 [INFO] Ciclo completado: 0 aperturas, 0 cierres, 5 rechazadas
2026-04-29 14:00:01,031 [INFO] === CICLO AUTOMÁTICO INICIADO ===
2026-04-29 14:00:17,891 [INFO] Ciclo completado: 0 aperturas, 0 cierres
2026-04-29 14:00:17,892 [INFO] Ciclo completado: 0 aperturas, 0 cierres, 5 rechazadas
2026-04-29 14:12:08,043 [INFO] Ciclo completado: 0 aperturas, 0 cierres
2026-04-29 14:13:39,017 [ERROR] HTTP Error 404: {"quoteSummary":{"result":null,"error":{"code":"Not Found","description":"Quote not found for symbol: COPEC"}}}
2026-04-29 14:13:40,312 [ERROR] $COPEC: possibly delisted; no price data found  (period=2d) (Yahoo error = "No data found, symbol may be delisted")
2026-04-29 14:14:56,410 [ERROR] HTTP Error 404: {"quoteSummary":{"result":null,"error":{"code":"Not Found","description":"Quote not found for symbol: COPEC"}}}
2026-04-29 14:14:57,554 [ERROR] $COPEC: possibly delisted; no price data found  (period=2d) (Yahoo error = "No data found, symbol may be delisted")
2026-04-29 14:15:01,243 [INFO] === CICLO AUTOMÁTICO INICIADO ===
2026-04-29 14:15:33,845 [INFO] Ciclo completado: 0 aperturas, 0 cierres
2026-04-29 14:15:33,846 [INFO] Ciclo completado: 0 aperturas, 0 cierres, 4 rechazadas
2026-04-29 14:27:29,568 [INFO] Ciclo completado: 0 aperturas, 0 cierres
2026-04-29 14:28:50,662 [ERROR] $COPEC: possibly delisted; no price data found  (period=2d) (Yahoo error = "No data found, symbol may be delisted")
2026-04-29 14:30:01,274 [INFO] === CICLO AUTOMÁTICO INICIADO ===
2026-04-29 14:30:15,154 [INFO] Ciclo completado: 0 aperturas, 0 cierres
2026-04-29 14:30:15,155 [INFO] Ciclo completado: 0 aperturas, 0 cierres, 5 rechazadas
2026-04-29 14:30:15,781 [ERROR] $COPEC: possibly delisted; no price data found  (period=2d) (Yahoo error = "No data found, symbol may be delisted")
2026-04-29 14:42:21,485 [INFO] Ciclo completado: 0 aperturas, 0 cierres
2026-04-29 14:43:41,114 [ERROR] $COPEC: possibly delisted; no price data found  (period=2d) (Yahoo error = "No data found, symbol may be delisted")
2026-04-29 14:45:00,664 [INFO] === CICLO AUTOMÁTICO INICIADO ===
2026-04-29 14:45:03,680 [ERROR] $COPEC: possibly delisted; no price data found  (period=2d) (Yahoo error = "No data found, symbol may be delisted")
2026-04-29 14:45:16,225 [INFO] Ciclo completado: 0 aperturas, 0 cierres
2026-04-29 14:45:16,225 [INFO] Ciclo completado: 0 aperturas, 0 cierres, 5 rechazadas
2026-04-29 14:57:20,859 [INFO] Ciclo completado: 0 aperturas, 0 cierres
2026-04-29 14:58:41,368 [ERROR] $COPEC: possibly delisted; no price data found  (period=2d) (Yahoo error = "No data found, symbol may be delisted")
2026-04-29 14:59:57,258 [ERROR] $COPEC: possibly delisted; no price data found  (period=2d) (Yahoo error = "No data found, symbol may be delisted")
2026-04-29 15:00:00,810 [INFO] === CICLO AUTOMÁTICO INICIADO ===
2026-04-29 15:00:15,498 [INFO] Ciclo completado: 0 aperturas, 0 cierres
2026-04-29 15:00:15,498 [INFO] Ciclo completado: 0 aperturas, 0 cierres, 5 rechazadas
2026-04-29 15:12:20,257 [INFO] Ciclo completado: 0 aperturas, 0 cierres
2026-04-29 15:13:36,084 [ERROR] $COPEC: possibly delisted; no price data found  (period=2d) (Yahoo error = "No data found, symbol may be delisted")
2026-04-29 15:14:46,394 [ERROR] $COPEC: possibly delisted; no price data found  (period=2d) (Yahoo error = "No data found, symbol may be delisted")
2026-04-29 15:15:00,780 [INFO] === CICLO AUTOMÁTICO INICIADO ===
2026-04-29 15:15:27,429 [INFO] Ciclo completado: 0 aperturas, 0 cierres
2026-04-29 15:15:27,431 [INFO] Ciclo completado: 0 aperturas, 0 cierres, 5 rechazadas
2026-04-29 15:27:23,919 [INFO] Ciclo completado: 0 aperturas, 0 cierres
2026-04-29 15:28:41,086 [ERROR] $COPEC: possibly delisted; no price data found  (period=2d) (Yahoo error = "No data found, symbol may be delisted")
2026-04-29 15:29:53,410 [ERROR] $COPEC: possibly delisted; no price data found  (period=2d) (Yahoo error = "No data found, symbol may be delisted")
2026-04-29 15:30:01,437 [INFO] === CICLO AUTOMÁTICO INICIADO ===
2026-04-29 15:30:15,336 [INFO] Ciclo completado: 0 aperturas, 0 cierres
2026-04-29 15:30:15,339 [INFO] Ciclo completado: 0 aperturas, 0 cierres, 5 rechazadas
2026-04-29 15:42:21,523 [INFO] Ciclo completado: 0 aperturas, 0 cierres
2026-04-29 15:43:41,226 [ERROR] $COPEC: possibly delisted; no price data found  (period=2d) (Yahoo error = "No data found, symbol may be delisted")
2026-04-29 15:45:00,734 [ERROR] $COPEC: possibly delisted; no price data found  (period=2d) (Yahoo error = "No data found, symbol may be delisted")
2026-04-29 15:45:00,857 [INFO] === CICLO AUTOMÁTICO INICIADO ===
2026-04-29 15:45:03,970 [INFO] Fuera de horario: Fuera de horario (09:30-15:45 ET) — solo verificando posiciones
2026-04-29 15:57:51,020 [INFO] Fuera de horario: Fuera de horario (09:30-15:45 ET)
2026-04-29 15:59:21,839 [ERROR] $COPEC: possibly delisted; no price data found  (period=2d) (Yahoo error = "No data found, symbol may be delisted")
2026-04-29 16:00:00,913 [INFO] === CICLO AUTOMÁTICO INICIADO ===
2026-04-29 16:00:03,053 [INFO] Fuera de horario: Fuera de horario (09:30-15:45 ET) — solo verificando posiciones
2026-04-29 16:00:34,165 [ERROR] $COPEC: possibly delisted; no price data found  (period=2d) (Yahoo error = "No data found, symbol may be delisted")
2026-04-29 16:15:00,898 [INFO] === CICLO AUTOMÁTICO INICIADO ===
2026-04-29 16:15:03,109 [INFO] Fuera de horario: Fuera de horario (09:30-15:45 ET) — solo verificando posiciones
2026-04-29 16:45:01,379 [INFO] === CICLO AUTOMÁTICO INICIADO ===
2026-04-29 16:45:09,642 [INFO] Fuera de horario: Fuera de horario (09:30-15:45 ET) — solo verificando posiciones
2026-04-29 17:00:00,710 [INFO] === CICLO AUTOMÁTICO INICIADO ===
2026-04-29 17:00:02,697 [INFO] Fuera de horario: Fuera de horario (09:30-15:45 ET) — solo verificando posiciones
2026-04-29 17:15:00,570 [INFO] === CICLO AUTOMÁTICO INICIADO ===
2026-04-29 17:15:02,639 [INFO] Fuera de horario: Fuera de horario (09:30-15:45 ET) — solo verificando posiciones
2026-04-29 17:30:00,933 [INFO] === CICLO AUTOMÁTICO INICIADO ===
2026-04-29 17:30:02,852 [INFO] Fuera de horario: Fuera de horario (09:30-15:45 ET) — solo verificando posiciones
2026-04-29 18:30:00,428 [INFO] === CICLO AUTOMÁTICO INICIADO ===
2026-04-29 18:30:02,504 [INFO] Fuera de horario: Fuera de horario (09:30-15:45 ET) — solo verificando posiciones
2026-04-29 18:45:00,466 [INFO] === CICLO AUTOMÁTICO INICIADO ===
2026-04-29 18:45:02,481 [INFO] Fuera de horario: Fuera de horario (09:30-15:45 ET) — solo verificando posiciones
2026-04-29 19:00:00,378 [INFO] === CICLO AUTOMÁTICO INICIADO ===
2026-04-29 19:00:03,096 [INFO] Fuera de horario: Fuera de horario (09:30-15:45 ET) — solo verificando posiciones
2026-04-29 19:15:00,527 [INFO] === CICLO AUTOMÁTICO INICIADO ===
2026-04-29 19:15:03,769 [INFO] Fuera de horario: Fuera de horario (09:30-15:45 ET) — solo verificando posiciones
2026-04-29 19:30:00,551 [INFO] === CICLO AUTOMÁTICO INICIADO ===
2026-04-29 19:30:02,529 [INFO] Fuera de horario: Fuera de horario (09:30-15:45 ET) — solo verificando posiciones
2026-04-29 20:18:03,813 [INFO] === CICLO AUTOMÁTICO INICIADO ===
2026-04-29 20:18:05,763 [INFO] Fuera de horario: Fuera de horario (09:30-15:45 ET) — solo verificando posiciones
2026-04-29 21:46:04,025 [INFO] === CICLO AUTOMÁTICO INICIADO ===
2026-04-29 21:46:05,887 [INFO] Fuera de horario: Fuera de horario (09:30-15:45 ET) — solo verificando posiciones
2026-04-30 08:30:01,045 [INFO] === CICLO AUTOMÁTICO INICIADO ===
2026-04-30 08:30:03,193 [INFO] Fuera de horario: Fuera de horario (09:30-15:45 ET) — solo verificando posiciones
2026-04-30 08:45:00,687 [INFO] === CICLO AUTOMÁTICO INICIADO ===
2026-04-30 08:45:02,949 [INFO] Fuera de horario: Fuera de horario (09:30-15:45 ET) — solo verificando posiciones
2026-04-30 09:01:48,613 [INFO] Fuera de horario: Fuera de horario (09:30-15:45 ET)
2026-04-30 09:01:56,327 [INFO] === CICLO AUTOMÁTICO INICIADO ===
2026-04-30 09:01:58,006 [INFO] Fuera de horario: Fuera de horario (09:30-15:45 ET) — solo verificando posiciones
2026-04-30 09:03:42,212 [ERROR] HTTP Error 404: {"quoteSummary":{"result":null,"error":{"code":"Not Found","description":"Quote not found for symbol: COPEC"}}}
2026-04-30 09:03:43,571 [ERROR] $COPEC: possibly delisted; no price data found  (period=2d) (Yahoo error = "No data found, symbol may be delisted")
2026-04-30 09:05:22,213 [ERROR] HTTP Error 404: {"quoteSummary":{"result":null,"error":{"code":"Not Found","description":"Quote not found for symbol: COPEC"}}}
2026-04-30 09:05:23,065 [ERROR] $COPEC: possibly delisted; no price data found  (period=2d) (Yahoo error = "No data found, symbol may be delisted")
2026-04-30 09:15:01,046 [INFO] === CICLO AUTOMÁTICO INICIADO ===
2026-04-30 09:15:03,177 [INFO] Fuera de horario: Fuera de horario (09:30-15:45 ET) — solo verificando posiciones
2026-04-30 09:16:48,827 [INFO] Fuera de horario: Fuera de horario (09:30-15:45 ET)
2026-04-30 09:18:26,159 [ERROR] $COPEC: possibly delisted; no price data found  (period=2d) (Yahoo error = "No data found, symbol may be delisted")
2026-04-30 09:21:25,381 [ERROR] $COPEC: possibly delisted; no price data found  (period=2d) (Yahoo error = "No data found, symbol may be delisted")
2026-04-30 09:30:01,115 [INFO] === CICLO AUTOMÁTICO INICIADO ===
2026-04-30 09:30:04,256 [ERROR] $COPEC.SN: possibly delisted; no price data found  (period=1d)
2026-04-30 09:30:04,795 [ERROR] $COPEC.SN: possibly delisted; no price data found  (period=1d)
2026-04-30 09:30:18,590 [INFO] Ciclo completado: 0 aperturas, 0 cierres
2026-04-30 09:30:18,590 [INFO] Ciclo completado: 0 aperturas, 0 cierres, 5 rechazadas
2026-04-30 09:31:49,473 [ERROR] $COPEC.SN: possibly delisted; no price data found  (period=1d)
2026-04-30 09:31:50,165 [ERROR] $COPEC.SN: possibly delisted; no price data found  (period=1d)
2026-04-30 09:31:56,871 [INFO] Ciclo completado: 0 aperturas, 0 cierres
2026-04-30 09:34:08,139 [ERROR] $COPEC: possibly delisted; no price data found  (period=2d) (Yahoo error = "No data found, symbol may be delisted")
2026-04-30 09:35:37,193 [ERROR] $COPEC: possibly delisted; no price data found  (period=2d) (Yahoo error = "No data found, symbol may be delisted")
2026-04-30 09:45:00,832 [INFO] === CICLO AUTOMÁTICO INICIADO ===
2026-04-30 09:45:04,050 [ERROR] $COPEC.SN: possibly delisted; no price data found  (period=1d)
2026-04-30 09:45:04,515 [ERROR] $COPEC.SN: possibly delisted; no price data found  (period=1d)
2026-04-30 09:45:18,397 [INFO] Ciclo completado: 0 aperturas, 0 cierres
2026-04-30 09:45:18,398 [INFO] Ciclo completado: 0 aperturas, 0 cierres, 5 rechazadas
2026-04-30 09:46:49,798 [ERROR] $COPEC.SN: possibly delisted; no price data found  (period=1d)
2026-04-30 09:46:50,218 [ERROR] $COPEC.SN: possibly delisted; no price data found  (period=1d)
2026-04-30 09:46:57,139 [INFO] Ciclo completado: 0 aperturas, 0 cierres
2026-04-30 09:48:48,411 [ERROR] $COPEC: possibly delisted; no price data found  (period=2d) (Yahoo error = "No data found, symbol may be delisted")
2026-04-30 09:50:12,760 [ERROR] $COPEC: possibly delisted; no price data found  (period=2d) (Yahoo error = "No data found, symbol may be delisted")
2026-04-30 10:00:00,532 [INFO] === CICLO AUTOMÁTICO INICIADO ===
2026-04-30 10:00:03,766 [ERROR] $COPEC.SN: possibly delisted; no price data found  (period=1d)
2026-04-30 10:00:04,243 [ERROR] $COPEC.SN: possibly delisted; no price data found  (period=1d)
2026-04-30 10:00:15,078 [INFO] Ciclo completado: 0 aperturas, 0 cierres
2026-04-30 10:00:15,079 [INFO] Ciclo completado: 0 aperturas, 0 cierres, 3 rechazadas
2026-04-30 10:01:49,377 [ERROR] $COPEC.SN: possibly delisted; no price data found  (period=1d)
2026-04-30 10:01:49,824 [ERROR] $COPEC.SN: possibly delisted; no price data found  (period=1d)
2026-04-30 10:01:56,525 [INFO] Ciclo completado: 0 aperturas, 0 cierres
2026-04-30 10:03:39,745 [ERROR] $COPEC: possibly delisted; no price data found  (period=2d) (Yahoo error = "No data found, symbol may be delisted")
2026-04-30 10:06:33,253 [ERROR] $COPEC: possibly delisted; no price data found  (period=2d) (Yahoo error = "No data found, symbol may be delisted")
2026-04-30 10:08:03,751 [ERROR] $COPEC: possibly delisted; no price data found  (period=2d) (Yahoo error = "No data found, symbol may be delisted")
2026-04-30 10:15:01,952 [INFO] === CICLO AUTOMÁTICO INICIADO ===
2026-04-30 10:15:05,285 [ERROR] $COPEC.SN: possibly delisted; no price data found  (period=1d)
2026-04-30 10:15:05,812 [ERROR] $COPEC.SN: possibly delisted; no price data found  (period=1d)
2026-04-30 10:15:17,148 [INFO] Ciclo completado: 0 aperturas, 0 cierres
2026-04-30 10:15:17,148 [INFO] Ciclo completado: 0 aperturas, 0 cierres, 4 rechazadas
2026-04-30 10:19:53,349 [ERROR] $COPEC.SN: possibly delisted; no price data found  (period=1d)
2026-04-30 10:19:53,821 [ERROR] $COPEC.SN: possibly delisted; no price data found  (period=1d)
2026-04-30 10:20:05,768 [INFO] Ciclo completado: 0 aperturas, 0 cierres
2026-04-30 10:21:29,934 [ERROR] $COPEC: possibly delisted; no price data found  (period=2d) (Yahoo error = "No data found, symbol may be delisted")
2026-04-30 10:23:10,325 [ERROR] $COPEC: possibly delisted; no price data found  (period=2d) (Yahoo error = "No data found, symbol may be delisted")
2026-04-30 10:30:00,529 [INFO] === CICLO AUTOMÁTICO INICIADO ===
2026-04-30 10:30:31,880 [INFO] Ciclo completado: 0 aperturas, 0 cierres
2026-04-30 10:30:31,881 [INFO] Ciclo completado: 0 aperturas, 0 cierres, 3 rechazadas
2026-04-30 10:35:07,401 [INFO] Ciclo completado: 0 aperturas, 0 cierres
2026-04-30 10:36:36,788 [ERROR] $COPEC: possibly delisted; no price data found  (period=2d) (Yahoo error = "No data found, symbol may be delisted")
2026-04-30 10:37:47,272 [ERROR] $COPEC: possibly delisted; no price data found  (period=2d) (Yahoo error = "No data found, symbol may be delisted")
2026-04-30 10:45:00,275 [INFO] === CICLO AUTOMÁTICO INICIADO ===
2026-04-30 10:45:16,847 [INFO] Ciclo completado: 0 aperturas, 0 cierres
2026-04-30 10:45:16,848 [INFO] Ciclo completado: 0 aperturas, 0 cierres, 3 rechazadas
2026-04-30 10:50:03,974 [INFO] Ciclo completado: 0 aperturas, 0 cierres
2026-04-30 10:51:56,698 [ERROR] $COPEC: possibly delisted; no price data found  (period=2d) (Yahoo error = "No data found, symbol may be delisted")
2026-04-30 10:53:19,213 [ERROR] $COPEC: possibly delisted; no price data found  (period=2d) (Yahoo error = "No data found, symbol may be delisted")
2026-04-30 11:00:01,043 [INFO] === CICLO AUTOMÁTICO INICIADO ===
2026-04-30 11:00:39,236 [INFO] Ciclo completado: 0 aperturas, 0 cierres
2026-04-30 11:00:39,237 [INFO] Ciclo completado: 0 aperturas, 0 cierres, 3 rechazadas
2026-04-30 11:12:37,287 [INFO] Ciclo completado: 0 aperturas, 0 cierres
2026-04-30 11:14:06,627 [ERROR] $COPEC: possibly delisted; no price data found  (period=2d) (Yahoo error = "No data found, symbol may be delisted")
2026-04-30 11:15:00,794 [INFO] === CICLO AUTOMÁTICO INICIADO ===
2026-04-30 11:15:15,333 [INFO] Ciclo completado: 0 aperturas, 0 cierres
2026-04-30 11:15:15,334 [INFO] Ciclo completado: 0 aperturas, 0 cierres, 3 rechazadas
2026-04-30 11:15:25,401 [ERROR] $COPEC: possibly delisted; no price data found  (period=2d) (Yahoo error = "No data found, symbol may be delisted")
2026-04-30 11:27:35,582 [INFO] Ciclo completado: 0 aperturas, 0 cierres
2026-04-30 11:28:59,835 [ERROR] $COPEC: possibly delisted; no price data found  (period=2d) (Yahoo error = "No data found, symbol may be delisted")
2026-04-30 11:30:00,838 [INFO] === CICLO AUTOMÁTICO INICIADO ===
2026-04-30 11:30:16,231 [ERROR] $COPEC: possibly delisted; no price data found  (period=2d) (Yahoo error = "No data found, symbol may be delisted")
2026-04-30 11:30:17,042 [INFO] Ciclo completado: 0 aperturas, 0 cierres
2026-04-30 11:30:17,042 [INFO] Ciclo completado: 0 aperturas, 0 cierres, 3 rechazadas
2026-04-30 11:42:33,122 [INFO] Ciclo completado: 0 aperturas, 0 cierres
2026-04-30 11:42:45,898 [INFO] Ciclo completado: 0 aperturas, 0 cierres
2026-04-30 11:45:00,532 [INFO] === CICLO AUTOMÁTICO INICIADO ===
2026-04-30 11:45:11,288 [ERROR] $COPEC: possibly delisted; no price data found  (period=2d) (Yahoo error = "No data found, symbol may be delisted")
2026-04-30 11:45:14,841 [INFO] Ciclo completado: 0 aperturas, 0 cierres
2026-04-30 11:45:14,842 [INFO] Ciclo completado: 0 aperturas, 0 cierres, 3 rechazadas
2026-04-30 11:48:45,282 [ERROR] $COPEC: possibly delisted; no price data found  (period=2d) (Yahoo error = "No data found, symbol may be delisted")
2026-04-30 11:50:09,056 [ERROR] $COPEC: possibly delisted; no price data found  (period=2d) (Yahoo error = "No data found, symbol may be delisted")
2026-04-30 12:00:01,186 [INFO] === CICLO AUTOMÁTICO INICIADO ===
2026-04-30 12:00:14,901 [INFO] Ciclo completado: 0 aperturas, 0 cierres
2026-04-30 12:00:14,902 [INFO] Ciclo completado: 0 aperturas, 0 cierres, 3 rechazadas
2026-04-30 12:02:07,192 [INFO] Ciclo completado: 0 aperturas, 0 cierres
2026-04-30 12:03:29,881 [ERROR] $COPEC: possibly delisted; no price data found  (period=2d) (Yahoo error = "No data found, symbol may be delisted")
2026-04-30 12:04:59,555 [ERROR] $COPEC: possibly delisted; no price data found  (period=2d) (Yahoo error = "No data found, symbol may be delisted")
2026-04-30 12:15:01,169 [INFO] === CICLO AUTOMÁTICO INICIADO ===
2026-04-30 12:15:29,155 [INFO] Ciclo completado: 0 aperturas, 0 cierres
2026-04-30 12:15:29,156 [INFO] Ciclo completado: 0 aperturas, 0 cierres, 3 rechazadas
2026-04-30 12:17:07,684 [INFO] Ciclo completado: 0 aperturas, 0 cierres
2026-04-30 12:18:29,601 [ERROR] $COPEC: possibly delisted; no price data found  (period=2d) (Yahoo error = "No data found, symbol may be delisted")
2026-04-30 12:19:46,094 [ERROR] $COPEC: possibly delisted; no price data found  (period=2d) (Yahoo error = "No data found, symbol may be delisted")
2026-04-30 12:30:00,595 [INFO] === CICLO AUTOMÁTICO INICIADO ===
2026-04-30 12:30:17,144 [INFO] Ciclo completado: 0 aperturas, 0 cierres
2026-04-30 12:30:17,145 [INFO] Ciclo completado: 0 aperturas, 0 cierres, 3 rechazadas
2026-04-30 12:32:09,133 [INFO] Ciclo completado: 0 aperturas, 0 cierres
2026-04-30 12:33:47,143 [ERROR] $COPEC: possibly delisted; no price data found  (period=2d) (Yahoo error = "No data found, symbol may be delisted")
2026-04-30 12:35:10,955 [ERROR] $COPEC: possibly delisted; no price data found  (period=2d) (Yahoo error = "No data found, symbol may be delisted")
2026-04-30 12:45:00,734 [INFO] === CICLO AUTOMÁTICO INICIADO ===
2026-04-30 12:45:15,600 [INFO] Ciclo completado: 0 aperturas, 0 cierres
2026-04-30 12:45:15,602 [INFO] Ciclo completado: 0 aperturas, 0 cierres, 3 rechazadas
2026-04-30 12:58:37,167 [INFO] Ciclo completado: 0 aperturas, 0 cierres
2026-04-30 12:59:47,901 [ERROR] $COPEC: possibly delisted; no price data found  (period=2d) (Yahoo error = "No data found, symbol may be delisted")
2026-04-30 13:00:00,822 [INFO] === CICLO AUTOMÁTICO INICIADO ===
2026-04-30 13:00:12,313 [INFO] Ciclo completado: 0 aperturas, 0 cierres
2026-04-30 13:00:12,313 [INFO] Ciclo completado: 0 aperturas, 0 cierres, 3 rechazadas
2026-04-30 13:01:25,994 [ERROR] $COPEC: possibly delisted; no price data found  (period=2d) (Yahoo error = "No data found, symbol may be delisted")
2026-04-30 13:13:40,820 [INFO] Ciclo completado: 0 aperturas, 0 cierres
2026-04-30 13:14:59,888 [ERROR] $COPEC: possibly delisted; no price data found  (period=2d) (Yahoo error = "No data found, symbol may be delisted")
2026-04-30 13:15:00,783 [INFO] === CICLO AUTOMÁTICO INICIADO ===
2026-04-30 13:15:13,117 [INFO] Ciclo completado: 0 aperturas, 0 cierres
2026-04-30 13:15:13,118 [INFO] Ciclo completado: 0 aperturas, 0 cierres, 3 rechazadas
2026-04-30 13:16:14,723 [ERROR] $COPEC: possibly delisted; no price data found  (period=2d) (Yahoo error = "No data found, symbol may be delisted")
2026-04-30 13:30:33,374 [INFO] === CICLO AUTOMÁTICO INICIADO ===
2026-04-30 13:46:16,618 [INFO] Ciclo completado: 0 aperturas, 0 cierres
2026-04-30 13:46:16,619 [INFO] Ciclo completado: 0 aperturas, 0 cierres, 3 rechazadas
2026-04-30 15:11:40,799 [INFO] Ciclo completado: 0 aperturas, 0 cierres
2026-04-30 15:13:05,146 [ERROR] $COPEC: possibly delisted; no price data found  (period=2d) (Yahoo error = "No data found, symbol may be delisted")
2026-04-30 15:14:36,464 [ERROR] $COPEC: possibly delisted; no price data found  (period=2d) (Yahoo error = "No data found, symbol may be delisted")
2026-04-30 15:15:01,454 [INFO] === CICLO AUTOMÁTICO INICIADO ===
2026-04-30 15:15:15,922 [INFO] Ciclo completado: 0 aperturas, 0 cierres
2026-04-30 15:15:15,922 [INFO] Ciclo completado: 0 aperturas, 0 cierres, 3 rechazadas
2026-04-30 15:26:33,022 [INFO] Ciclo completado: 0 aperturas, 0 cierres
2026-04-30 15:27:56,116 [ERROR] $COPEC: possibly delisted; no price data found  (period=2d) (Yahoo error = "No data found, symbol may be delisted")
2026-04-30 15:29:12,721 [ERROR] $COPEC: possibly delisted; no price data found  (period=2d) (Yahoo error = "No data found, symbol may be delisted")
2026-04-30 15:30:00,958 [INFO] === CICLO AUTOMÁTICO INICIADO ===
2026-04-30 15:30:15,116 [INFO] Ciclo completado: 0 aperturas, 0 cierres
2026-04-30 15:30:15,116 [INFO] Ciclo completado: 0 aperturas, 0 cierres, 3 rechazadas
2026-04-30 15:45:00,552 [INFO] === CICLO AUTOMÁTICO INICIADO ===
2026-04-30 15:45:02,774 [INFO] Fuera de horario: Fuera de horario (09:30-15:45 ET) — solo verificando posiciones
2026-04-30 15:57:19,520 [INFO] Fuera de horario: Fuera de horario (09:30-15:45 ET)
2026-04-30 15:59:04,825 [ERROR] $COPEC: possibly delisted; no price data found  (period=2d) (Yahoo error = "No data found, symbol may be delisted")
2026-04-30 16:00:01,068 [INFO] === CICLO AUTOMÁTICO INICIADO ===
2026-04-30 16:00:03,023 [INFO] Fuera de horario: Fuera de horario (09:30-15:45 ET) — solo verificando posiciones
2026-04-30 16:00:18,395 [ERROR] $COPEC: possibly delisted; no price data found  (period=2d) (Yahoo error = "No data found, symbol may be delisted")
2026-04-30 16:15:00,742 [INFO] === CICLO AUTOMÁTICO INICIADO ===
2026-04-30 16:15:03,276 [INFO] Fuera de horario: Fuera de horario (09:30-15:45 ET) — solo verificando posiciones
2026-04-30 16:17:26,865 [INFO] Fuera de horario: Fuera de horario (09:30-15:45 ET)
2026-04-30 16:18:59,769 [ERROR] $COPEC: possibly delisted; no price data found  (period=2d) (Yahoo error = "No data found, symbol may be delisted")
2026-04-30 16:20:30,293 [ERROR] $COPEC: possibly delisted; no price data found  (period=2d) (Yahoo error = "No data found, symbol may be delisted")
2026-04-30 16:35:44,846 [INFO] === CICLO AUTOMÁTICO INICIADO ===
2026-04-30 16:35:46,837 [INFO] Fuera de horario: Fuera de horario (09:30-15:45 ET) — solo verificando posiciones
2026-04-30 16:45:01,061 [INFO] === CICLO AUTOMÁTICO INICIADO ===
2026-04-30 16:45:02,962 [INFO] Fuera de horario: Fuera de horario (09:30-15:45 ET) — solo verificando posiciones
2026-04-30 16:50:44,230 [INFO] Fuera de horario: Fuera de horario (09:30-15:45 ET)
2026-04-30 16:52:12,223 [ERROR] $COPEC: possibly delisted; no price data found  (period=2d) (Yahoo error = "No data found, symbol may be delisted")
2026-04-30 16:53:28,340 [ERROR] $COPEC: possibly delisted; no price data found  (period=2d) (Yahoo error = "No data found, symbol may be delisted")
2026-04-30 17:00:00,688 [INFO] === CICLO AUTOMÁTICO INICIADO ===
2026-04-30 17:00:02,700 [INFO] Fuera de horario: Fuera de horario (09:30-15:45 ET) — solo verificando posiciones
2026-04-30 17:05:43,847 [INFO] Fuera de horario: Fuera de horario (09:30-15:45 ET)
2026-04-30 17:07:48,401 [ERROR] $COPEC: possibly delisted; no price data found  (period=2d) (Yahoo error = "No data found, symbol may be delisted")
2026-04-30 17:09:13,624 [ERROR] $COPEC: possibly delisted; no price data found  (period=2d) (Yahoo error = "No data found, symbol may be delisted")
2026-04-30 17:15:00,578 [INFO] === CICLO AUTOMÁTICO INICIADO ===
2026-04-30 17:15:02,659 [INFO] Fuera de horario: Fuera de horario (09:30-15:45 ET) — solo verificando posiciones
2026-04-30 17:30:01,720 [INFO] === CICLO AUTOMÁTICO INICIADO ===
2026-04-30 17:30:05,229 [INFO] Fuera de horario: Fuera de horario (09:30-15:45 ET) — solo verificando posiciones
2026-04-30 17:30:29,998 [INFO] Fuera de horario: Fuera de horario (09:30-15:45 ET)
2026-04-30 17:32:28,731 [ERROR] $COPEC: possibly delisted; no price data found  (period=2d) (Yahoo error = "No data found, symbol may be delisted")
2026-04-30 17:33:37,363 [ERROR] $COPEC: possibly delisted; no price data found  (period=2d) (Yahoo error = "No data found, symbol may be delisted")
2026-04-30 17:45:01,228 [INFO] === CICLO AUTOMÁTICO INICIADO ===
2026-04-30 17:45:03,460 [INFO] Fuera de horario: Fuera de horario (09:30-15:45 ET) — solo verificando posiciones
2026-04-30 17:45:28,854 [INFO] Fuera de horario: Fuera de horario (09:30-15:45 ET)
2026-04-30 17:47:04,941 [ERROR] $COPEC: possibly delisted; no price data found  (period=2d) (Yahoo error = "No data found, symbol may be delisted")
2026-04-30 17:48:36,131 [ERROR] $COPEC: possibly delisted; no price data found  (period=2d) (Yahoo error = "No data found, symbol may be delisted")
2026-04-30 18:00:00,509 [INFO] === CICLO AUTOMÁTICO INICIADO ===
2026-04-30 18:00:02,857 [INFO] Fuera de horario: Fuera de horario (09:30-15:45 ET) — solo verificando posiciones
2026-04-30 18:00:28,892 [INFO] Fuera de horario: Fuera de horario (09:30-15:45 ET)
2026-04-30 18:01:50,875 [ERROR] $COPEC: possibly delisted; no price data found  (period=2d) (Yahoo error = "No data found, symbol may be delisted")
2026-04-30 18:03:10,225 [ERROR] $COPEC: possibly delisted; no price data found  (period=2d) (Yahoo error = "No data found, symbol may be delisted")
2026-04-30 18:15:00,757 [INFO] === CICLO AUTOMÁTICO INICIADO ===
2026-04-30 18:15:03,064 [INFO] Fuera de horario: Fuera de horario (09:30-15:45 ET) — solo verificando posiciones
2026-04-30 18:15:28,944 [INFO] Fuera de horario: Fuera de horario (09:30-15:45 ET)
2026-04-30 18:16:31,610 [INFO] Fuera de horario: Fuera de horario (09:30-15:45 ET)
2026-04-30 18:17:48,568 [ERROR] $COPEC: possibly delisted; no price data found  (period=2d) (Yahoo error = "No data found, symbol may be delisted")
2026-04-30 18:19:06,388 [ERROR] $COPEC: possibly delisted; no price data found  (period=2d) (Yahoo error = "No data found, symbol may be delisted")
2026-04-30 18:30:00,993 [INFO] === CICLO AUTOMÁTICO INICIADO ===
2026-04-30 18:30:03,053 [INFO] Fuera de horario: Fuera de horario (09:30-15:45 ET) — solo verificando posiciones
2026-04-30 18:31:32,818 [INFO] Fuera de horario: Fuera de horario (09:30-15:45 ET)
2026-04-30 18:33:05,203 [ERROR] $COPEC: possibly delisted; no price data found  (period=2d) (Yahoo error = "No data found, symbol may be delisted")
2026-04-30 18:34:26,396 [ERROR] $COPEC: possibly delisted; no price data found  (period=2d) (Yahoo error = "No data found, symbol may be delisted")
2026-04-30 18:45:00,273 [INFO] === CICLO AUTOMÁTICO INICIADO ===
2026-04-30 18:45:02,110 [INFO] Fuera de horario: Fuera de horario (09:30-15:45 ET) — solo verificando posiciones
2026-04-30 19:00:01,210 [INFO] === CICLO AUTOMÁTICO INICIADO ===
2026-04-30 19:00:04,814 [INFO] Fuera de horario: Fuera de horario (09:30-15:45 ET) — solo verificando posiciones
2026-04-30 19:32:07,687 [INFO] === CICLO AUTOMÁTICO INICIADO ===
2026-04-30 19:32:10,072 [INFO] Fuera de horario: Fuera de horario (09:30-15:45 ET) — solo verificando posiciones
2026-04-30 20:19:01,940 [INFO] === CICLO AUTOMÁTICO INICIADO ===
2026-04-30 20:19:03,903 [INFO] Fuera de horario: Fuera de horario (09:30-15:45 ET) — solo verificando posiciones
2026-04-30 22:31:08,265 [INFO] === CICLO AUTOMÁTICO INICIADO ===
2026-04-30 22:31:10,256 [INFO] Fuera de horario: Fuera de horario (09:30-15:45 ET) — solo verificando posiciones
2026-05-01 01:31:19,624 [INFO] === CICLO AUTOMÁTICO INICIADO ===
2026-05-01 01:31:22,238 [INFO] Fuera de horario: Fuera de horario (09:30-15:45 ET) — solo verificando posiciones
2026-05-01 02:35:38,443 [INFO] === CICLO AUTOMÁTICO INICIADO ===
2026-05-01 02:35:40,358 [INFO] Fuera de horario: Fuera de horario (09:30-15:45 ET) — solo verificando posiciones
2026-05-01 05:17:03,087 [INFO] === CICLO AUTOMÁTICO INICIADO ===
2026-05-01 05:17:05,005 [INFO] Fuera de horario: Fuera de horario (09:30-15:45 ET) — solo verificando posiciones
2026-05-01 09:03:05,201 [INFO] === CICLO AUTOMÁTICO INICIADO ===
2026-05-01 09:08:12,427 [INFO] Fuera de horario: Fuera de horario (09:30-15:45 ET) — solo verificando posiciones
2026-05-01 10:48:48,914 [INFO] === CICLO AUTOMÁTICO INICIADO ===
2026-05-01 10:59:24,636 [INFO] Ciclo completado: 0 aperturas, 0 cierres
2026-05-01 10:59:24,638 [INFO] Ciclo completado: 0 aperturas, 0 cierres, 4 rechazadas
2026-05-01 11:05:05,898 [INFO] === CICLO AUTOMÁTICO INICIADO ===
2026-05-01 11:10:30,364 [INFO] Ciclo completado: 0 aperturas, 0 cierres
2026-05-01 11:10:30,365 [INFO] Ciclo completado: 0 aperturas, 0 cierres, 4 rechazadas
2026-05-01 11:16:02,933 [INFO] === CICLO AUTOMÁTICO INICIADO ===
2026-05-01 11:26:54,423 [INFO] Ciclo completado: 0 aperturas, 0 cierres
2026-05-01 11:26:54,423 [INFO] Ciclo completado: 0 aperturas, 0 cierres, 4 rechazadas
2026-05-01 13:17:12,337 [INFO] === CICLO AUTOMÁTICO INICIADO ===
2026-05-01 13:17:33,264 [INFO] Ciclo completado: 0 aperturas, 0 cierres
2026-05-01 13:17:33,267 [INFO] Ciclo completado: 0 aperturas, 0 cierres, 3 rechazadas
2026-05-01 13:39:10,388 [INFO] === CICLO AUTOMÁTICO INICIADO ===
2026-05-01 13:44:32,246 [INFO] Ciclo completado: 0 aperturas, 0 cierres
2026-05-01 13:44:32,247 [INFO] Ciclo completado: 0 aperturas, 0 cierres, 3 rechazadas
2026-05-01 13:50:07,313 [INFO] === CICLO AUTOMÁTICO INICIADO ===
2026-05-01 13:50:34,754 [INFO] Ciclo completado: 0 aperturas, 0 cierres
2026-05-01 13:50:34,755 [INFO] Ciclo completado: 0 aperturas, 0 cierres, 3 rechazadas
2026-05-01 14:03:14,253 [INFO] === CICLO AUTOMÁTICO INICIADO ===
2026-05-01 14:08:36,697 [INFO] Ciclo completado: 0 aperturas, 0 cierres
2026-05-01 14:08:36,698 [INFO] Ciclo completado: 0 aperturas, 0 cierres, 3 rechazadas
2026-05-01 14:31:04,496 [INFO] === CICLO AUTOMÁTICO INICIADO ===
2026-05-01 14:36:38,443 [INFO] Ciclo completado: 0 aperturas, 0 cierres
2026-05-01 14:36:38,445 [INFO] Ciclo completado: 0 aperturas, 0 cierres, 3 rechazadas
2026-05-01 14:39:33,532 [INFO] Ciclo completado: 0 aperturas, 0 cierres
2026-05-01 14:41:04,526 [ERROR] HTTP Error 404: {"quoteSummary":{"result":null,"error":{"code":"Not Found","description":"Quote not found for symbol: COPEC"}}}
2026-05-01 14:41:06,068 [ERROR] $COPEC: possibly delisted; no price data found  (period=2d) (Yahoo error = "No data found, symbol may be delisted")
2026-05-01 14:42:51,757 [ERROR] HTTP Error 404: {"quoteSummary":{"result":null,"error":{"code":"Not Found","description":"Quote not found for symbol: COPEC"}}}
2026-05-01 14:42:53,573 [ERROR] $COPEC: possibly delisted; no price data found  (period=2d) (Yahoo error = "No data found, symbol may be delisted")
2026-05-01 14:45:01,177 [INFO] === CICLO AUTOMÁTICO INICIADO ===
2026-05-01 14:45:18,818 [INFO] Ciclo completado: 0 aperturas, 0 cierres
2026-05-01 14:45:18,819 [INFO] Ciclo completado: 0 aperturas, 0 cierres, 3 rechazadas
2026-05-01 17:47:17,101 [INFO] Fuera de horario: Fuera de horario (09:30-15:45 ET)
2026-05-01 17:52:48,383 [WARNING] '(ReadTimeoutError("HTTPSConnectionPool(host='huggingface.co', port=443): Read timed out. (read timeout=10)"), '(Request ID: abd11208-9174-4587-9abc-42ea4a9cfd6e)')' thrown while requesting HEAD https://huggingface.co/nlptown/bert-base-multilingual-uncased-sentiment/resolve/main/config.json
2026-05-01 17:52:48,387 [WARNING] Retrying in 1s [Retry 1/5].
2026-05-01 18:15:00,417 [ERROR] $COPEC: possibly delisted; no price data found  (period=2d) (Yahoo error = "No data found, symbol may be delisted")
2026-05-01 18:35:21,043 [INFO] Fuera de horario: Fuera de horario (09:30-15:45 ET)
2026-05-01 18:37:01,640 [ERROR] $COPEC: possibly delisted; no price data found  (period=2d) (Yahoo error = "No data found, symbol may be delisted")
2026-05-01 18:38:38,064 [ERROR] $COPEC: possibly delisted; no price data found  (period=2d) (Yahoo error = "No data found, symbol may be delisted")
2026-05-01 20:35:03,069 [INFO] === CICLO AUTOMÁTICO INICIADO ===
2026-05-01 20:35:05,000 [INFO] Fuera de horario: Fuera de horario (09:30-15:45 ET) — solo verificando posiciones
2026-05-01 21:45:06,273 [INFO] === CICLO AUTOMÁTICO INICIADO ===
2026-05-01 21:50:15,190 [INFO] Fuera de horario: Fuera de horario (09:30-15:45 ET) — solo verificando posiciones
2026-05-01 22:23:55,139 [INFO] Fuera de horario: Fuera de horario (09:30-15:45 ET)
2026-05-01 22:45:58,126 [ERROR] $COPEC: possibly delisted; no price data found  (period=2d) (Yahoo error = "No data found, symbol may be delisted")
2026-05-01 22:46:03,190 [INFO] === CICLO AUTOMÁTICO INICIADO ===
2026-05-01 22:46:05,141 [INFO] Fuera de horario: Fuera de horario (09:30-15:45 ET) — solo verificando posiciones
2026-05-02 01:21:40,155 [INFO] Fuera de horario: Mercado cerrado (fin de semana)
2026-05-02 01:38:27,026 [ERROR] $COPEC: possibly delisted; no price data found  (period=2d) (Yahoo error = "No data found, symbol may be delisted")
2026-05-02 01:43:51,970 [ERROR] 
8 Failed downloads:
2026-05-02 01:43:51,970 [ERROR] ['CCU.SN', 'ITAUCL.SN', 'COPEC.SN', 'ENELCHILE.SN', 'HITES.SN', 'FALABELLA.SN', 'ILC.SN', 'BCI.SN']: TypeError("'NoneType' object is not subscriptable")
2026-05-02 01:55:09,837 [ERROR] $COPEC: possibly delisted; no price data found  (period=2d) (Yahoo error = "No data found, symbol may be delisted")
2026-05-02 02:01:04,435 [INFO] === CICLO AUTOMÁTICO INICIADO ===
2026-05-02 02:01:06,403 [INFO] Fuera de horario: Mercado cerrado (fin de semana) — solo verificando posiciones
2026-05-02 02:45:06,730 [INFO] === CICLO AUTOMÁTICO INICIADO ===
2026-05-02 02:45:08,699 [INFO] Fuera de horario: Mercado cerrado (fin de semana) — solo verificando posiciones
2026-05-02 09:15:37,968 [INFO] Fuera de horario: Mercado cerrado (fin de semana)
2026-05-02 09:32:33,043 [ERROR] $COPEC: possibly delisted; no price data found  (period=2d) (Yahoo error = "No data found, symbol may be delisted")
2026-05-02 09:49:10,678 [ERROR] $COPEC: possibly delisted; no price data found  (period=2d) (Yahoo error = "No data found, symbol may be delisted")
2026-05-02 10:49:15,867 [INFO] === CICLO AUTOMÁTICO INICIADO ===
2026-05-02 10:49:18,005 [INFO] Fuera de horario: Mercado cerrado (fin de semana) — solo verificando posiciones
2026-05-02 12:11:56,044 [INFO] Fuera de horario: Mercado cerrado (fin de semana)
2026-05-02 12:28:49,436 [ERROR] $COPEC: possibly delisted; no price data found  (period=2d) (Yahoo error = "No data found, symbol may be delisted")
2026-05-02 12:50:37,648 [ERROR] $COPEC: possibly delisted; no price data found  (period=2d) (Yahoo error = "No data found, symbol may be delisted")
2026-05-02 13:05:24,966 [INFO] === CICLO AUTOMÁTICO INICIADO ===
2026-05-02 13:05:27,179 [INFO] Fuera de horario: Mercado cerrado (fin de semana) — solo verificando posiciones
2026-05-02 15:08:27,521 [INFO] Fuera de horario: Mercado cerrado (fin de semana)
2026-05-02 15:34:53,434 [ERROR] $COPEC: possibly delisted; no price data found  (period=2d) (Yahoo error = "No data found, symbol may be delisted")
2026-05-02 15:35:08,873 [INFO] === CICLO AUTOMÁTICO INICIADO ===
2026-05-02 15:35:10,999 [INFO] Fuera de horario: Mercado cerrado (fin de semana) — solo verificando posiciones
2026-05-02 15:45:55,849 [ERROR] 
8 Failed downloads:
2026-05-02 15:45:55,850 [ERROR] ['^VIX', 'GC=F', 'SPY', 'ECH', '^TNX', 'CL=F', 'DX-Y.NYB', 'BTC-USD']: TypeError("'NoneType' object is not subscriptable")
2026-05-02 15:52:21,406 [ERROR] $COPEC: possibly delisted; no price data found  (period=2d) (Yahoo error = "No data found, symbol may be delisted")
2026-05-02 16:20:03,298 [INFO] === CICLO AUTOMÁTICO INICIADO ===
2026-05-02 16:20:05,220 [INFO] Fuera de horario: Mercado cerrado (fin de semana) — solo verificando posiciones
2026-05-02 16:31:04,378 [INFO] === CICLO AUTOMÁTICO INICIADO ===
2026-05-02 16:31:06,231 [INFO] Fuera de horario: Mercado cerrado (fin de semana) — solo verificando posiciones
2026-05-02 17:48:04,214 [INFO] === CICLO AUTOMÁTICO INICIADO ===
2026-05-02 17:48:06,129 [INFO] Fuera de horario: Mercado cerrado (fin de semana) — solo verificando posiciones
2026-05-02 18:15:22,344 [INFO] Fuera de horario: Mercado cerrado (fin de semana)
2026-05-02 18:38:00,228 [ERROR] $COPEC: possibly delisted; no price data found  (period=2d) (Yahoo error = "No data found, symbol may be delisted")
2026-05-02 18:54:36,367 [ERROR] $COPEC: possibly delisted; no price data found  (period=2d) (Yahoo error = "No data found, symbol may be delisted")
2026-05-02 19:00:05,448 [INFO] === CICLO AUTOMÁTICO INICIADO ===
2026-05-02 19:00:07,597 [INFO] Fuera de horario: Mercado cerrado (fin de semana) — solo verificando posiciones
2026-05-02 19:50:04,678 [INFO] === CICLO AUTOMÁTICO INICIADO ===
2026-05-02 19:50:06,784 [INFO] Fuera de horario: Mercado cerrado (fin de semana) — solo verificando posiciones
2026-05-02 21:22:59,083 [INFO] Fuera de horario: Mercado cerrado (fin de semana)
2026-05-02 21:45:15,383 [ERROR] $COPEC: possibly delisted; no price data found  (period=2d) (Yahoo error = "No data found, symbol may be delisted")
2026-05-02 22:07:37,926 [ERROR] $COPEC: possibly delisted; no price data found  (period=2d) (Yahoo error = "No data found, symbol may be delisted")
2026-05-03 00:15:33,712 [INFO] Fuera de horario: Mercado cerrado (fin de semana)
2026-05-03 00:35:05,137 [INFO] === CICLO AUTOMÁTICO INICIADO ===
2026-05-03 00:35:07,416 [INFO] Fuera de horario: Mercado cerrado (fin de semana) — solo verificando posiciones
2026-05-03 00:35:22,015 [ERROR] $COPEC: possibly delisted; no price data found  (period=2d) (Yahoo error = "No data found, symbol may be delisted")
2026-05-03 00:47:06,776 [INFO] === CICLO AUTOMÁTICO INICIADO ===
2026-05-03 00:47:08,896 [INFO] Fuera de horario: Mercado cerrado (fin de semana) — solo verificando posiciones
2026-05-03 00:52:21,691 [ERROR] 
8 Failed downloads:
2026-05-03 00:52:21,692 [ERROR] ['GC=F', '^VIX', 'BTC-USD', '^TNX', 'DX-Y.NYB', 'ECH', 'SPY', 'CL=F']: TypeError("'NoneType' object is not subscriptable")
2026-05-03 00:58:04,177 [ERROR] $COPEC: possibly delisted; no price data found  (period=2d) (Yahoo error = "No data found, symbol may be delisted")
2026-05-03 03:10:52,936 [INFO] Fuera de horario: Mercado cerrado (fin de semana)
2026-05-03 03:33:20,485 [ERROR] $COPEC: possibly delisted; no price data found  (period=2d) (Yahoo error = "No data found, symbol may be delisted")
2026-05-03 03:55:14,391 [ERROR] $COPEC: possibly delisted; no price data found  (period=2d) (Yahoo error = "No data found, symbol may be delisted")
2026-05-03 04:02:44,687 [INFO] === CICLO AUTOMÁTICO INICIADO ===
2026-05-03 04:02:47,316 [INFO] Fuera de horario: Mercado cerrado (fin de semana) — solo verificando posiciones
2026-05-03 04:21:44,463 [INFO] === CICLO AUTOMÁTICO INICIADO ===
2026-05-03 04:21:46,380 [INFO] Fuera de horario: Mercado cerrado (fin de semana) — solo verificando posiciones
2026-05-03 04:33:01,544 [INFO] === CICLO AUTOMÁTICO INICIADO ===
2026-05-03 04:33:03,365 [INFO] Fuera de horario: Mercado cerrado (fin de semana) — solo verificando posiciones
2026-05-03 05:44:54,430 [INFO] Fuera de horario: Mercado cerrado (fin de semana)
2026-05-03 05:45:05,746 [INFO] === CICLO AUTOMÁTICO INICIADO ===
2026-05-03 05:45:07,757 [INFO] Fuera de horario: Mercado cerrado (fin de semana) — solo verificando posiciones
2026-05-03 06:02:10,222 [ERROR] $COPEC: possibly delisted; no price data found  (period=2d) (Yahoo error = "No data found, symbol may be delisted")
2026-05-03 06:07:30,577 [ERROR] 
1 Failed download:
2026-05-03 06:07:30,578 [ERROR] ['ENELCHILE.SN']: TypeError("'NoneType' object is not subscriptable")
2026-05-03 06:21:02,241 [INFO] === CICLO AUTOMÁTICO INICIADO ===
2026-05-03 06:21:04,132 [INFO] Fuera de horario: Mercado cerrado (fin de semana) — solo verificando posiciones
2026-05-03 06:21:08,780 [ERROR] $COPEC: possibly delisted; no price data found  (period=2d) (Yahoo error = "No data found, symbol may be delisted")
2026-05-03 06:49:14,789 [INFO] === CICLO AUTOMÁTICO INICIADO ===
2026-05-03 06:49:16,709 [INFO] Fuera de horario: Mercado cerrado (fin de semana) — solo verificando posiciones
2026-05-03 07:33:04,839 [INFO] === CICLO AUTOMÁTICO INICIADO ===
2026-05-03 07:33:06,854 [INFO] Fuera de horario: Mercado cerrado (fin de semana) — solo verificando posiciones
2026-05-03 07:50:22,459 [INFO] === CICLO AUTOMÁTICO INICIADO ===
2026-05-03 07:50:24,389 [INFO] Fuera de horario: Mercado cerrado (fin de semana) — solo verificando posiciones
2026-05-03 13:13:39,110 [INFO] Fuera de horario: Mercado cerrado (fin de semana)
2026-05-03 13:13:39,111 [INFO] Fuera de horario: Mercado cerrado (fin de semana)
2026-05-03 13:13:39,111 [INFO] Fuera de horario: Mercado cerrado (fin de semana)
2026-05-03 13:14:20,946 [INFO] Fuera de horario: Mercado cerrado (fin de semana)
2026-05-03 13:14:20,946 [INFO] Fuera de horario: Mercado cerrado (fin de semana)
2026-05-03 13:14:22,362 [INFO] Fuera de horario: Mercado cerrado (fin de semana)
2026-05-03 13:14:23,804 [INFO] Fuera de horario: Mercado cerrado (fin de semana)
2026-05-03 13:14:23,826 [INFO] Fuera de horario: Mercado cerrado (fin de semana)
2026-05-03 13:15:00,608 [INFO] === CICLO AUTOMÁTICO INICIADO ===
2026-05-03 13:15:02,973 [INFO] Fuera de horario: Mercado cerrado (fin de semana) — solo verificando posiciones
2026-05-03 13:15:42,645 [ERROR] HTTP Error 404: {"quoteSummary":{"result":null,"error":{"code":"Not Found","description":"Quote not found for symbol: COPEC"}}}
2026-05-03 13:15:42,820 [ERROR] HTTP Error 404: {"quoteSummary":{"result":null,"error":{"code":"Not Found","description":"Quote not found for symbol: COPEC"}}}
2026-05-03 13:15:43,964 [ERROR] $COPEC: possibly delisted; no price data found  (period=2d) (Yahoo error = "No data found, symbol may be delisted")
2026-05-03 13:15:44,359 [ERROR] $COPEC: possibly delisted; no price data found  (period=2d) (Yahoo error = "No data found, symbol may be delisted")
2026-05-03 13:15:44,534 [ERROR] $COPEC: possibly delisted; no price data found  (period=2d) (Yahoo error = "No data found, symbol may be delisted")
2026-05-03 13:15:46,806 [ERROR] $COPEC: possibly delisted; no price data found  (period=2d) (Yahoo error = "No data found, symbol may be delisted")
2026-05-03 13:16:10,942 [ERROR] $COPEC: possibly delisted; no price data found  (period=2d) (Yahoo error = "No data found, symbol may be delisted")
2026-05-03 13:17:24,298 [INFO] Fuera de horario: Mercado cerrado (fin de semana)
2026-05-03 13:17:24,587 [INFO] Fuera de horario: Mercado cerrado (fin de semana)
2026-05-03 13:18:55,388 [INFO] Fuera de horario: Mercado cerrado (fin de semana)
2026-05-03 13:18:57,138 [INFO] Fuera de horario: Mercado cerrado (fin de semana)
2026-05-03 13:19:05,688 [INFO] Fuera de horario: Mercado cerrado (fin de semana)
2026-05-03 13:19:05,795 [INFO] Fuera de horario: Mercado cerrado (fin de semana)
2026-05-03 13:19:50,646 [INFO] Fuera de horario: Mercado cerrado (fin de semana)
2026-05-03 13:21:02,363 [INFO] Fuera de horario: Mercado cerrado (fin de semana)
2026-05-03 13:21:02,720 [INFO] Fuera de horario: Mercado cerrado (fin de semana)
2026-05-03 13:22:37,682 [INFO] Fuera de horario: Mercado cerrado (fin de semana)
2026-05-03 13:22:40,860 [ERROR] HTTP Error 404: {"quoteSummary":{"result":null,"error":{"code":"Not Found","description":"Quote not found for symbol: COPEC"}}}
2026-05-03 13:22:42,438 [ERROR] $COPEC: possibly delisted; no price data found  (period=2d) (Yahoo error = "No data found, symbol may be delisted")
2026-05-03 13:24:17,046 [ERROR] HTTP Error 404: {"quoteSummary":{"result":null,"error":{"code":"Not Found","description":"Quote not found for symbol: COPEC"}}}
2026-05-03 13:24:18,514 [ERROR] $COPEC: possibly delisted; no price data found  (period=2d) (Yahoo error = "No data found, symbol may be delisted")
2026-05-03 13:25:52,166 [ERROR] $COPEC: possibly delisted; no price data found  (period=2d) (Yahoo error = "No data found, symbol may be delisted")
2026-05-03 13:30:00,908 [INFO] === CICLO AUTOMÁTICO INICIADO ===
2026-05-03 13:30:02,603 [INFO] Fuera de horario: Mercado cerrado (fin de semana) — solo verificando posiciones
2026-05-03 13:32:04,842 [INFO] Fuera de horario: Mercado cerrado (fin de semana)
2026-05-03 13:34:07,390 [ERROR] HTTP Error 404: {"quoteSummary":{"result":null,"error":{"code":"Not Found","description":"Quote not found for symbol: COPEC"}}}
2026-05-03 13:34:09,383 [ERROR] $COPEC: possibly delisted; no price data found  (period=2d) (Yahoo error = "No data found, symbol may be delisted")
2026-05-03 13:35:48,101 [ERROR] HTTP Error 404: {"quoteSummary":{"result":null,"error":{"code":"Not Found","description":"Quote not found for symbol: COPEC"}}}
2026-05-03 13:35:49,523 [ERROR] $COPEC: possibly delisted; no price data found  (period=2d) (Yahoo error = "No data found, symbol may be delisted")
2026-05-03 13:44:38,266 [INFO] === CICLO AUTOMÁTICO INICIADO ===
2026-05-03 13:44:39,238 [INFO] Fuera de horario: Mercado cerrado (fin de semana) — solo verificando posiciones
2026-05-03 13:45:00,620 [INFO] === CICLO AUTOMÁTICO INICIADO ===
2026-05-03 13:45:03,266 [INFO] Fuera de horario: Mercado cerrado (fin de semana) — solo verificando posiciones
2026-05-03 13:47:06,323 [INFO] Fuera de horario: Mercado cerrado (fin de semana)
2026-05-03 14:00:00,513 [INFO] === CICLO AUTOMÁTICO INICIADO ===
2026-05-03 14:00:03,979 [INFO] Fuera de horario: Mercado cerrado (fin de semana) — solo verificando posiciones
2026-05-03 14:11:17,562 [INFO] === CICLO AUTOMÁTICO INICIADO ===
2026-05-03 14:11:18,637 [INFO] Fuera de horario: Mercado cerrado (fin de semana) — solo verificando posiciones
2026-05-03 14:15:00,712 [INFO] === CICLO AUTOMÁTICO INICIADO ===
2026-05-03 14:15:02,668 [INFO] Fuera de horario: Mercado cerrado (fin de semana) — solo verificando posiciones
2026-05-03 14:16:09,636 [INFO] Fuera de horario: Mercado cerrado (fin de semana)
2026-05-03 14:28:14,418 [INFO] Fuera de horario: Mercado cerrado (fin de semana)
2026-05-03 14:29:00,254 [INFO] === CICLO AUTOMÁTICO INICIADO ===
2026-05-03 14:29:01,079 [INFO] Fuera de horario: Mercado cerrado (fin de semana) — solo verificando posiciones
2026-05-03 14:29:36,993 [INFO] Fuera de horario: Mercado cerrado (fin de semana)
2026-05-03 14:30:00,873 [INFO] === CICLO AUTOMÁTICO INICIADO ===
2026-05-03 14:30:03,003 [INFO] Fuera de horario: Mercado cerrado (fin de semana) — solo verificando posiciones
2026-05-03 14:39:27,498 [INFO] Fuera de horario: Mercado cerrado (fin de semana)
2026-05-03 14:41:05,753 [INFO] Fuera de horario: Mercado cerrado (fin de semana)
2026-05-03 14:43:47,593 [INFO] Fuera de horario: Mercado cerrado (fin de semana)
2026-05-03 14:44:36,879 [ERROR] $CFR.SN: possibly delisted; no price data found  (period=3mo)
2026-05-03 14:44:37,244 [ERROR] $ENDESA.SN: possibly delisted; no price data found  (period=3mo)
2026-05-03 14:44:40,122 [ERROR] $BANMEDICA.SN: possibly delisted; no price data found  (period=3mo) (Yahoo error = "No data found, symbol may be delisted")
2026-05-03 14:44:48,904 [ERROR] HTTP Error 404: {"quoteSummary":{"result":null,"error":{"code":"Not Found","description":"Quote not found for symbol: COPEC"}}}
2026-05-03 14:44:50,456 [ERROR] $COPEC: possibly delisted; no price data found  (period=2d) (Yahoo error = "No data found, symbol may be delisted")
2026-05-03 14:45:00,771 [INFO] === CICLO AUTOMÁTICO INICIADO ===
2026-05-03 14:45:03,167 [INFO] Fuera de horario: Mercado cerrado (fin de semana) — solo verificando posiciones
2026-05-03 14:45:50,286 [ERROR] $COPEC: possibly delisted; no price data found  (period=2d) (Yahoo error = "No data found, symbol may be delisted")
2026-05-03 14:47:24,715 [INFO] Fuera de horario: Mercado cerrado (fin de semana)
2026-05-03 14:48:17,286 [ERROR] $CFR.SN: possibly delisted; no price data found  (period=3mo)
2026-05-03 14:48:17,634 [ERROR] $ENDESA.SN: possibly delisted; no price data found  (period=3mo)
2026-05-03 14:48:21,727 [ERROR] $BANMEDICA.SN: possibly delisted; no price data found  (period=3mo) (Yahoo error = "No data found, symbol may be delisted")
2026-05-03 14:48:32,144 [ERROR] HTTP Error 404: {"quoteSummary":{"result":null,"error":{"code":"Not Found","description":"Quote not found for symbol: COPEC"}}}
2026-05-03 14:48:34,137 [ERROR] $COPEC: possibly delisted; no price data found  (period=2d) (Yahoo error = "No data found, symbol may be delisted")
2026-05-03 14:49:31,181 [ERROR] $COPEC: possibly delisted; no price data found  (period=2d) (Yahoo error = "No data found, symbol may be delisted")
2026-05-03 14:50:42,487 [INFO] === CICLO AUTOMÁTICO INICIADO ===
2026-05-03 14:50:44,123 [INFO] Fuera de horario: Mercado cerrado (fin de semana) — solo verificando posiciones
2026-05-03 15:00:00,790 [INFO] === CICLO AUTOMÁTICO INICIADO ===
2026-05-03 15:00:02,793 [INFO] Fuera de horario: Mercado cerrado (fin de semana) — solo verificando posiciones
2026-05-03 15:00:27,243 [INFO] Fuera de horario: Mercado cerrado (fin de semana)
2026-05-03 15:01:38,078 [ERROR] $CFR.SN: possibly delisted; no price data found  (period=3mo)
2026-05-03 15:01:38,383 [ERROR] $ENDESA.SN: possibly delisted; no price data found  (period=3mo)
2026-05-03 15:01:40,751 [ERROR] $BANMEDICA.SN: possibly delisted; no price data found  (period=3mo) (Yahoo error = "No data found, symbol may be delisted")
2026-05-03 15:01:51,499 [ERROR] $COPEC: possibly delisted; no price data found  (period=2d) (Yahoo error = "No data found, symbol may be delisted")
2026-05-03 15:02:56,162 [ERROR] $COPEC: possibly delisted; no price data found  (period=2d) (Yahoo error = "No data found, symbol may be delisted")
2026-05-03 15:15:00,318 [INFO] === CICLO AUTOMÁTICO INICIADO ===
2026-05-03 15:15:02,493 [INFO] Fuera de horario: Mercado cerrado (fin de semana) — solo verificando posiciones
2026-05-03 15:15:27,797 [INFO] Fuera de horario: Mercado cerrado (fin de semana)
2026-05-03 15:16:37,359 [ERROR] $CFR.SN: possibly delisted; no price data found  (period=3mo)
2026-05-03 15:16:37,695 [ERROR] $ENDESA.SN: possibly delisted; no price data found  (period=3mo)
2026-05-03 15:16:38,426 [ERROR] $BANMEDICA.SN: possibly delisted; no price data found  (period=3mo) (Yahoo error = "No data found, symbol may be delisted")
2026-05-03 15:16:48,733 [ERROR] $COPEC: possibly delisted; no price data found  (period=2d) (Yahoo error = "No data found, symbol may be delisted")
2026-05-03 15:17:50,726 [ERROR] $COPEC: possibly delisted; no price data found  (period=2d) (Yahoo error = "No data found, symbol may be delisted")
2026-05-03 15:20:00,754 [INFO] === CICLO AUTOMÁTICO INICIADO ===
2026-05-03 15:20:02,821 [INFO] Fuera de horario: Mercado cerrado (fin de semana) — solo verificando posiciones
2026-05-03 15:25:01,069 [INFO] === CICLO AUTOMÁTICO INICIADO ===
2026-05-03 15:25:02,999 [INFO] Fuera de horario: Mercado cerrado (fin de semana) — solo verificando posiciones
2026-05-03 15:27:05,997 [ERROR] HTTP Error 404: {"quoteSummary":{"result":null,"error":{"code":"Not Found","description":"Quote not found for symbol: COPEC"}}}
2026-05-03 15:27:07,730 [ERROR] $COPEC: possibly delisted; no price data found  (period=2d) (Yahoo error = "No data found, symbol may be delisted")
2026-05-03 15:30:01,011 [INFO] === CICLO AUTOMÁTICO INICIADO ===
2026-05-03 15:30:04,206 [INFO] Fuera de horario: Mercado cerrado (fin de semana) — solo verificando posiciones
2026-05-03 15:30:27,853 [INFO] Fuera de horario: Mercado cerrado (fin de semana)
2026-05-03 15:31:04,601 [INFO] === CICLO AUTOMÁTICO INICIADO ===
2026-05-03 15:31:05,689 [INFO] Fuera de horario: Mercado cerrado (fin de semana) — solo verificando posiciones
2026-05-03 15:32:01,521 [ERROR] $CFR.SN: possibly delisted; no price data found  (period=3mo)
2026-05-03 15:32:01,787 [ERROR] $ENDESA.SN: possibly delisted; no price data found  (period=3mo)
2026-05-03 15:32:03,494 [ERROR] $BANMEDICA.SN: possibly delisted; no price data found  (period=3mo) (Yahoo error = "No data found, symbol may be delisted")
2026-05-03 15:32:15,154 [ERROR] $COPEC: possibly delisted; no price data found  (period=2d) (Yahoo error = "No data found, symbol may be delisted")
2026-05-03 15:33:22,055 [ERROR] $COPEC: possibly delisted; no price data found  (period=2d) (Yahoo error = "No data found, symbol may be delisted")
2026-05-03 15:35:00,637 [INFO] === CICLO AUTOMÁTICO INICIADO ===
2026-05-03 15:35:02,704 [INFO] Fuera de horario: Mercado cerrado (fin de semana) — solo verificando posiciones
2026-05-03 15:40:00,473 [INFO] === CICLO AUTOMÁTICO INICIADO ===
2026-05-03 15:40:02,372 [INFO] Fuera de horario: Mercado cerrado (fin de semana) — solo verificando posiciones
2026-05-03 15:45:00,692 [INFO] === CICLO AUTOMÁTICO INICIADO ===
2026-05-03 15:45:02,604 [INFO] Fuera de horario: Mercado cerrado (fin de semana) — solo verificando posiciones
2026-05-03 15:45:28,055 [INFO] Fuera de horario: Mercado cerrado (fin de semana)
2026-05-03 15:46:25,120 [ERROR] $CFR.SN: possibly delisted; no price data found  (period=3mo)
2026-05-03 15:46:25,282 [ERROR] $ENDESA.SN: possibly delisted; no price data found  (period=3mo)
2026-05-03 15:46:26,210 [ERROR] $BANMEDICA.SN: possibly delisted; no price data found  (period=3mo) (Yahoo error = "No data found, symbol may be delisted")
2026-05-03 15:46:36,621 [ERROR] $COPEC: possibly delisted; no price data found  (period=2d) (Yahoo error = "No data found, symbol may be delisted")
2026-05-03 15:47:43,000 [ERROR] $COPEC: possibly delisted; no price data found  (period=2d) (Yahoo error = "No data found, symbol may be delisted")
2026-05-03 15:50:00,914 [INFO] === CICLO AUTOMÁTICO INICIADO ===
2026-05-03 15:50:04,127 [INFO] Fuera de horario: Mercado cerrado (fin de semana) — solo verificando posiciones
2026-05-03 15:53:22,696 [INFO] Fuera de horario: Mercado cerrado (fin de semana)
2026-05-03 15:54:11,834 [ERROR] $CFR.SN: possibly delisted; no price data found  (period=3mo)
2026-05-03 15:54:12,319 [ERROR] $ENDESA.SN: possibly delisted; no price data found  (period=3mo)
2026-05-03 15:54:13,073 [ERROR] $BANMEDICA.SN: possibly delisted; no price data found  (period=3mo) (Yahoo error = "No data found, symbol may be delisted")
2026-05-03 15:54:25,224 [ERROR] $COPEC: possibly delisted; no price data found  (period=2d) (Yahoo error = "No data found, symbol may be delisted")
2026-05-03 15:55:01,220 [INFO] === CICLO AUTOMÁTICO INICIADO ===
2026-05-03 15:55:03,996 [INFO] Fuera de horario: Mercado cerrado (fin de semana) — solo verificando posiciones
2026-05-03 15:55:25,196 [ERROR] $COPEC: possibly delisted; no price data found  (period=2d) (Yahoo error = "No data found, symbol may be delisted")
2026-05-03 16:00:00,550 [INFO] === CICLO AUTOMÁTICO INICIADO ===
2026-05-03 16:00:07,698 [ERROR] HTTP Error 404: {"quoteSummary":{"result":null,"error":{"code":"Not Found","description":"Quote not found for symbol: COPEC"}}}
2026-05-03 16:00:09,976 [ERROR] $COPEC: possibly delisted; no price data found  (period=2d) (Yahoo error = "No data found, symbol may be delisted")
2026-05-03 16:00:12,118 [INFO] Fuera de horario: Mercado cerrado (fin de semana) — solo verificando posiciones
2026-05-03 16:05:00,770 [INFO] === CICLO AUTOMÁTICO INICIADO ===
2026-05-03 16:05:02,697 [INFO] Fuera de horario: Mercado cerrado (fin de semana) — solo verificando posiciones
2026-05-03 16:08:23,081 [INFO] Fuera de horario: Mercado cerrado (fin de semana)
2026-05-03 16:09:25,080 [ERROR] $CFR.SN: possibly delisted; no price data found  (period=3mo)
2026-05-03 16:09:25,359 [ERROR] $ENDESA.SN: possibly delisted; no price data found  (period=3mo)
2026-05-03 16:09:26,420 [ERROR] $BANMEDICA.SN: possibly delisted; no price data found  (period=3mo) (Yahoo error = "No data found, symbol may be delisted")
2026-05-03 16:09:35,753 [ERROR] $COPEC: possibly delisted; no price data found  (period=2d) (Yahoo error = "No data found, symbol may be delisted")
2026-05-03 16:10:00,623 [INFO] === CICLO AUTOMÁTICO INICIADO ===
2026-05-03 16:10:02,554 [INFO] Fuera de horario: Mercado cerrado (fin de semana) — solo verificando posiciones
2026-05-03 16:10:27,953 [ERROR] $COPEC: possibly delisted; no price data found  (period=2d) (Yahoo error = "No data found, symbol may be delisted")
2026-05-03 16:15:00,881 [INFO] === CICLO AUTOMÁTICO INICIADO ===
2026-05-03 16:15:02,816 [INFO] Fuera de horario: Mercado cerrado (fin de semana) — solo verificando posiciones
2026-05-03 16:20:00,734 [INFO] === CICLO AUTOMÁTICO INICIADO ===
2026-05-03 16:20:03,687 [INFO] Fuera de horario: Mercado cerrado (fin de semana) — solo verificando posiciones
2026-05-03 16:23:23,119 [INFO] Fuera de horario: Mercado cerrado (fin de semana)
2026-05-03 16:24:24,424 [ERROR] $CFR.SN: possibly delisted; no price data found  (period=3mo)
2026-05-03 16:24:24,490 [ERROR] $ENDESA.SN: possibly delisted; no price data found  (period=3mo)
2026-05-03 16:24:25,920 [ERROR] $BANMEDICA.SN: possibly delisted; no price data found  (period=3mo) (Yahoo error = "No data found, symbol may be delisted")
2026-05-03 16:24:36,650 [ERROR] $COPEC: possibly delisted; no price data found  (period=2d) (Yahoo error = "No data found, symbol may be delisted")
2026-05-03 16:25:01,011 [INFO] === CICLO AUTOMÁTICO INICIADO ===
2026-05-03 16:25:03,082 [INFO] Fuera de horario: Mercado cerrado (fin de semana) — solo verificando posiciones
2026-05-03 16:25:37,263 [ERROR] $COPEC: possibly delisted; no price data found  (period=2d) (Yahoo error = "No data found, symbol may be delisted")
2026-05-03 16:30:01,200 [INFO] === CICLO AUTOMÁTICO INICIADO ===
2026-05-03 16:30:03,385 [INFO] Fuera de horario: Mercado cerrado (fin de semana) — solo verificando posiciones
2026-05-03 16:35:00,767 [INFO] === CICLO AUTOMÁTICO INICIADO ===
2026-05-03 16:35:02,890 [INFO] Fuera de horario: Mercado cerrado (fin de semana) — solo verificando posiciones
2026-05-03 16:38:23,060 [INFO] Fuera de horario: Mercado cerrado (fin de semana)
2026-05-03 16:39:42,994 [ERROR] $CFR.SN: possibly delisted; no price data found  (period=3mo)
2026-05-03 16:39:43,299 [ERROR] $ENDESA.SN: possibly delisted; no price data found  (period=3mo)
2026-05-03 16:39:44,121 [ERROR] $BANMEDICA.SN: possibly delisted; no price data found  (period=3mo) (Yahoo error = "No data found, symbol may be delisted")
2026-05-03 16:39:52,836 [ERROR] $COPEC: possibly delisted; no price data found  (period=2d) (Yahoo error = "No data found, symbol may be delisted")
2026-05-03 16:40:00,729 [INFO] === CICLO AUTOMÁTICO INICIADO ===
2026-05-03 16:40:02,705 [INFO] Fuera de horario: Mercado cerrado (fin de semana) — solo verificando posiciones
2026-05-03 16:41:32,120 [ERROR] $CFR.SN: possibly delisted; no price data found  (period=3mo)
2026-05-03 16:41:32,234 [ERROR] $ENDESA.SN: possibly delisted; no price data found  (period=3mo)
2026-05-03 16:41:33,057 [ERROR] $BANMEDICA.SN: possibly delisted; no price data found  (period=3mo) (Yahoo error = "No data found, symbol may be delisted")
2026-05-03 16:41:44,995 [ERROR] $COPEC: possibly delisted; no price data found  (period=2d) (Yahoo error = "No data found, symbol may be delisted")
2026-05-03 16:42:46,413 [ERROR] $COPEC: possibly delisted; no price data found  (period=2d) (Yahoo error = "No data found, symbol may be delisted")
2026-05-03 16:45:00,210 [INFO] === CICLO AUTOMÁTICO INICIADO ===
2026-05-03 16:45:02,623 [INFO] Fuera de horario: Mercado cerrado (fin de semana) — solo verificando posiciones
2026-05-03 16:46:17,066 [INFO] Fuera de horario: Mercado cerrado (fin de semana)
2026-05-03 16:47:10,291 [ERROR] $CFR.SN: possibly delisted; no price data found  (period=3mo)
2026-05-03 16:47:10,553 [ERROR] $ENDESA.SN: possibly delisted; no price data found  (period=3mo)
2026-05-03 16:47:11,483 [ERROR] $BANMEDICA.SN: possibly delisted; no price data found  (period=3mo) (Yahoo error = "No data found, symbol may be delisted")
2026-05-03 16:47:45,931 [ERROR] $CFR.SN: possibly delisted; no price data found  (period=3mo)
2026-05-03 16:47:46,274 [ERROR] $ENDESA.SN: possibly delisted; no price data found  (period=3mo)
2026-05-03 16:47:47,823 [ERROR] $BANMEDICA.SN: possibly delisted; no price data found  (period=3mo) (Yahoo error = "No data found, symbol may be delisted")
2026-05-03 16:47:59,219 [ERROR] $COPEC: possibly delisted; no price data found  (period=2d) (Yahoo error = "No data found, symbol may be delisted")
2026-05-03 16:49:01,824 [ERROR] $COPEC: possibly delisted; no price data found  (period=2d) (Yahoo error = "No data found, symbol may be delisted")
2026-05-03 16:49:03,726 [INFO] sent startApi
2026-05-03 16:49:03,726 [INFO] REQUEST startApi {}
2026-05-03 16:49:03,726 [INFO] SENDING startApi b'\x00\x00\x00\t71\x002\x0010\x00\x00'
2026-05-03 16:49:03,726 [INFO] ANSWER connectAck {}
2026-05-03 16:49:03,740 [INFO] REQUEST reqAccountSummary {'reqId': 1, 'groupName': 'All', 'tags': 'NetLiquidation,TotalCashValue,BuyingPower,UnrealizedPnL'}
2026-05-03 16:49:03,740 [INFO] SENDING reqAccountSummary b'\x00\x00\x00C62\x001\x001\x00All\x00NetLiquidation,TotalCashValue,BuyingPower,UnrealizedPnL\x00'
2026-05-03 16:49:03,741 [INFO] ANSWER managedAccounts {'accountsList': 'DUP838882'}
2026-05-03 16:49:06,745 [INFO] disconnecting
2026-05-03 16:49:06,746 [INFO] ANSWER connectionClosed {}
2026-05-03 16:50:00,288 [INFO] === CICLO AUTOMÁTICO INICIADO ===
2026-05-03 16:50:02,343 [INFO] Fuera de horario: Mercado cerrado (fin de semana) — solo verificando posiciones
2026-05-03 16:55:00,275 [INFO] === CICLO AUTOMÁTICO INICIADO ===
2026-05-03 16:55:03,549 [INFO] Fuera de horario: Mercado cerrado (fin de semana) — solo verificando posiciones
2026-05-03 16:55:34,197 [INFO] Fuera de horario: Mercado cerrado (fin de semana)
2026-05-03 16:56:23,885 [ERROR] $ENDESA.SN: possibly delisted; no price data found  (period=3mo)
2026-05-03 16:56:24,051 [ERROR] $CFR.SN: possibly delisted; no price data found  (period=3mo)
2026-05-03 16:56:25,228 [ERROR] $BANMEDICA.SN: possibly delisted; no price data found  (period=3mo) (Yahoo error = "No data found, symbol may be delisted")
2026-05-03 18:28:49,008 [INFO] === CICLO AUTOMÁTICO INICIADO ===
2026-05-03 18:28:55,379 [INFO] Fuera de horario: Mercado cerrado (fin de semana) — solo verificando posiciones
2026-05-03 18:29:54,097 [ERROR] $CFR.SN: possibly delisted; no price data found  (period=3mo)
2026-05-03 18:29:54,236 [ERROR] $ENDESA.SN: possibly delisted; no price data found  (period=3mo)
2026-05-03 18:29:55,126 [ERROR] $BANMEDICA.SN: possibly delisted; no price data found  (period=3mo) (Yahoo error = "No data found, symbol may be delisted")
2026-05-03 18:30:00,815 [INFO] === CICLO AUTOMÁTICO INICIADO ===
2026-05-03 18:30:02,445 [INFO] Fuera de horario: Mercado cerrado (fin de semana) — solo verificando posiciones
2026-05-03 18:30:05,748 [ERROR] $COPEC: possibly delisted; no price data found  (period=2d) (Yahoo error = "No data found, symbol may be delisted")
2026-05-03 18:30:20,455 [INFO] Fuera de horario: Mercado cerrado (fin de semana)
2026-05-03 18:31:12,489 [ERROR] $CFR.SN: possibly delisted; no price data found  (period=3mo)
2026-05-03 18:31:12,858 [ERROR] $ENDESA.SN: possibly delisted; no price data found  (period=3mo)
2026-05-03 18:31:14,094 [ERROR] $BANMEDICA.SN: possibly delisted; no price data found  (period=3mo) (Yahoo error = "No data found, symbol may be delisted")
2026-05-03 18:31:24,667 [ERROR] $COPEC: possibly delisted; no price data found  (period=2d) (Yahoo error = "No data found, symbol may be delisted")
2026-05-03 18:32:20,191 [ERROR] $COPEC: possibly delisted; no price data found  (period=2d) (Yahoo error = "No data found, symbol may be delisted")
2026-05-03 18:35:00,727 [INFO] === CICLO AUTOMÁTICO INICIADO ===
2026-05-03 18:35:02,654 [INFO] Fuera de horario: Mercado cerrado (fin de semana) — solo verificando posiciones
2026-05-03 18:40:01,213 [INFO] === CICLO AUTOMÁTICO INICIADO ===
2026-05-03 18:40:02,937 [INFO] Fuera de horario: Mercado cerrado (fin de semana) — solo verificando posiciones
2026-05-03 18:45:00,816 [INFO] === CICLO AUTOMÁTICO INICIADO ===
2026-05-03 18:45:02,836 [INFO] Fuera de horario: Mercado cerrado (fin de semana) — solo verificando posiciones
2026-05-03 18:50:00,642 [INFO] === CICLO AUTOMÁTICO INICIADO ===
2026-05-03 18:50:02,733 [INFO] Fuera de horario: Mercado cerrado (fin de semana) — solo verificando posiciones
2026-05-03 18:53:49,667 [INFO] === CICLO AUTOMÁTICO INICIADO ===
2026-05-03 18:53:50,623 [INFO] Fuera de horario: Mercado cerrado (fin de semana) — solo verificando posiciones
2026-05-03 18:55:00,751 [INFO] === CICLO AUTOMÁTICO INICIADO ===
2026-05-03 18:55:03,615 [INFO] Fuera de horario: Mercado cerrado (fin de semana) — solo verificando posiciones
2026-05-03 18:55:06,316 [INFO] Fuera de horario: Mercado cerrado (fin de semana)
2026-05-03 18:56:01,431 [ERROR] $CFR.SN: possibly delisted; no price data found  (period=3mo)
2026-05-03 18:56:01,804 [ERROR] $ENDESA.SN: possibly delisted; no price data found  (period=3mo)
2026-05-03 18:56:05,783 [ERROR] $BANMEDICA.SN: possibly delisted; no price data found  (period=3mo) (Yahoo error = "No data found, symbol may be delisted")
2026-05-03 18:56:17,222 [ERROR] HTTP Error 404: {"quoteSummary":{"result":null,"error":{"code":"Not Found","description":"Quote not found for symbol: COPEC"}}}
2026-05-03 18:56:19,212 [ERROR] $COPEC: possibly delisted; no price data found  (period=2d) (Yahoo error = "No data found, symbol may be delisted")
2026-05-03 18:57:09,405 [ERROR] $COPEC: possibly delisted; no price data found  (period=2d) (Yahoo error = "No data found, symbol may be delisted")
2026-05-03 18:59:45,656 [INFO] Fuera de horario: Mercado cerrado (fin de semana)
2026-05-03 19:00:01,371 [INFO] === CICLO AUTOMÁTICO INICIADO ===
2026-05-03 19:00:03,363 [INFO] Fuera de horario: Mercado cerrado (fin de semana) — solo verificando posiciones
2026-05-03 19:01:08,614 [ERROR] $CFR.SN: possibly delisted; no price data found  (period=3mo)
2026-05-03 19:01:08,699 [ERROR] $ENDESA.SN: possibly delisted; no price data found  (period=3mo)
2026-05-03 19:01:09,886 [ERROR] $BANMEDICA.SN: possibly delisted; no price data found  (period=3mo) (Yahoo error = "No data found, symbol may be delisted")
2026-05-03 19:01:24,147 [ERROR] $COPEC: possibly delisted; no price data found  (period=2d) (Yahoo error = "No data found, symbol may be delisted")
2026-05-03 19:02:18,264 [ERROR] $COPEC: possibly delisted; no price data found  (period=2d) (Yahoo error = "No data found, symbol may be delisted")
2026-05-03 19:04:07,523 [INFO] === CICLO AUTOMÁTICO INICIADO ===
2026-05-03 19:04:08,364 [INFO] Fuera de horario: Mercado cerrado (fin de semana) — solo verificando posiciones
2026-05-03 19:05:00,662 [INFO] === CICLO AUTOMÁTICO INICIADO ===
2026-05-03 19:05:02,514 [INFO] Fuera de horario: Mercado cerrado (fin de semana) — solo verificando posiciones
2026-05-03 19:05:12,082 [INFO] === CICLO AUTOMÁTICO INICIADO ===
2026-05-03 19:05:15,800 [ERROR] $CFR.SN: possibly delisted; no price data found  (period=3mo)
2026-05-03 19:05:16,029 [ERROR] $ENDESA.SN: possibly delisted; no price data found  (period=3mo)
2026-05-03 19:05:19,061 [ERROR] $BANMEDICA.SN: possibly delisted; no price data found  (period=3mo) (Yahoo error = "No data found, symbol may be delisted")
2026-05-03 19:05:24,067 [INFO] Fuera de horario: Mercado cerrado (fin de semana) — solo verificando posiciones
2026-05-03 19:06:39,097 [INFO] === CICLO AUTOMÁTICO INICIADO ===
2026-05-03 19:06:42,053 [ERROR] $CFR.SN: possibly delisted; no price data found  (period=3mo)
2026-05-03 19:06:42,241 [ERROR] $ENDESA.SN: possibly delisted; no price data found  (period=3mo)
2026-05-03 19:06:45,495 [ERROR] $BANMEDICA.SN: possibly delisted; no price data found  (period=3mo) (Yahoo error = "No data found, symbol may be delisted")
2026-05-03 19:06:47,240 [INFO] Fuera de horario: Mercado cerrado (fin de semana) — solo verificando posiciones
2026-05-03 19:08:21,680 [INFO] === CICLO AUTOMÁTICO INICIADO ===
2026-05-03 19:08:25,990 [ERROR] $CFR.SN: possibly delisted; no price data found  (period=3mo)
2026-05-03 19:08:26,280 [ERROR] $ENDESA.SN: possibly delisted; no price data found  (period=3mo)
2026-05-03 19:08:30,672 [ERROR] $BANMEDICA.SN: possibly delisted; no price data found  (period=3mo) (Yahoo error = "No data found, symbol may be delisted")
2026-05-03 19:08:48,388 [INFO] sent startApi
2026-05-03 19:08:48,388 [INFO] REQUEST startApi {}
2026-05-03 19:08:48,388 [INFO] SENDING startApi b'\x00\x00\x00\t71\x002\x0010\x00\x00'
2026-05-03 19:08:48,388 [INFO] ANSWER connectAck {}
2026-05-03 19:08:48,394 [INFO] ANSWER managedAccounts {'accountsList': 'DUP838882'}
2026-05-03 19:08:49,395 [INFO] REQUEST placeOrder {'orderId': 7, 'contract': 4421605168: 0,SQM,STK,,0.0,,,SMART,,USD,,,False,,combo:, 'order': 4421605024: 0,0,0: MKT BUY 112@179769313486231570814527423731704356798070567525844996598917476803157260780028538760589558632766878171540458953514382464234321326889464182768467546703537516986049910576551282076245490090389328944075868508455133942304583236903222948165808559332123348274797826204144723168738177180919299881250404026184124858368.000000 }
2026-05-03 19:08:49,396 [INFO] SENDING placeOrder b'\x00\x00\x0153\x007\x000\x00SQM\x00STK\x00\x000.0\x00\x00\x00SMART\x00\x00USD\x00\x00\x00\x00\x00BUY\x00112\x00MKT\x00\x00\x00\x00\x00\x00\x000\x00\x001\x000\x000\x000\x000\x000\x000\x000\x00\x000\x00\x00\x00\x00\x00\x00\x00\x000\x00\x00-1\x000\x00\x00\x000\x00\x00\x000\x000\x00\x000\x00\x00\x00\x00\x00\x000\x00\x00\x00\x00\x000\x00\x00\x00\x00\x00\x00\x00\x00\x00\x00\x000\x00\x00\x000\x000\x00\x00\x000\x00\x000\x000\x000\x000\x00\x001.7976931348623157e+308\x001.7976931348623157e+308\x001.7976931348623157e+308\x001.7976931348623157e+308\x001.7976931348623157e+308\x000\x00\x00\x00\x001.7976931348623157e+308\x00\x00\x00\x00\x000\x000\x000\x00\x00'
2026-05-03 19:08:49,396 [INFO] REQUEST placeOrder {'orderId': 8, 'contract': 4421605024: 0,COPEC,STK,,0.0,,,SN,,CLP,,,False,,combo:, 'order': 4421605168: 0,0,0: MKT BUY 1@179769313486231570814527423731704356798070567525844996598917476803157260780028538760589558632766878171540458953514382464234321326889464182768467546703537516986049910576551282076245490090389328944075868508455133942304583236903222948165808559332123348274797826204144723168738177180919299881250404026184124858368.000000 }
2026-05-03 19:08:49,397 [INFO] SENDING placeOrder b'\x00\x00\x0123\x008\x000\x00COPEC\x00STK\x00\x000.0\x00\x00\x00SN\x00\x00CLP\x00\x00\x00\x00\x00BUY\x001\x00MKT\x00\x00\x00\x00\x00\x00\x000\x00\x001\x000\x000\x000\x000\x000\x000\x000\x00\x000\x00\x00\x00\x00\x00\x00\x00\x000\x00\x00-1\x000\x00\x00\x000\x00\x00\x000\x000\x00\x000\x00\x00\x00\x00\x00\x000\x00\x00\x00\x00\x000\x00\x00\x00\x00\x00\x00\x00\x00\x00\x00\x000\x00\x00\x000\x000\x00\x00\x000\x00\x000\x000\x000\x000\x00\x001.7976931348623157e+308\x001.7976931348623157e+308\x001.7976931348623157e+308\x001.7976931348623157e+308\x001.7976931348623157e+308\x000\x00\x00\x00\x001.7976931348623157e+308\x00\x00\x00\x00\x000\x000\x000\x00\x00'
2026-05-03 19:08:49,400 [INFO] REQUEST placeOrder {'orderId': 9, 'contract': 4421605168: 0,BTC,CRYPTO,,0.0,,,PAXOS,,USD,,,False,,combo:, 'order': 4421605024: 0,0,0: MKT SELL 1@179769313486231570814527423731704356798070567525844996598917476803157260780028538760589558632766878171540458953514382464234321326889464182768467546703537516986049910576551282076245490090389328944075868508455133942304583236903222948165808559332123348274797826204144723168738177180919299881250404026184124858368.000000 }
2026-05-03 19:08:49,400 [INFO] SENDING placeOrder b'\x00\x00\x0173\x009\x000\x00BTC\x00CRYPTO\x00\x000.0\x00\x00\x00PAXOS\x00\x00USD\x00\x00\x00\x00\x00SELL\x001\x00MKT\x00\x00\x00\x00\x00\x00\x000\x00\x000\x000\x000\x000\x000\x000\x000\x000\x00\x000\x00\x00\x00\x00\x00\x00\x00\x000\x00\x00-1\x000\x00\x00\x000\x00\x00\x000\x000\x00\x000\x00\x00\x00\x00\x00\x000\x00\x00\x00\x00\x000\x00\x00\x00\x00\x00\x00\x00\x00\x00\x00\x000\x00\x00\x000\x000\x00\x00\x000\x00\x000\x000\x000\x000\x00\x001.7976931348623157e+308\x001.7976931348623157e+308\x001.7976931348623157e+308\x001.7976931348623157e+308\x001.7976931348623157e+308\x000\x00\x00\x00\x001.7976931348623157e+308\x00\x00\x00\x00\x000\x000\x000\x00\x00'
2026-05-03 19:08:49,606 [INFO] REQUEST placeOrder {'orderId': 10, 'contract': 4421605168: 0,BTC,CRYPTO,,0.0,,,PAXOS,,USD,,,False,,combo:, 'order': 4614792048: 0,0,0: STP BUY 1@179769313486231570814527423731704356798070567525844996598917476803157260780028538760589558632766878171540458953514382464234321326889464182768467546703537516986049910576551282076245490090389328944075868508455133942304583236903222948165808559332123348274797826204144723168738177180919299881250404026184124858368.000000 }
2026-05-03 19:08:49,607 [INFO] SENDING placeOrder b'\x00\x00\x01?3\x0010\x000\x00BTC\x00CRYPTO\x00\x000.0\x00\x00\x00PAXOS\x00\x00USD\x00\x00\x00\x00\x00BUY\x001\x00STP\x00\x0080283.05\x00\x00\x00\x00\x000\x00\x000\x009\x000\x000\x000\x000\x000\x000\x00\x000\x00\x00\x00\x00\x00\x00\x00\x000\x00\x00-1\x000\x00\x00\x000\x00\x00\x000\x000\x00\x000\x00\x00\x00\x00\x00\x000\x00\x00\x00\x00\x000\x00\x00\x00\x00\x00\x00\x00\x00\x00\x00\x000\x00\x00\x000\x000\x00\x00\x000\x00\x000\x000\x000\x000\x00\x001.7976931348623157e+308\x001.7976931348623157e+308\x001.7976931348623157e+308\x001.7976931348623157e+308\x001.7976931348623157e+308\x000\x00\x00\x00\x001.7976931348623157e+308\x00\x00\x00\x00\x000\x000\x000\x00\x00'
2026-05-03 19:08:49,812 [INFO] REQUEST placeOrder {'orderId': 11, 'contract': 4421605168: 0,BTC,CRYPTO,,0.0,,,PAXOS,,USD,,,False,,combo:, 'order': 4614794448: 0,0,0: LMT BUY 1@76822.910000 }
2026-05-03 19:08:49,813 [INFO] SENDING placeOrder b'\x00\x00\x01?3\x0011\x000\x00BTC\x00CRYPTO\x00\x000.0\x00\x00\x00PAXOS\x00\x00USD\x00\x00\x00\x00\x00BUY\x001\x00LMT\x0076822.91\x00\x00\x00\x00\x00\x000\x00\x001\x009\x000\x000\x000\x000\x000\x000\x00\x000\x00\x00\x00\x00\x00\x00\x00\x000\x00\x00-1\x000\x00\x00\x000\x00\x00\x000\x000\x00\x000\x00\x00\x00\x00\x00\x000\x00\x00\x00\x00\x000\x00\x00\x00\x00\x00\x00\x00\x00\x00\x00\x000\x00\x00\x000\x000\x00\x00\x000\x00\x000\x000\x000\x000\x00\x001.7976931348623157e+308\x001.7976931348623157e+308\x001.7976931348623157e+308\x001.7976931348623157e+308\x001.7976931348623157e+308\x000\x00\x00\x00\x001.7976931348623157e+308\x00\x00\x00\x00\x000\x000\x000\x00\x00'
2026-05-03 19:08:51,523 [INFO] disconnecting
2026-05-03 19:08:51,525 [INFO] ANSWER connectionClosed {}
2026-05-03 19:08:51,526 [INFO] Fuera de horario: Mercado cerrado (fin de semana) — solo verificando posiciones
2026-05-03 19:10:00,279 [INFO] === CICLO AUTOMÁTICO INICIADO ===
2026-05-03 19:10:06,213 [ERROR] $CFR.SN: possibly delisted; no price data found  (period=3mo)
2026-05-03 19:10:06,684 [ERROR] $ENDESA.SN: possibly delisted; no price data found  (period=3mo)
2026-05-03 19:10:09,923 [ERROR] $BANMEDICA.SN: possibly delisted; no price data found  (period=3mo) (Yahoo error = "No data found, symbol may be delisted")
2026-05-03 19:10:18,645 [INFO] sent startApi
2026-05-03 19:10:18,646 [INFO] REQUEST startApi {}
2026-05-03 19:10:18,646 [INFO] SENDING startApi b'\x00\x00\x00\t71\x002\x0010\x00\x00'
2026-05-03 19:10:18,646 [INFO] ANSWER connectAck {}
2026-05-03 19:10:18,649 [INFO] ANSWER managedAccounts {'accountsList': 'DUP838882'}
2026-05-03 19:10:20,730 [INFO] disconnecting
2026-05-03 19:10:20,739 [INFO] ANSWER connectionClosed {}
2026-05-03 19:10:20,740 [INFO] Fuera de horario: Mercado cerrado (fin de semana) — solo verificando posiciones
2026-05-03 19:11:24,963 [INFO] Fuera de horario: Mercado cerrado (fin de semana)
2026-05-03 19:12:11,804 [ERROR] $CFR.SN: possibly delisted; no price data found  (period=3mo)
2026-05-03 19:12:12,427 [ERROR] $ENDESA.SN: possibly delisted; no price data found  (period=3mo)
2026-05-03 19:12:13,324 [ERROR] $BANMEDICA.SN: possibly delisted; no price data found  (period=3mo) (Yahoo error = "No data found, symbol may be delisted")
2026-05-03 19:15:01,132 [INFO] === CICLO AUTOMÁTICO INICIADO ===
2026-05-03 19:15:07,429 [ERROR] $CFR.SN: possibly delisted; no price data found  (period=3mo)
2026-05-03 19:15:07,743 [ERROR] $ENDESA.SN: possibly delisted; no price data found  (period=3mo)
2026-05-03 19:15:11,237 [ERROR] $BANMEDICA.SN: possibly delisted; no price data found  (period=3mo) (Yahoo error = "No data found, symbol may be delisted")
2026-05-03 19:15:19,269 [INFO] sent startApi
2026-05-03 19:15:19,270 [INFO] REQUEST startApi {}
2026-05-03 19:15:19,270 [INFO] SENDING startApi b'\x00\x00\x00\t71\x002\x0010\x00\x00'
2026-05-03 19:15:19,270 [INFO] ANSWER connectAck {}
2026-05-03 19:15:19,272 [INFO] ANSWER managedAccounts {'accountsList': 'DUP838882'}
2026-05-03 19:15:21,395 [INFO] disconnecting
2026-05-03 19:15:21,395 [INFO] ANSWER connectionClosed {}
2026-05-03 19:15:21,395 [INFO] Fuera de horario: Mercado cerrado (fin de semana) — solo verificando posiciones
2026-05-03 19:20:00,698 [INFO] === CICLO AUTOMÁTICO INICIADO ===
2026-05-03 19:20:05,643 [ERROR] $CFR.SN: possibly delisted; no price data found  (period=3mo)
2026-05-03 19:20:06,047 [ERROR] $ENDESA.SN: possibly delisted; no price data found  (period=3mo)
2026-05-03 19:20:09,510 [ERROR] $BANMEDICA.SN: possibly delisted; no price data found  (period=3mo) (Yahoo error = "No data found, symbol may be delisted")
2026-05-03 19:20:17,676 [INFO] sent startApi
2026-05-03 19:20:17,677 [INFO] REQUEST startApi {}
2026-05-03 19:20:17,677 [INFO] SENDING startApi b'\x00\x00\x00\t71\x002\x0010\x00\x00'
2026-05-03 19:20:17,677 [INFO] ANSWER connectAck {}
2026-05-03 19:20:17,679 [INFO] ANSWER managedAccounts {'accountsList': 'DUP838882'}
2026-05-03 19:20:19,734 [INFO] disconnecting
2026-05-03 19:20:19,735 [INFO] ANSWER connectionClosed {}
2026-05-03 19:20:19,735 [INFO] Fuera de horario: Mercado cerrado (fin de semana) — solo verificando posiciones
2026-05-03 19:22:45,673 [INFO] Fuera de horario: Mercado cerrado (fin de semana)
2026-05-03 19:23:40,325 [ERROR] $CFR.SN: possibly delisted; no price data found  (period=3mo)
2026-05-03 19:23:40,609 [ERROR] $ENDESA.SN: possibly delisted; no price data found  (period=3mo)
2026-05-03 19:23:41,637 [ERROR] $BANMEDICA.SN: possibly delisted; no price data found  (period=3mo) (Yahoo error = "No data found, symbol may be delisted")
2026-05-03 19:25:00,668 [INFO] === CICLO AUTOMÁTICO INICIADO ===
2026-05-03 19:25:06,522 [ERROR] $CFR.SN: possibly delisted; no price data found  (period=3mo)
2026-05-03 19:25:06,989 [ERROR] $ENDESA.SN: possibly delisted; no price data found  (period=3mo)
2026-05-03 19:25:10,508 [ERROR] $BANMEDICA.SN: possibly delisted; no price data found  (period=3mo) (Yahoo error = "No data found, symbol may be delisted")
2026-05-03 19:25:18,849 [INFO] sent startApi
2026-05-03 19:25:18,850 [INFO] REQUEST startApi {}
2026-05-03 19:25:18,850 [INFO] SENDING startApi b'\x00\x00\x00\t71\x002\x0010\x00\x00'
2026-05-03 19:25:18,850 [INFO] ANSWER connectAck {}
2026-05-03 19:25:18,853 [INFO] ANSWER managedAccounts {'accountsList': 'DUP838882'}
2026-05-03 19:25:20,990 [INFO] disconnecting
2026-05-03 19:25:20,990 [INFO] ANSWER connectionClosed {}
2026-05-03 19:25:20,990 [INFO] Fuera de horario: Mercado cerrado (fin de semana) — solo verificando posiciones
2026-05-03 19:28:02,990 [INFO] === CICLO AUTOMÁTICO INICIADO ===
2026-05-03 19:28:06,908 [ERROR] $CFR.SN: possibly delisted; no price data found  (period=3mo)
2026-05-03 19:28:07,323 [ERROR] $ENDESA.SN: possibly delisted; no price data found  (period=3mo)
2026-05-03 19:28:10,890 [ERROR] $BANMEDICA.SN: possibly delisted; no price data found  (period=3mo) (Yahoo error = "No data found, symbol may be delisted")
2026-05-03 19:28:30,060 [INFO] sent startApi
2026-05-03 19:28:30,060 [INFO] REQUEST startApi {}
2026-05-03 19:28:30,060 [INFO] SENDING startApi b'\x00\x00\x00\t71\x002\x0010\x00\x00'
2026-05-03 19:28:30,060 [INFO] ANSWER connectAck {}
2026-05-03 19:28:30,063 [INFO] ANSWER managedAccounts {'accountsList': 'DUP838882'}
2026-05-03 19:28:31,953 [INFO] Fuera de horario: Mercado cerrado (fin de semana)
2026-05-03 19:28:32,072 [INFO] disconnecting
2026-05-03 19:28:32,072 [INFO] ANSWER connectionClosed {}
2026-05-03 19:28:32,073 [INFO] Fuera de horario: Mercado cerrado (fin de semana) — solo verificando posiciones
2026-05-03 19:28:32,121 [INFO] Fuera de horario: Mercado cerrado (fin de semana)
2026-05-03 19:29:25,355 [ERROR] $CFR.SN: possibly delisted; no price data found  (period=3mo)
2026-05-03 19:29:25,422 [ERROR] $ENDESA.SN: possibly delisted; no price data found  (period=3mo)
2026-05-03 19:29:25,803 [ERROR] $CFR.SN: possibly delisted; no price data found  (period=3mo)
2026-05-03 19:29:26,013 [ERROR] $ENDESA.SN: possibly delisted; no price data found  (period=3mo)
2026-05-03 19:29:26,978 [ERROR] $BANMEDICA.SN: possibly delisted; no price data found  (period=3mo) (Yahoo error = "No data found, symbol may be delisted")
2026-05-03 19:29:27,869 [ERROR] $BANMEDICA.SN: possibly delisted; no price data found  (period=3mo) (Yahoo error = "No data found, symbol may be delisted")
2026-05-03 19:30:00,553 [INFO] === CICLO AUTOMÁTICO INICIADO ===
2026-05-03 19:30:09,607 [ERROR] $CFR.SN: possibly delisted; no price data found  (period=3mo)
2026-05-03 19:30:09,947 [ERROR] $ENDESA.SN: possibly delisted; no price data found  (period=3mo)
2026-05-03 19:30:13,395 [ERROR] $BANMEDICA.SN: possibly delisted; no price data found  (period=3mo) (Yahoo error = "No data found, symbol may be delisted")
2026-05-03 19:30:38,800 [INFO] sent startApi
2026-05-03 19:30:38,801 [INFO] REQUEST startApi {}
2026-05-03 19:30:38,801 [INFO] SENDING startApi b'\x00\x00\x00\t71\x002\x0010\x00\x00'
2026-05-03 19:30:38,801 [INFO] ANSWER connectAck {}
2026-05-03 19:30:38,806 [INFO] ANSWER managedAccounts {'accountsList': 'DUP838882'}
2026-05-03 19:30:40,843 [INFO] disconnecting
2026-05-03 19:30:40,844 [INFO] ANSWER connectionClosed {}
2026-05-03 19:30:40,844 [INFO] Fuera de horario: Mercado cerrado (fin de semana) — solo verificando posiciones
2026-05-03 19:35:00,667 [INFO] === CICLO AUTOMÁTICO INICIADO ===
2026-05-03 19:35:08,312 [ERROR] $CFR.SN: possibly delisted; no price data found  (period=3mo)
2026-05-03 19:35:08,867 [ERROR] $ENDESA.SN: possibly delisted; no price data found  (period=3mo)
2026-05-03 19:35:13,127 [ERROR] $BANMEDICA.SN: possibly delisted; no price data found  (period=3mo) (Yahoo error = "No data found, symbol may be delisted")
2026-05-03 19:35:33,593 [INFO] sent startApi
2026-05-03 19:35:33,596 [INFO] REQUEST startApi {}
2026-05-03 19:35:33,597 [INFO] SENDING startApi b'\x00\x00\x00\t71\x002\x0010\x00\x00'
2026-05-03 19:35:33,598 [INFO] ANSWER connectAck {}
2026-05-03 19:35:33,688 [INFO] ANSWER managedAccounts {'accountsList': 'DUP838882'}
2026-05-03 19:35:35,795 [INFO] disconnecting
2026-05-03 19:35:35,796 [INFO] ANSWER connectionClosed {}
2026-05-03 19:35:35,798 [INFO] Fuera de horario: Mercado cerrado (fin de semana) — solo verificando posiciones
2026-05-03 19:40:00,804 [INFO] === CICLO AUTOMÁTICO INICIADO ===
2026-05-03 19:40:07,279 [ERROR] $CFR.SN: possibly delisted; no price data found  (period=3mo)
2026-05-03 19:40:07,653 [ERROR] $ENDESA.SN: possibly delisted; no price data found  (period=3mo)
2026-05-03 19:40:10,556 [ERROR] $BANMEDICA.SN: possibly delisted; no price data found  (period=3mo) (Yahoo error = "No data found, symbol may be delisted")
2026-05-03 19:40:26,043 [INFO] sent startApi
2026-05-03 19:40:26,049 [INFO] REQUEST startApi {}
2026-05-03 19:40:26,050 [INFO] SENDING startApi b'\x00\x00\x00\t71\x002\x0010\x00\x00'
2026-05-03 19:40:26,050 [INFO] ANSWER connectAck {}
2026-05-03 19:40:26,054 [INFO] ANSWER managedAccounts {'accountsList': 'DUP838882'}
2026-05-03 19:40:28,151 [INFO] disconnecting
2026-05-03 19:40:28,154 [INFO] ANSWER connectionClosed {}
2026-05-03 19:40:28,154 [INFO] Fuera de horario: Mercado cerrado (fin de semana) — solo verificando posiciones
2026-05-03 19:45:01,103 [INFO] === CICLO AUTOMÁTICO INICIADO ===
2026-05-03 19:45:05,828 [ERROR] $CFR.SN: possibly delisted; no price data found  (period=3mo)
2026-05-03 19:45:07,282 [ERROR] $ENDESA.SN: possibly delisted; no price data found  (period=3mo)
2026-05-03 19:45:10,394 [ERROR] $BANMEDICA.SN: possibly delisted; no price data found  (period=3mo) (Yahoo error = "No data found, symbol may be delisted")
2026-05-03 19:45:27,626 [INFO] sent startApi
2026-05-03 19:45:27,628 [INFO] REQUEST startApi {}
2026-05-03 19:45:27,628 [INFO] SENDING startApi b'\x00\x00\x00\t71\x002\x0010\x00\x00'
2026-05-03 19:45:27,628 [INFO] ANSWER connectAck {}
2026-05-03 19:45:27,635 [INFO] ANSWER managedAccounts {'accountsList': 'DUP838882'}
2026-05-03 19:45:29,770 [INFO] disconnecting
2026-05-03 19:45:29,776 [INFO] ANSWER connectionClosed {}
2026-05-03 19:45:29,778 [INFO] Fuera de horario: Mercado cerrado (fin de semana) — solo verificando posiciones
2026-05-03 19:50:00,269 [INFO] === CICLO AUTOMÁTICO INICIADO ===
2026-05-03 19:50:05,697 [ERROR] $CFR.SN: possibly delisted; no price data found  (period=3mo)
2026-05-03 19:50:05,946 [ERROR] $ENDESA.SN: possibly delisted; no price data found  (period=3mo)
2026-05-03 19:50:10,010 [ERROR] $BANMEDICA.SN: possibly delisted; no price data found  (period=3mo) (Yahoo error = "No data found, symbol may be delisted")
2026-05-03 19:50:41,176 [INFO] sent startApi
2026-05-03 19:50:41,180 [INFO] REQUEST startApi {}
2026-05-03 19:50:41,181 [INFO] SENDING startApi b'\x00\x00\x00\t71\x002\x0010\x00\x00'
2026-05-03 19:50:41,181 [INFO] ANSWER connectAck {}
2026-05-03 19:50:41,184 [INFO] ANSWER managedAccounts {'accountsList': 'DUP838882'}
2026-05-03 19:50:43,264 [INFO] disconnecting
2026-05-03 19:50:43,265 [INFO] ANSWER connectionClosed {}
2026-05-03 19:50:43,265 [INFO] Fuera de horario: Mercado cerrado (fin de semana) — solo verificando posiciones
2026-05-03 19:55:00,854 [INFO] === CICLO AUTOMÁTICO INICIADO ===
2026-05-03 19:55:06,610 [ERROR] $CFR.SN: possibly delisted; no price data found  (period=3mo)
2026-05-03 19:55:06,862 [ERROR] $ENDESA.SN: possibly delisted; no price data found  (period=3mo)
2026-05-03 19:55:12,120 [ERROR] $BANMEDICA.SN: possibly delisted; no price data found  (period=3mo) (Yahoo error = "No data found, symbol may be delisted")
2026-05-03 19:55:30,326 [INFO] sent startApi
2026-05-03 19:55:30,326 [INFO] REQUEST startApi {}
2026-05-03 19:55:30,326 [INFO] SENDING startApi b'\x00\x00\x00\t71\x002\x0010\x00\x00'
2026-05-03 19:55:30,327 [INFO] ANSWER connectAck {}
2026-05-03 19:55:30,329 [INFO] ANSWER managedAccounts {'accountsList': 'DUP838882'}
2026-05-03 19:55:32,474 [INFO] disconnecting
2026-05-03 19:55:32,475 [INFO] ANSWER connectionClosed {}
2026-05-03 19:55:32,475 [INFO] Fuera de horario: Mercado cerrado (fin de semana) — solo verificando posiciones
2026-05-03 20:00:00,702 [INFO] === CICLO AUTOMÁTICO INICIADO ===
2026-05-03 20:00:06,141 [ERROR] $CFR.SN: possibly delisted; no price data found  (period=3mo)
2026-05-03 20:00:07,274 [ERROR] $ENDESA.SN: possibly delisted; no price data found  (period=3mo)
2026-05-03 20:00:11,139 [ERROR] $BANMEDICA.SN: possibly delisted; no price data found  (period=3mo) (Yahoo error = "No data found, symbol may be delisted")
2026-05-03 20:00:46,628 [INFO] sent startApi
2026-05-03 20:00:46,630 [INFO] REQUEST startApi {}
2026-05-03 20:00:46,630 [INFO] SENDING startApi b'\x00\x00\x00\t71\x002\x0010\x00\x00'
2026-05-03 20:00:46,630 [INFO] ANSWER connectAck {}
2026-05-03 20:00:46,633 [INFO] ANSWER managedAccounts {'accountsList': 'DUP838882'}
2026-05-03 20:00:48,717 [INFO] disconnecting
2026-05-03 20:00:48,717 [INFO] ANSWER connectionClosed {}
2026-05-03 20:00:48,717 [INFO] Fuera de horario: Mercado cerrado (fin de semana) — solo verificando posiciones
2026-05-03 20:05:00,471 [INFO] === CICLO AUTOMÁTICO INICIADO ===
2026-05-03 20:05:07,893 [ERROR] $ENDESA.SN: possibly delisted; no price data found  (period=3mo)
2026-05-03 20:05:07,910 [ERROR] $CFR.SN: possibly delisted; no price data found  (period=3mo)
2026-05-03 20:05:11,622 [ERROR] $BANMEDICA.SN: possibly delisted; no price data found  (period=3mo) (Yahoo error = "No data found, symbol may be delisted")
2026-05-03 20:05:35,220 [INFO] sent startApi
2026-05-03 20:05:35,226 [INFO] REQUEST startApi {}
2026-05-03 20:05:35,226 [INFO] SENDING startApi b'\x00\x00\x00\t71\x002\x0010\x00\x00'
2026-05-03 20:05:35,226 [INFO] ANSWER connectAck {}
2026-05-03 20:05:35,233 [INFO] ANSWER managedAccounts {'accountsList': 'DUP838882'}
2026-05-03 20:05:37,298 [INFO] disconnecting
2026-05-03 20:05:37,301 [INFO] ANSWER connectionClosed {}
2026-05-03 20:05:37,301 [INFO] Fuera de horario: Mercado cerrado (fin de semana) — solo verificando posiciones
2026-05-03 20:08:30,769 [INFO] === CICLO AUTOMÁTICO INICIADO ===
2026-05-03 20:08:33,632 [ERROR] $CFR.SN: possibly delisted; no price data found  (period=3mo)
2026-05-03 20:08:33,996 [ERROR] $ENDESA.SN: possibly delisted; no price data found  (period=3mo)
2026-05-03 20:08:37,400 [ERROR] $BANMEDICA.SN: possibly delisted; no price data found  (period=3mo) (Yahoo error = "No data found, symbol may be delisted")
2026-05-03 20:09:04,212 [INFO] sent startApi
2026-05-03 20:09:04,213 [INFO] REQUEST startApi {}
2026-05-03 20:09:04,213 [INFO] SENDING startApi b'\x00\x00\x00\t71\x002\x0010\x00\x00'
2026-05-03 20:09:04,213 [INFO] ANSWER connectAck {}
2026-05-03 20:09:04,218 [INFO] ANSWER managedAccounts {'accountsList': 'DUP838882'}
2026-05-03 20:09:06,228 [INFO] disconnecting
2026-05-03 20:09:06,230 [INFO] ANSWER connectionClosed {}
2026-05-03 20:09:06,231 [INFO] Fuera de horario: Mercado cerrado (fin de semana) — solo verificando posiciones
2026-05-03 20:10:00,349 [INFO] === CICLO AUTOMÁTICO INICIADO ===
2026-05-03 20:10:05,703 [ERROR] $CFR.SN: possibly delisted; no price data found  (period=3mo)
2026-05-03 20:10:05,998 [ERROR] $ENDESA.SN: possibly delisted; no price data found  (period=3mo)
2026-05-03 20:10:09,003 [ERROR] $BANMEDICA.SN: possibly delisted; no price data found  (period=3mo) (Yahoo error = "No data found, symbol may be delisted")
2026-05-03 20:10:33,553 [INFO] sent startApi
2026-05-03 20:10:33,554 [INFO] REQUEST startApi {}
2026-05-03 20:10:33,554 [INFO] SENDING startApi b'\x00\x00\x00\t71\x002\x0010\x00\x00'
2026-05-03 20:10:33,554 [INFO] ANSWER connectAck {}
2026-05-03 20:10:33,560 [INFO] ANSWER managedAccounts {'accountsList': 'DUP838882'}
2026-05-03 20:10:36,051 [INFO] disconnecting
2026-05-03 20:10:36,057 [INFO] ANSWER connectionClosed {}
2026-05-03 20:10:36,059 [INFO] Fuera de horario: Mercado cerrado (fin de semana) — solo verificando posiciones
2026-05-03 20:15:00,912 [INFO] === CICLO AUTOMÁTICO INICIADO ===
2026-05-03 20:15:06,735 [ERROR] $CFR.SN: possibly delisted; no price data found  (period=3mo)
2026-05-03 20:15:07,135 [ERROR] $ENDESA.SN: possibly delisted; no price data found  (period=3mo)
2026-05-03 20:15:11,164 [ERROR] $BANMEDICA.SN: possibly delisted; no price data found  (period=3mo) (Yahoo error = "No data found, symbol may be delisted")
2026-05-03 20:15:39,503 [INFO] sent startApi
2026-05-03 20:15:39,504 [INFO] REQUEST startApi {}
2026-05-03 20:15:39,504 [INFO] SENDING startApi b'\x00\x00\x00\t71\x002\x0010\x00\x00'
2026-05-03 20:15:39,504 [INFO] ANSWER connectAck {}
2026-05-03 20:15:39,508 [INFO] ANSWER managedAccounts {'accountsList': 'DUP838882'}
2026-05-03 20:15:41,642 [INFO] disconnecting
2026-05-03 20:15:41,642 [INFO] ANSWER connectionClosed {}
2026-05-03 20:15:41,642 [INFO] Fuera de horario: Mercado cerrado (fin de semana) — solo verificando posiciones
2026-05-03 20:20:01,051 [INFO] === CICLO AUTOMÁTICO INICIADO ===
2026-05-03 20:20:07,135 [ERROR] $CFR.SN: possibly delisted; no price data found  (period=3mo)
2026-05-03 20:20:07,164 [ERROR] $ENDESA.SN: possibly delisted; no price data found  (period=3mo)
2026-05-03 20:20:07,288 [INFO] === CICLO AUTOMÁTICO INICIADO ===
2026-05-03 20:20:10,886 [ERROR] $BANMEDICA.SN: possibly delisted; no price data found  (period=3mo) (Yahoo error = "No data found, symbol may be delisted")
2026-05-03 20:20:11,182 [ERROR] $CFR.SN: possibly delisted; no price data found  (period=3mo)
2026-05-03 20:20:11,328 [ERROR] $ENDESA.SN: possibly delisted; no price data found  (period=3mo)
2026-05-03 20:20:15,360 [ERROR] $BANMEDICA.SN: possibly delisted; no price data found  (period=3mo) (Yahoo error = "No data found, symbol may be delisted")
2026-05-03 20:20:39,649 [INFO] sent startApi
2026-05-03 20:20:39,650 [INFO] REQUEST startApi {}
2026-05-03 20:20:39,650 [INFO] SENDING startApi b'\x00\x00\x00\t71\x002\x0010\x00\x00'
2026-05-03 20:20:39,650 [INFO] ANSWER connectAck {}
2026-05-03 20:20:39,653 [INFO] ANSWER managedAccounts {'accountsList': 'DUP838882'}
2026-05-03 20:20:39,698 [INFO] sent startApi
2026-05-03 20:20:39,698 [INFO] REQUEST startApi {}
2026-05-03 20:20:39,698 [INFO] SENDING startApi b'\x00\x00\x00\t71\x002\x0010\x00\x00'
2026-05-03 20:20:39,698 [INFO] ANSWER connectAck {}
2026-05-03 20:20:40,331 [INFO] disconnecting
2026-05-03 20:20:40,331 [INFO] ANSWER connectionClosed {}
2026-05-03 20:20:41,781 [INFO] disconnecting
2026-05-03 20:20:41,782 [INFO] ANSWER connectionClosed {}
2026-05-03 20:20:41,782 [INFO] Fuera de horario: Mercado cerrado (fin de semana) — solo verificando posiciones
2026-05-03 20:20:49,705 [INFO] Fuera de horario: Mercado cerrado (fin de semana) — solo verificando posiciones
2026-05-03 20:25:00,742 [INFO] === CICLO AUTOMÁTICO INICIADO ===
2026-05-03 20:25:06,218 [ERROR] $CFR.SN: possibly delisted; no price data found  (period=3mo)
2026-05-03 20:25:06,488 [ERROR] $ENDESA.SN: possibly delisted; no price data found  (period=3mo)
2026-05-03 20:25:10,053 [ERROR] $BANMEDICA.SN: possibly delisted; no price data found  (period=3mo) (Yahoo error = "No data found, symbol may be delisted")
2026-05-03 20:25:39,312 [INFO] sent startApi
2026-05-03 20:25:39,318 [INFO] REQUEST startApi {}
2026-05-03 20:25:39,318 [INFO] SENDING startApi b'\x00\x00\x00\t71\x002\x0010\x00\x00'
2026-05-03 20:25:39,318 [INFO] ANSWER connectAck {}
2026-05-03 20:25:39,321 [INFO] ANSWER managedAccounts {'accountsList': 'DUP838882'}
2026-05-03 20:25:41,441 [INFO] disconnecting
2026-05-03 20:25:41,441 [INFO] ANSWER connectionClosed {}
2026-05-03 20:25:41,441 [INFO] Fuera de horario: Mercado cerrado (fin de semana) — solo verificando posiciones
2026-05-03 20:30:00,649 [INFO] === CICLO AUTOMÁTICO INICIADO ===
2026-05-03 20:30:06,173 [ERROR] $CFR.SN: possibly delisted; no price data found  (period=3mo)
2026-05-03 20:30:06,540 [ERROR] $ENDESA.SN: possibly delisted; no price data found  (period=3mo)
2026-05-03 20:30:10,568 [ERROR] $BANMEDICA.SN: possibly delisted; no price data found  (period=3mo) (Yahoo error = "No data found, symbol may be delisted")
2026-05-03 20:30:39,341 [INFO] sent startApi
2026-05-03 20:30:39,342 [INFO] REQUEST startApi {}
2026-05-03 20:30:39,342 [INFO] SENDING startApi b'\x00\x00\x00\t71\x002\x0010\x00\x00'
2026-05-03 20:30:39,342 [INFO] ANSWER connectAck {}
2026-05-03 20:30:39,349 [INFO] ANSWER managedAccounts {'accountsList': 'DUP838882'}
2026-05-03 20:30:41,386 [INFO] disconnecting
2026-05-03 20:30:41,387 [INFO] ANSWER connectionClosed {}
2026-05-03 20:30:41,387 [INFO] Fuera de horario: Mercado cerrado (fin de semana) — solo verificando posiciones
2026-05-03 20:35:01,107 [INFO] === CICLO AUTOMÁTICO INICIADO ===
2026-05-03 20:35:09,332 [ERROR] $CFR.SN: possibly delisted; no price data found  (period=3mo)
2026-05-03 20:35:09,775 [ERROR] $ENDESA.SN: possibly delisted; no price data found  (period=3mo)
2026-05-03 20:35:13,804 [ERROR] $BANMEDICA.SN: possibly delisted; no price data found  (period=3mo) (Yahoo error = "No data found, symbol may be delisted")
2026-05-03 20:35:37,540 [INFO] sent startApi
2026-05-03 20:35:37,540 [INFO] REQUEST startApi {}
2026-05-03 20:35:37,541 [INFO] SENDING startApi b'\x00\x00\x00\t71\x002\x0010\x00\x00'
2026-05-03 20:35:37,541 [INFO] ANSWER connectAck {}
2026-05-03 20:35:37,546 [INFO] ANSWER managedAccounts {'accountsList': 'DUP838882'}
2026-05-03 20:35:39,647 [INFO] disconnecting
2026-05-03 20:35:39,648 [INFO] ANSWER connectionClosed {}
2026-05-03 20:35:39,648 [INFO] Fuera de horario: Mercado cerrado (fin de semana) — solo verificando posiciones
2026-05-03 20:40:01,080 [INFO] === CICLO AUTOMÁTICO INICIADO ===
2026-05-03 20:40:09,608 [ERROR] $CFR.SN: possibly delisted; no price data found  (period=3mo)
2026-05-03 20:40:10,089 [ERROR] $ENDESA.SN: possibly delisted; no price data found  (period=3mo)
2026-05-03 20:40:14,469 [ERROR] $BANMEDICA.SN: possibly delisted; no price data found  (period=3mo) (Yahoo error = "No data found, symbol may be delisted")
2026-05-03 20:40:40,071 [INFO] sent startApi
2026-05-03 20:40:40,072 [INFO] REQUEST startApi {}
2026-05-03 20:40:40,072 [INFO] SENDING startApi b'\x00\x00\x00\t71\x002\x0010\x00\x00'
2026-05-03 20:40:40,072 [INFO] ANSWER connectAck {}
2026-05-03 20:40:40,077 [INFO] ANSWER managedAccounts {'accountsList': 'DUP838882'}
2026-05-03 20:40:42,159 [INFO] disconnecting
2026-05-03 20:40:42,161 [INFO] ANSWER connectionClosed {}
2026-05-03 20:40:42,161 [INFO] Fuera de horario: Mercado cerrado (fin de semana) — solo verificando posiciones
2026-05-03 20:45:00,641 [INFO] === CICLO AUTOMÁTICO INICIADO ===
2026-05-03 20:45:06,806 [ERROR] $CFR.SN: possibly delisted; no price data found  (period=3mo)
2026-05-03 20:45:07,388 [ERROR] $ENDESA.SN: possibly delisted; no price data found  (period=3mo)
2026-05-03 20:45:10,325 [ERROR] $BANMEDICA.SN: possibly delisted; no price data found  (period=3mo) (Yahoo error = "No data found, symbol may be delisted")
2026-05-03 20:45:39,760 [INFO] sent startApi
2026-05-03 20:45:39,763 [INFO] REQUEST startApi {}
2026-05-03 20:45:39,763 [INFO] SENDING startApi b'\x00\x00\x00\t71\x002\x0010\x00\x00'
2026-05-03 20:45:39,763 [INFO] ANSWER connectAck {}
2026-05-03 20:45:39,852 [INFO] ANSWER managedAccounts {'accountsList': 'DUP838882'}
2026-05-03 20:45:41,996 [INFO] disconnecting
2026-05-03 20:45:41,998 [INFO] ANSWER connectionClosed {}
2026-05-03 20:45:41,998 [INFO] Fuera de horario: Mercado cerrado (fin de semana) — solo verificando posiciones
2026-05-03 20:47:26,093 [INFO] === CICLO AUTOMÁTICO INICIADO ===
2026-05-03 20:47:29,726 [ERROR] $CFR.SN: possibly delisted; no price data found  (period=3mo)
2026-05-03 20:47:29,997 [ERROR] $ENDESA.SN: possibly delisted; no price data found  (period=3mo)
2026-05-03 20:47:33,045 [ERROR] $BANMEDICA.SN: possibly delisted; no price data found  (period=3mo) (Yahoo error = "No data found, symbol may be delisted")
2026-05-03 20:47:57,738 [INFO] sent startApi
2026-05-03 20:47:57,739 [INFO] REQUEST startApi {}
2026-05-03 20:47:57,739 [INFO] SENDING startApi b'\x00\x00\x00\t71\x002\x0010\x00\x00'
2026-05-03 20:47:57,740 [INFO] ANSWER connectAck {}
2026-05-03 20:47:57,748 [INFO] ANSWER managedAccounts {'accountsList': 'DUP838882'}
2026-05-03 20:47:59,759 [INFO] disconnecting
2026-05-03 20:47:59,759 [INFO] ANSWER connectionClosed {}
2026-05-03 20:47:59,760 [INFO] Fuera de horario: Mercado cerrado (fin de semana) — solo verificando posiciones
2026-05-03 20:50:00,950 [INFO] === CICLO AUTOMÁTICO INICIADO ===
2026-05-03 20:50:07,599 [ERROR] $CFR.SN: possibly delisted; no price data found  (period=3mo)
2026-05-03 20:50:07,794 [ERROR] $ENDESA.SN: possibly delisted; no price data found  (period=3mo)
2026-05-03 20:50:12,054 [ERROR] $BANMEDICA.SN: possibly delisted; no price data found  (period=3mo) (Yahoo error = "No data found, symbol may be delisted")
2026-05-03 20:50:41,665 [INFO] sent startApi
2026-05-03 20:50:41,666 [INFO] REQUEST startApi {}
2026-05-03 20:50:41,666 [INFO] SENDING startApi b'\x00\x00\x00\t71\x002\x0010\x00\x00'
2026-05-03 20:50:41,666 [INFO] ANSWER connectAck {}
2026-05-03 20:50:41,668 [INFO] ANSWER managedAccounts {'accountsList': 'DUP838882'}
2026-05-03 20:50:43,771 [INFO] disconnecting
2026-05-03 20:50:43,771 [INFO] ANSWER connectionClosed {}
2026-05-03 20:50:43,771 [INFO] Fuera de horario: Mercado cerrado (fin de semana) — solo verificando posiciones
2026-05-03 20:55:00,296 [INFO] === CICLO AUTOMÁTICO INICIADO ===
2026-05-03 20:55:04,900 [ERROR] $CFR.SN: possibly delisted; no price data found  (period=3mo)
2026-05-03 20:55:05,391 [ERROR] $ENDESA.SN: possibly delisted; no price data found  (period=3mo)
2026-05-03 20:55:08,698 [ERROR] $BANMEDICA.SN: possibly delisted; no price data found  (period=3mo) (Yahoo error = "No data found, symbol may be delisted")
2026-05-03 20:55:35,563 [INFO] sent startApi
2026-05-03 20:55:35,565 [INFO] REQUEST startApi {}
2026-05-03 20:55:35,565 [INFO] SENDING startApi b'\x00\x00\x00\t71\x002\x0010\x00\x00'
2026-05-03 20:55:35,565 [INFO] ANSWER connectAck {}
2026-05-03 20:55:35,568 [INFO] ANSWER managedAccounts {'accountsList': 'DUP838882'}
2026-05-03 20:55:37,716 [INFO] disconnecting
2026-05-03 20:55:37,716 [INFO] ANSWER connectionClosed {}
2026-05-03 20:55:37,716 [INFO] Fuera de horario: Mercado cerrado (fin de semana) — solo verificando posiciones
2026-05-03 21:00:00,218 [INFO] === CICLO AUTOMÁTICO INICIADO ===
2026-05-03 21:00:05,845 [ERROR] $CFR.SN: possibly delisted; no price data found  (period=3mo)
2026-05-03 21:00:06,228 [ERROR] $ENDESA.SN: possibly delisted; no price data found  (period=3mo)
2026-05-03 21:00:10,454 [ERROR] $BANMEDICA.SN: possibly delisted; no price data found  (period=3mo) (Yahoo error = "No data found, symbol may be delisted")
2026-05-03 21:00:40,959 [INFO] sent startApi
2026-05-03 21:00:40,960 [INFO] REQUEST startApi {}
2026-05-03 21:00:40,960 [INFO] SENDING startApi b'\x00\x00\x00\t71\x002\x0010\x00\x00'
2026-05-03 21:00:40,960 [INFO] ANSWER connectAck {}
2026-05-03 21:00:40,962 [INFO] ANSWER managedAccounts {'accountsList': 'DUP838882'}
2026-05-03 21:00:43,085 [INFO] disconnecting
2026-05-03 21:00:43,085 [INFO] ANSWER connectionClosed {}
2026-05-03 21:00:43,085 [INFO] Fuera de horario: Mercado cerrado (fin de semana) — solo verificando posiciones
2026-05-03 21:03:41,245 [INFO] Fuera de horario: Mercado cerrado (fin de semana)
2026-05-03 21:05:00,941 [INFO] === CICLO AUTOMÁTICO INICIADO ===
2026-05-03 21:05:07,440 [ERROR] $CFR.SN: possibly delisted; no price data found  (period=3mo)
2026-05-03 21:05:07,772 [ERROR] $ENDESA.SN: possibly delisted; no price data found  (period=3mo)
2026-05-03 21:05:08,016 [ERROR] $CFR.SN: possibly delisted; no price data found  (period=3mo)
2026-05-03 21:05:08,378 [ERROR] $ENDESA.SN: possibly delisted; no price data found  (period=3mo)
2026-05-03 21:05:11,696 [ERROR] $BANMEDICA.SN: possibly delisted; no price data found  (period=3mo) (Yahoo error = "No data found, symbol may be delisted")
2026-05-03 21:05:12,125 [ERROR] $BANMEDICA.SN: possibly delisted; no price data found  (period=3mo) (Yahoo error = "No data found, symbol may be delisted")
2026-05-03 21:05:30,669 [INFO] sent startApi
2026-05-03 21:05:30,680 [INFO] REQUEST startApi {}
2026-05-03 21:05:30,681 [INFO] SENDING startApi b'\x00\x00\x00\t71\x002\x0010\x00\x00'
2026-05-03 21:05:30,681 [INFO] ANSWER connectAck {}
2026-05-03 21:05:30,688 [INFO] ANSWER managedAccounts {'accountsList': 'DUP838882'}
2026-05-03 21:05:32,788 [INFO] disconnecting
2026-05-03 21:05:32,789 [INFO] ANSWER connectionClosed {}
2026-05-03 21:05:32,789 [INFO] Fuera de horario: Mercado cerrado (fin de semana) — solo verificando posiciones
2026-05-03 21:05:39,448 [INFO] === CICLO AUTOMÁTICO INICIADO ===
2026-05-03 21:05:43,432 [ERROR] $CFR.SN: possibly delisted; no price data found  (period=3mo)
2026-05-03 21:05:43,610 [ERROR] $ENDESA.SN: possibly delisted; no price data found  (period=3mo)
2026-05-03 21:05:47,295 [ERROR] $BANMEDICA.SN: possibly delisted; no price data found  (period=3mo) (Yahoo error = "No data found, symbol may be delisted")
2026-05-03 21:06:08,553 [INFO] sent startApi
2026-05-03 21:06:08,553 [INFO] REQUEST startApi {}
2026-05-03 21:06:08,554 [INFO] SENDING startApi b'\x00\x00\x00\t71\x002\x0010\x00\x00'
2026-05-03 21:06:08,554 [INFO] ANSWER connectAck {}
2026-05-03 21:06:08,557 [INFO] ANSWER managedAccounts {'accountsList': 'DUP838882'}
2026-05-03 21:06:10,561 [INFO] disconnecting
2026-05-03 21:06:10,561 [INFO] ANSWER connectionClosed {}
2026-05-03 21:06:10,562 [INFO] Fuera de horario: Mercado cerrado (fin de semana) — solo verificando posiciones
2026-05-04 00:00:01,412 [INFO] === CICLO AUTOMÁTICO INICIADO ===
2026-05-04 00:31:05,340 [ERROR] $CFR.SN: possibly delisted; no price data found  (period=3mo)
2026-05-04 00:31:05,769 [ERROR] $ENDESA.SN: possibly delisted; no price data found  (period=3mo)
2026-05-04 05:39:23,548 [INFO] Fuera de horario: Fuera de horario NYSE (09:30-15:45 ET) — solo verificando posiciones
2026-05-04 05:39:24,993 [INFO] Trailing stop: BTC PnL -2.55%
2026-05-04 05:45:51,439 [INFO] sent startApi
2026-05-04 05:45:51,440 [INFO] REQUEST startApi {}
2026-05-04 05:45:51,440 [INFO] SENDING startApi b'\x00\x00\x00\t71\x002\x0030\x00\x00'
2026-05-04 05:45:51,440 [INFO] ANSWER connectAck {}
2026-05-04 05:45:51,448 [INFO] ANSWER managedAccounts {'accountsList': 'DUP838882'}
2026-05-04 05:45:52,567 [INFO] REQUEST placeOrder {'orderId': 1, 'contract': 4973633296: 0,BTC,CRYPTO,,0.0,,,PAXOS,,USD,,,False,,combo:, 'order': 4972026176: 0,0,0: LMT BUY 1@76822.910000 }
2026-05-04 05:45:52,569 [INFO] SENDING placeOrder b'\x00\x00\x01>3\x001\x000\x00BTC\x00CRYPTO\x00\x000.0\x00\x00\x00PAXOS\x00\x00USD\x00\x00\x00\x00\x00BUY\x001\x00LMT\x0076822.91\x00\x00\x00\x00\x00\x000\x00\x001\x000\x000\x000\x000\x000\x000\x000\x00\x000\x00\x00\x00\x00\x00\x00\x00\x000\x00\x00-1\x000\x00\x00\x000\x00\x00\x000\x000\x00\x000\x00\x00\x00\x00\x00\x000\x00\x00\x00\x00\x000\x00\x00\x00\x00\x00\x00\x00\x00\x00\x00\x000\x00\x00\x000\x000\x00\x00\x000\x00\x000\x000\x000\x000\x00\x001.7976931348623157e+308\x001.7976931348623157e+308\x001.7976931348623157e+308\x001.7976931348623157e+308\x001.7976931348623157e+308\x000\x00\x00\x00\x001.7976931348623157e+308\x00\x00\x00\x00\x000\x000\x000\x00\x00'
2026-05-04 05:45:55,630 [INFO] disconnecting
2026-05-04 05:45:55,631 [INFO] ANSWER connectionClosed {}
2026-05-04 06:03:15,116 [INFO] Cierre: BTC TRAILING STOP PnL -2.64%
2026-05-04 08:22:41,926 [INFO] Fuera de horario: Fuera de horario NYSE (09:30-15:45 ET)
2026-05-04 08:22:57,445 [INFO] === CICLO AUTOMÁTICO INICIADO ===
2026-05-04 08:23:05,729 [ERROR] $CFR.SN: possibly delisted; no price data found  (period=3mo)
2026-05-04 08:23:05,919 [ERROR] $ENDESA.SN: possibly delisted; no price data found  (period=3mo)
2026-05-04 08:23:09,966 [ERROR] $BANMEDICA.SN: possibly delisted; no price data found  (period=3mo) (Yahoo error = "No data found, symbol may be delisted")
2026-05-04 08:23:49,075 [INFO] sent startApi
2026-05-04 08:23:49,079 [INFO] REQUEST startApi {}
2026-05-04 08:23:49,079 [INFO] SENDING startApi b'\x00\x00\x00\t71\x002\x0010\x00\x00'
2026-05-04 08:23:49,080 [INFO] ANSWER connectAck {}
2026-05-04 08:23:49,097 [INFO] ANSWER managedAccounts {'accountsList': 'DUP838882'}
2026-05-04 08:23:50,171 [INFO] REQUEST placeOrder {'orderId': 10, 'contract': 5231270592: 0,BTC,CRYPTO,,0.0,,,PAXOS,,USD,,,False,,combo:, 'order': 5231270400: 0,0,0: MKT SELL 1@179769313486231570814527423731704356798070567525844996598917476803157260780028538760589558632766878171540458953514382464234321326889464182768467546703537516986049910576551282076245490090389328944075868508455133942304583236903222948165808559332123348274797826204144723168738177180919299881250404026184124858368.000000 }
2026-05-04 08:23:50,171 [INFO] SENDING placeOrder b'\x00\x00\x0183\x0010\x000\x00BTC\x00CRYPTO\x00\x000.0\x00\x00\x00PAXOS\x00\x00USD\x00\x00\x00\x00\x00SELL\x001\x00MKT\x00\x00\x00\x00\x00\x00\x000\x00\x000\x000\x000\x000\x000\x000\x000\x000\x00\x000\x00\x00\x00\x00\x00\x00\x00\x000\x00\x00-1\x000\x00\x00\x000\x00\x00\x000\x000\x00\x000\x00\x00\x00\x00\x00\x000\x00\x00\x00\x00\x000\x00\x00\x00\x00\x00\x00\x00\x00\x00\x00\x000\x00\x00\x000\x000\x00\x00\x000\x00\x000\x000\x000\x000\x00\x001.7976931348623157e+308\x001.7976931348623157e+308\x001.7976931348623157e+308\x001.7976931348623157e+308\x001.7976931348623157e+308\x000\x00\x00\x00\x001.7976931348623157e+308\x00\x00\x00\x00\x000\x000\x000\x00\x00'
2026-05-04 08:23:50,443 [INFO] REQUEST placeOrder {'orderId': 11, 'contract': 5231270592: 0,BTC,CRYPTO,,0.0,,,PAXOS,,USD,,,False,,combo:, 'order': 5231271504: 0,0,0: STP BUY 1@179769313486231570814527423731704356798070567525844996598917476803157260780028538760589558632766878171540458953514382464234321326889464182768467546703537516986049910576551282076245490090389328944075868508455133942304583236903222948165808559332123348274797826204144723168738177180919299881250404026184124858368.000000 }
2026-05-04 08:23:50,444 [INFO] SENDING placeOrder b'\x00\x00\x01@3\x0011\x000\x00BTC\x00CRYPTO\x00\x000.0\x00\x00\x00PAXOS\x00\x00USD\x00\x00\x00\x00\x00BUY\x001\x00STP\x00\x0080283.05\x00\x00\x00\x00\x000\x00\x000\x0010\x000\x000\x000\x000\x000\x000\x00\x000\x00\x00\x00\x00\x00\x00\x00\x000\x00\x00-1\x000\x00\x00\x000\x00\x00\x000\x000\x00\x000\x00\x00\x00\x00\x00\x000\x00\x00\x00\x00\x000\x00\x00\x00\x00\x00\x00\x00\x00\x00\x00\x000\x00\x00\x000\x000\x00\x00\x000\x00\x000\x000\x000\x000\x00\x001.7976931348623157e+308\x001.7976931348623157e+308\x001.7976931348623157e+308\x001.7976931348623157e+308\x001.7976931348623157e+308\x000\x00\x00\x00\x001.7976931348623157e+308\x00\x00\x00\x00\x000\x000\x000\x00\x00'
2026-05-04 08:23:50,718 [INFO] REQUEST placeOrder {'orderId': 12, 'contract': 5231270592: 0,BTC,CRYPTO,,0.0,,,PAXOS,,USD,,,False,,combo:, 'order': 5231270640: 0,0,0: LMT BUY 1@77624.410000 }
2026-05-04 08:23:50,718 [INFO] SENDING placeOrder b'\x00\x00\x01@3\x0012\x000\x00BTC\x00CRYPTO\x00\x000.0\x00\x00\x00PAXOS\x00\x00USD\x00\x00\x00\x00\x00BUY\x001\x00LMT\x0077624.41\x00\x00\x00\x00\x00\x000\x00\x001\x0010\x000\x000\x000\x000\x000\x000\x00\x000\x00\x00\x00\x00\x00\x00\x00\x000\x00\x00-1\x000\x00\x00\x000\x00\x00\x000\x000\x00\x000\x00\x00\x00\x00\x00\x000\x00\x00\x00\x00\x000\x00\x00\x00\x00\x00\x00\x00\x00\x00\x00\x000\x00\x00\x000\x000\x00\x00\x000\x00\x000\x000\x000\x000\x00\x001.7976931348623157e+308\x001.7976931348623157e+308\x001.7976931348623157e+308\x001.7976931348623157e+308\x001.7976931348623157e+308\x000\x00\x00\x00\x001.7976931348623157e+308\x00\x00\x00\x00\x000\x000\x000\x00\x00'
2026-05-04 08:23:52,517 [INFO] disconnecting
2026-05-04 08:23:52,520 [INFO] ANSWER connectionClosed {}
2026-05-04 08:23:52,521 [INFO] Fuera de horario: Fuera de horario NYSE (09:30-15:45 ET) — solo verificando posiciones
2026-05-04 08:24:37,045 [ERROR] $CFR.SN: possibly delisted; no price data found  (period=3mo)
2026-05-04 08:24:37,218 [ERROR] $ENDESA.SN: possibly delisted; no price data found  (period=3mo)
2026-05-04 08:24:37,852 [ERROR] $BANMEDICA.SN: possibly delisted; no price data found  (period=3mo) (Yahoo error = "No data found, symbol may be delisted")
2026-05-04 08:25:00,876 [INFO] === CICLO AUTOMÁTICO INICIADO ===
2026-05-04 08:25:04,659 [ERROR] $CFR.SN: possibly delisted; no price data found  (period=3mo)
2026-05-04 08:25:05,056 [ERROR] $ENDESA.SN: possibly delisted; no price data found  (period=3mo)
2026-05-04 08:25:07,473 [ERROR] $BANMEDICA.SN: possibly delisted; no price data found  (period=3mo) (Yahoo error = "No data found, symbol may be delisted")
2026-05-04 08:25:34,592 [INFO] sent startApi
2026-05-04 08:25:34,592 [INFO] REQUEST startApi {}
2026-05-04 08:25:34,592 [INFO] SENDING startApi b'\x00\x00\x00\t71\x002\x0010\x00\x00'
2026-05-04 08:25:34,592 [INFO] ANSWER connectAck {}
2026-05-04 08:25:34,595 [INFO] ANSWER managedAccounts {'accountsList': 'DUP838882'}
2026-05-04 08:25:36,709 [INFO] disconnecting
2026-05-04 08:25:36,709 [INFO] ANSWER connectionClosed {}
2026-05-04 08:25:36,709 [INFO] Fuera de horario: Fuera de horario NYSE (09:30-15:45 ET) — solo verificando posiciones
2026-05-04 08:30:00,942 [INFO] === CICLO AUTOMÁTICO INICIADO ===
2026-05-04 08:30:04,884 [ERROR] $CFR.SN: possibly delisted; no price data found  (period=3mo)
2026-05-04 08:30:05,053 [ERROR] $ENDESA.SN: possibly delisted; no price data found  (period=3mo)
2026-05-04 08:30:07,219 [ERROR] $BANMEDICA.SN: possibly delisted; no price data found  (period=3mo) (Yahoo error = "No data found, symbol may be delisted")
2026-05-04 08:30:27,049 [INFO] sent startApi
2026-05-04 08:30:27,050 [INFO] REQUEST startApi {}
2026-05-04 08:30:27,050 [INFO] SENDING startApi b'\x00\x00\x00\t71\x002\x0010\x00\x00'
2026-05-04 08:30:27,050 [INFO] ANSWER connectAck {}
2026-05-04 08:30:27,052 [INFO] ANSWER managedAccounts {'accountsList': 'DUP838882'}
2026-05-04 08:30:29,138 [INFO] disconnecting
2026-05-04 08:30:29,139 [INFO] ANSWER connectionClosed {}
2026-05-04 08:30:29,139 [INFO] Fuera de horario: Fuera de horario NYSE (09:30-15:45 ET) — solo verificando posiciones
2026-05-04 08:35:01,177 [INFO] === CICLO AUTOMÁTICO INICIADO ===
2026-05-04 08:35:05,576 [ERROR] $ENDESA.SN: possibly delisted; no price data found  (period=3mo)
2026-05-04 08:35:05,756 [ERROR] $CFR.SN: possibly delisted; no price data found  (period=3mo)
2026-05-04 08:35:07,745 [ERROR] $BANMEDICA.SN: possibly delisted; no price data found  (period=3mo) (Yahoo error = "No data found, symbol may be delisted")
2026-05-04 08:35:35,664 [INFO] sent startApi
2026-05-04 08:35:35,665 [INFO] REQUEST startApi {}
2026-05-04 08:35:35,665 [INFO] SENDING startApi b'\x00\x00\x00\t71\x002\x0010\x00\x00'
2026-05-04 08:35:35,665 [INFO] ANSWER connectAck {}
2026-05-04 08:35:35,670 [INFO] ANSWER managedAccounts {'accountsList': 'DUP838882'}
2026-05-04 08:35:37,793 [INFO] disconnecting
2026-05-04 08:35:37,793 [INFO] ANSWER connectionClosed {}
2026-05-04 08:35:37,794 [INFO] Fuera de horario: Fuera de horario NYSE (09:30-15:45 ET) — solo verificando posiciones
2026-05-04 08:37:42,250 [INFO] Fuera de horario: Fuera de horario NYSE (09:30-15:45 ET)
2026-05-04 08:39:02,241 [ERROR] $CFR.SN: possibly delisted; no price data found  (period=3mo)
2026-05-04 08:39:02,441 [ERROR] $ENDESA.SN: possibly delisted; no price data found  (period=3mo)
2026-05-04 08:39:03,025 [ERROR] $BANMEDICA.SN: possibly delisted; no price data found  (period=3mo) (Yahoo error = "No data found, symbol may be delisted")
2026-05-04 08:40:00,292 [INFO] === CICLO AUTOMÁTICO INICIADO ===
2026-05-04 08:40:04,542 [ERROR] $CFR.SN: possibly delisted; no price data found  (period=3mo)
2026-05-04 08:40:05,008 [ERROR] $ENDESA.SN: possibly delisted; no price data found  (period=3mo)
2026-05-04 08:40:07,428 [ERROR] $BANMEDICA.SN: possibly delisted; no price data found  (period=3mo) (Yahoo error = "No data found, symbol may be delisted")
2026-05-04 08:40:27,890 [INFO] sent startApi
2026-05-04 08:40:27,890 [INFO] REQUEST startApi {}
2026-05-04 08:40:27,890 [INFO] SENDING startApi b'\x00\x00\x00\t71\x002\x0010\x00\x00'
2026-05-04 08:40:27,891 [INFO] ANSWER connectAck {}
2026-05-04 08:40:27,894 [INFO] ANSWER managedAccounts {'accountsList': 'DUP838882'}
2026-05-04 08:40:29,976 [INFO] disconnecting
2026-05-04 08:40:29,976 [INFO] ANSWER connectionClosed {}
2026-05-04 08:40:29,977 [INFO] Fuera de horario: Fuera de horario NYSE (09:30-15:45 ET) — solo verificando posiciones
2026-05-04 08:45:00,381 [INFO] === CICLO AUTOMÁTICO INICIADO ===
2026-05-04 08:45:04,820 [ERROR] $CFR.SN: possibly delisted; no price data found  (period=3mo)
2026-05-04 08:45:05,080 [ERROR] $ENDESA.SN: possibly delisted; no price data found  (period=3mo)
2026-05-04 08:45:07,489 [ERROR] $BANMEDICA.SN: possibly delisted; no price data found  (period=3mo) (Yahoo error = "No data found, symbol may be delisted")
2026-05-04 08:45:29,976 [INFO] sent startApi
2026-05-04 08:45:29,976 [INFO] REQUEST startApi {}
2026-05-04 08:45:29,976 [INFO] SENDING startApi b'\x00\x00\x00\t71\x002\x0010\x00\x00'
2026-05-04 08:45:29,977 [INFO] ANSWER connectAck {}
2026-05-04 08:45:29,981 [INFO] ANSWER managedAccounts {'accountsList': 'DUP838882'}
2026-05-04 08:45:32,124 [INFO] disconnecting
2026-05-04 08:45:32,125 [INFO] ANSWER connectionClosed {}
2026-05-04 08:45:32,125 [INFO] Fuera de horario: Fuera de horario NYSE (09:30-15:45 ET) — solo verificando posiciones
2026-05-04 08:50:00,431 [INFO] === CICLO AUTOMÁTICO INICIADO ===
2026-05-04 08:50:08,417 [ERROR] $CFR.SN: possibly delisted; no price data found  (period=3mo)
2026-05-04 08:50:08,598 [ERROR] $ENDESA.SN: possibly delisted; no price data found  (period=3mo)
2026-05-04 08:50:11,831 [ERROR] $BANMEDICA.SN: possibly delisted; no price data found  (period=3mo) (Yahoo error = "No data found, symbol may be delisted")
2026-05-04 08:50:37,442 [INFO] sent startApi
2026-05-04 08:50:37,444 [INFO] REQUEST startApi {}
2026-05-04 08:50:37,444 [INFO] SENDING startApi b'\x00\x00\x00\t71\x002\x0010\x00\x00'
2026-05-04 08:50:37,444 [INFO] ANSWER connectAck {}
2026-05-04 08:50:37,448 [INFO] ANSWER managedAccounts {'accountsList': 'DUP838882'}
2026-05-04 08:50:39,596 [INFO] disconnecting
2026-05-04 08:50:39,596 [INFO] ANSWER connectionClosed {}
2026-05-04 08:50:39,596 [INFO] Fuera de horario: Fuera de horario NYSE (09:30-15:45 ET) — solo verificando posiciones
2026-05-04 08:52:42,156 [INFO] Fuera de horario: Fuera de horario NYSE (09:30-15:45 ET)
2026-05-04 08:54:02,858 [ERROR] $CFR.SN: possibly delisted; no price data found  (period=3mo)
2026-05-04 08:54:02,971 [ERROR] $ENDESA.SN: possibly delisted; no price data found  (period=3mo)
2026-05-04 08:54:04,230 [ERROR] $BANMEDICA.SN: possibly delisted; no price data found  (period=3mo) (Yahoo error = "No data found, symbol may be delisted")
2026-05-04 08:55:00,469 [INFO] === CICLO AUTOMÁTICO INICIADO ===
2026-05-04 08:55:05,500 [ERROR] $CFR.SN: possibly delisted; no price data found  (period=3mo)
2026-05-04 08:55:05,681 [ERROR] $ENDESA.SN: possibly delisted; no price data found  (period=3mo)
2026-05-04 08:55:07,790 [ERROR] $BANMEDICA.SN: possibly delisted; no price data found  (period=3mo) (Yahoo error = "No data found, symbol may be delisted")
2026-05-04 08:55:41,881 [INFO] sent startApi
2026-05-04 08:55:41,882 [INFO] REQUEST startApi {}
2026-05-04 08:55:41,882 [INFO] SENDING startApi b'\x00\x00\x00\t71\x002\x0010\x00\x00'
2026-05-04 08:55:41,882 [INFO] ANSWER connectAck {}
2026-05-04 08:55:41,886 [INFO] ANSWER managedAccounts {'accountsList': 'DUP838882'}
2026-05-04 08:55:43,924 [INFO] disconnecting
2026-05-04 08:55:43,924 [INFO] ANSWER connectionClosed {}
2026-05-04 08:55:43,924 [INFO] Fuera de horario: Fuera de horario NYSE (09:30-15:45 ET) — solo verificando posiciones
2026-05-04 09:00:00,744 [INFO] === CICLO AUTOMÁTICO INICIADO ===
2026-05-04 09:00:07,836 [ERROR] $CFR.SN: possibly delisted; no price data found  (period=3mo)
2026-05-04 09:00:07,998 [ERROR] $ENDESA.SN: possibly delisted; no price data found  (period=3mo)
2026-05-04 09:00:10,206 [ERROR] $BANMEDICA.SN: possibly delisted; no price data found  (period=3mo) (Yahoo error = "No data found, symbol may be delisted")
2026-05-04 09:00:44,089 [INFO] sent startApi
2026-05-04 09:00:44,090 [INFO] REQUEST startApi {}
2026-05-04 09:00:44,090 [INFO] SENDING startApi b'\x00\x00\x00\t71\x002\x0010\x00\x00'
2026-05-04 09:00:44,090 [INFO] ANSWER connectAck {}
2026-05-04 09:00:44,093 [INFO] ANSWER managedAccounts {'accountsList': 'DUP838882'}
2026-05-04 09:00:46,192 [INFO] disconnecting
2026-05-04 09:00:46,193 [INFO] ANSWER connectionClosed {}
2026-05-04 09:00:46,193 [INFO] Fuera de horario: Fuera de horario NYSE (09:30-15:45 ET) — solo verificando posiciones
2026-05-04 09:05:03,818 [INFO] === CICLO AUTOMÁTICO INICIADO ===
2026-05-04 09:05:11,410 [ERROR] $CFR.SN: possibly delisted; no price data found  (period=3mo)
2026-05-04 09:05:11,816 [ERROR] $ENDESA.SN: possibly delisted; no price data found  (period=3mo)
2026-05-04 09:05:14,251 [ERROR] $BANMEDICA.SN: possibly delisted; no price data found  (period=3mo) (Yahoo error = "No data found, symbol may be delisted")
2026-05-04 09:05:44,419 [INFO] sent startApi
2026-05-04 09:05:44,422 [INFO] REQUEST startApi {}
2026-05-04 09:05:44,422 [INFO] SENDING startApi b'\x00\x00\x00\t71\x002\x0010\x00\x00'
2026-05-04 09:05:44,422 [INFO] ANSWER connectAck {}
2026-05-04 09:05:44,447 [INFO] ANSWER managedAccounts {'accountsList': 'DUP838882'}
2026-05-04 09:05:46,580 [INFO] disconnecting
2026-05-04 09:05:46,580 [INFO] ANSWER connectionClosed {}
2026-05-04 09:05:46,581 [INFO] Fuera de horario: Fuera de horario NYSE (09:30-15:45 ET) — solo verificando posiciones
2026-05-04 09:07:42,254 [INFO] Fuera de horario: Fuera de horario NYSE (09:30-15:45 ET)
2026-05-04 09:08:52,620 [ERROR] $CFR.SN: possibly delisted; no price data found  (period=3mo)
2026-05-04 09:08:52,706 [ERROR] $ENDESA.SN: possibly delisted; no price data found  (period=3mo)
2026-05-04 09:08:53,316 [ERROR] $BANMEDICA.SN: possibly delisted; no price data found  (period=3mo) (Yahoo error = "No data found, symbol may be delisted")
2026-05-04 09:10:00,811 [INFO] === CICLO AUTOMÁTICO INICIADO ===
2026-05-04 09:10:05,393 [ERROR] $CFR.SN: possibly delisted; no price data found  (period=3mo)
2026-05-04 09:10:05,523 [ERROR] $ENDESA.SN: possibly delisted; no price data found  (period=3mo)
2026-05-04 09:10:07,932 [ERROR] $BANMEDICA.SN: possibly delisted; no price data found  (period=3mo) (Yahoo error = "No data found, symbol may be delisted")
2026-05-04 09:10:23,942 [INFO] sent startApi
2026-05-04 09:10:23,943 [INFO] REQUEST startApi {}
2026-05-04 09:10:23,943 [INFO] SENDING startApi b'\x00\x00\x00\t71\x002\x0010\x00\x00'
2026-05-04 09:10:23,943 [INFO] ANSWER connectAck {}
2026-05-04 09:10:23,948 [INFO] ANSWER managedAccounts {'accountsList': 'DUP838882'}
2026-05-04 09:10:26,090 [INFO] disconnecting
2026-05-04 09:10:26,091 [INFO] ANSWER connectionClosed {}
2026-05-04 09:10:26,091 [INFO] Fuera de horario: Fuera de horario NYSE (09:30-15:45 ET) — solo verificando posiciones
2026-05-04 09:15:00,756 [INFO] === CICLO AUTOMÁTICO INICIADO ===
2026-05-04 09:15:04,854 [ERROR] $CFR.SN: possibly delisted; no price data found  (period=3mo)
2026-05-04 09:15:05,123 [ERROR] $ENDESA.SN: possibly delisted; no price data found  (period=3mo)
2026-05-04 09:15:07,804 [ERROR] $BANMEDICA.SN: possibly delisted; no price data found  (period=3mo) (Yahoo error = "No data found, symbol may be delisted")
2026-05-04 09:15:24,075 [INFO] sent startApi
2026-05-04 09:15:24,076 [INFO] REQUEST startApi {}
2026-05-04 09:15:24,076 [INFO] SENDING startApi b'\x00\x00\x00\t71\x002\x0010\x00\x00'
2026-05-04 09:15:24,076 [INFO] ANSWER connectAck {}
2026-05-04 09:15:24,079 [INFO] ANSWER managedAccounts {'accountsList': 'DUP838882'}
2026-05-04 09:15:26,227 [INFO] disconnecting
2026-05-04 09:15:26,228 [INFO] ANSWER connectionClosed {}
2026-05-04 09:15:26,228 [INFO] Fuera de horario: Fuera de horario NYSE (09:30-15:45 ET) — solo verificando posiciones
2026-05-04 09:20:01,115 [INFO] === CICLO AUTOMÁTICO INICIADO ===
2026-05-04 09:20:05,497 [ERROR] $ENDESA.SN: possibly delisted; no price data found  (period=3mo)
2026-05-04 09:20:05,499 [ERROR] $CFR.SN: possibly delisted; no price data found  (period=3mo)
2026-05-04 09:20:08,348 [ERROR] $BANMEDICA.SN: possibly delisted; no price data found  (period=3mo) (Yahoo error = "No data found, symbol may be delisted")
2026-05-04 09:20:25,248 [INFO] sent startApi
2026-05-04 09:20:25,248 [INFO] REQUEST startApi {}
2026-05-04 09:20:25,248 [INFO] SENDING startApi b'\x00\x00\x00\t71\x002\x0010\x00\x00'
2026-05-04 09:20:25,248 [INFO] ANSWER connectAck {}
2026-05-04 09:20:25,251 [INFO] ANSWER managedAccounts {'accountsList': 'DUP838882'}
2026-05-04 09:20:27,325 [INFO] disconnecting
2026-05-04 09:20:27,325 [INFO] disconnecting
2026-05-04 09:20:27,325 [INFO] ANSWER connectionClosed {}
2026-05-04 09:20:27,325 [INFO] ANSWER connectionClosed {}
2026-05-04 09:20:27,326 [INFO] Fuera de horario: Fuera de horario NYSE (09:30-15:45 ET) — solo verificando posiciones
2026-05-04 09:22:42,197 [INFO] Fuera de horario: Fuera de horario NYSE (09:30-15:45 ET)
2026-05-04 09:24:08,950 [ERROR] $CFR.SN: possibly delisted; no price data found  (period=3mo)
2026-05-04 09:24:09,169 [ERROR] $ENDESA.SN: possibly delisted; no price data found  (period=3mo)
2026-05-04 09:24:09,760 [ERROR] $BANMEDICA.SN: possibly delisted; no price data found  (period=3mo) (Yahoo error = "No data found, symbol may be delisted")
2026-05-04 09:25:00,271 [INFO] === CICLO AUTOMÁTICO INICIADO ===
2026-05-04 09:25:02,624 [INFO] sent startApi
2026-05-04 09:25:02,642 [INFO] REQUEST startApi {}
2026-05-04 09:25:02,667 [INFO] SENDING startApi b'\x00\x00\x00\t71\x002\x0050\x00\x00'
2026-05-04 09:25:02,687 [INFO] ANSWER connectAck {}
2026-05-04 09:25:02,690 [INFO] ANSWER managedAccounts {'accountsList': 'DUP838882'}
2026-05-04 09:25:03,233 [INFO] REQUEST reqMktData {'reqId': 1, 'contract': 4504028352: 0,SQM,STK,,0.0,,,NYSE,,USD,,,False,,combo:, 'genericTickList': '100,101,106,233', 'snapshot': False, 'regulatorySnapshot': False, 'mktDataOptions': []}
2026-05-04 09:25:03,233 [INFO] SENDING reqMktData b'\x00\x00\x00;1\x0011\x001\x000\x00SQM\x00STK\x00\x000.0\x00\x00\x00NYSE\x00\x00USD\x00\x00\x000\x00100,101,106,233\x000\x000\x00\x00'
2026-05-04 09:25:03,513 [INFO] REQUEST reqMktData {'reqId': 2, 'contract': 4504287792: 0,ECH,STK,,0.0,,,NYSE,,USD,,,False,,combo:, 'genericTickList': '100,101,106,233', 'snapshot': False, 'regulatorySnapshot': False, 'mktDataOptions': []}
2026-05-04 09:25:03,513 [INFO] SENDING reqMktData b'\x00\x00\x00;1\x0011\x002\x000\x00ECH\x00STK\x00\x000.0\x00\x00\x00NYSE\x00\x00USD\x00\x00\x000\x00100,101,106,233\x000\x000\x00\x00'
2026-05-04 09:25:03,725 [INFO] REQUEST reqMktData {'reqId': 3, 'contract': 4503530800: 0,GLD,STK,,0.0,,,NYSE,,USD,,,False,,combo:, 'genericTickList': '100,101,106,233', 'snapshot': False, 'regulatorySnapshot': False, 'mktDataOptions': []}
2026-05-04 09:25:03,726 [INFO] SENDING reqMktData b'\x00\x00\x00;1\x0011\x003\x000\x00GLD\x00STK\x00\x000.0\x00\x00\x00NYSE\x00\x00USD\x00\x00\x000\x00100,101,106,233\x000\x000\x00\x00'
2026-05-04 09:25:03,997 [INFO] REQUEST reqMktData {'reqId': 4, 'contract': 4504362432: 0,SPY,STK,,0.0,,,NYSE,,USD,,,False,,combo:, 'genericTickList': '100,101,106,233', 'snapshot': False, 'regulatorySnapshot': False, 'mktDataOptions': []}
2026-05-04 09:25:03,999 [INFO] SENDING reqMktData b'\x00\x00\x00;1\x0011\x004\x000\x00SPY\x00STK\x00\x000.0\x00\x00\x00NYSE\x00\x00USD\x00\x00\x000\x00100,101,106,233\x000\x000\x00\x00'
2026-05-04 09:25:04,252 [INFO] REQUEST reqMktData {'reqId': 5, 'contract': 4504028880: 0,GC,FUT,202606,0.0,,,COMEX,,USD,,,False,,combo:, 'genericTickList': '100,101,106,233', 'snapshot': False, 'regulatorySnapshot': False, 'mktDataOptions': []}
2026-05-04 09:25:04,253 [INFO] SENDING reqMktData b'\x00\x00\x00A1\x0011\x005\x000\x00GC\x00FUT\x00202606\x000.0\x00\x00\x00COMEX\x00\x00USD\x00\x00\x000\x00100,101,106,233\x000\x000\x00\x00'
2026-05-04 09:25:04,526 [INFO] REQUEST reqMktData {'reqId': 6, 'contract': 4492658864: 0,HG,FUT,202606,0.0,,,COMEX,,USD,,,False,,combo:, 'genericTickList': '100,101,106,233', 'snapshot': False, 'regulatorySnapshot': False, 'mktDataOptions': []}
2026-05-04 09:25:04,527 [INFO] SENDING reqMktData b'\x00\x00\x00A1\x0011\x006\x000\x00HG\x00FUT\x00202606\x000.0\x00\x00\x00COMEX\x00\x00USD\x00\x00\x000\x00100,101,106,233\x000\x000\x00\x00'
2026-05-04 09:25:06,009 [ERROR] $CFR.SN: possibly delisted; no price data found  (period=3mo)
2026-05-04 09:25:06,303 [ERROR] $ENDESA.SN: possibly delisted; no price data found  (period=3mo)
2026-05-04 09:25:09,222 [ERROR] $BANMEDICA.SN: possibly delisted; no price data found  (period=3mo) (Yahoo error = "No data found, symbol may be delisted")
2026-05-04 09:25:12,810 [INFO] disconnecting
2026-05-04 09:25:12,811 [INFO] ANSWER connectionClosed {}
2026-05-04 09:25:23,098 [INFO] sent startApi
2026-05-04 09:25:23,099 [INFO] REQUEST startApi {}
2026-05-04 09:25:23,099 [INFO] SENDING startApi b'\x00\x00\x00\t71\x002\x0010\x00\x00'
2026-05-04 09:25:23,099 [INFO] ANSWER connectAck {}
2026-05-04 09:25:23,102 [INFO] ANSWER managedAccounts {'accountsList': 'DUP838882'}
2026-05-04 09:25:25,232 [INFO] disconnecting
2026-05-04 09:25:25,233 [INFO] ANSWER connectionClosed {}
2026-05-04 09:25:25,233 [INFO] Fuera de horario: Fuera de horario NYSE (09:30-15:45 ET) — solo verificando posiciones
2026-05-04 09:27:53,762 [INFO] Fuera de horario: Fuera de horario NYSE (09:30-15:45 ET)
2026-05-04 09:29:16,661 [INFO] sent startApi
2026-05-04 09:29:16,663 [INFO] REQUEST startApi {}
2026-05-04 09:29:16,664 [INFO] SENDING startApi b'\x00\x00\x00\t71\x002\x0050\x00\x00'
2026-05-04 09:29:16,664 [INFO] ANSWER connectAck {}
2026-05-04 09:29:16,668 [INFO] ANSWER managedAccounts {'accountsList': 'DUP838882'}
2026-05-04 09:29:17,174 [INFO] REQUEST reqMktData {'reqId': 1, 'contract': 6309617568: 0,SQM,STK,,0.0,,,NYSE,,USD,,,False,,combo:, 'genericTickList': '100,101,106,233', 'snapshot': False, 'regulatorySnapshot': False, 'mktDataOptions': []}
2026-05-04 09:29:17,174 [INFO] SENDING reqMktData b'\x00\x00\x00;1\x0011\x001\x000\x00SQM\x00STK\x00\x000.0\x00\x00\x00NYSE\x00\x00USD\x00\x00\x000\x00100,101,106,233\x000\x000\x00\x00'
2026-05-04 09:29:17,380 [INFO] REQUEST reqMktData {'reqId': 2, 'contract': 6311860400: 0,ECH,STK,,0.0,,,NYSE,,USD,,,False,,combo:, 'genericTickList': '100,101,106,233', 'snapshot': False, 'regulatorySnapshot': False, 'mktDataOptions': []}
2026-05-04 09:29:17,381 [INFO] SENDING reqMktData b'\x00\x00\x00;1\x0011\x002\x000\x00ECH\x00STK\x00\x000.0\x00\x00\x00NYSE\x00\x00USD\x00\x00\x000\x00100,101,106,233\x000\x000\x00\x00'
2026-05-04 09:29:17,586 [INFO] REQUEST reqMktData {'reqId': 3, 'contract': 6309615984: 0,GLD,STK,,0.0,,,NYSE,,USD,,,False,,combo:, 'genericTickList': '100,101,106,233', 'snapshot': False, 'regulatorySnapshot': False, 'mktDataOptions': []}
2026-05-04 09:29:17,587 [INFO] SENDING reqMktData b'\x00\x00\x00;1\x0011\x003\x000\x00GLD\x00STK\x00\x000.0\x00\x00\x00NYSE\x00\x00USD\x00\x00\x000\x00100,101,106,233\x000\x000\x00\x00'
2026-05-04 09:29:17,792 [INFO] REQUEST reqMktData {'reqId': 4, 'contract': 6311861072: 0,SPY,STK,,0.0,,,NYSE,,USD,,,False,,combo:, 'genericTickList': '100,101,106,233', 'snapshot': False, 'regulatorySnapshot': False, 'mktDataOptions': []}
2026-05-04 09:29:17,793 [INFO] SENDING reqMktData b'\x00\x00\x00;1\x0011\x004\x000\x00SPY\x00STK\x00\x000.0\x00\x00\x00NYSE\x00\x00USD\x00\x00\x000\x00100,101,106,233\x000\x000\x00\x00'
2026-05-04 09:29:17,995 [INFO] REQUEST reqMktData {'reqId': 5, 'contract': 6311860400: 0,GC,FUT,202606,0.0,,,COMEX,,USD,,,False,,combo:, 'genericTickList': '100,101,106,233', 'snapshot': False, 'regulatorySnapshot': False, 'mktDataOptions': []}
2026-05-04 09:29:17,996 [INFO] SENDING reqMktData b'\x00\x00\x00A1\x0011\x005\x000\x00GC\x00FUT\x00202606\x000.0\x00\x00\x00COMEX\x00\x00USD\x00\x00\x000\x00100,101,106,233\x000\x000\x00\x00'
2026-05-04 09:29:18,199 [INFO] REQUEST reqMktData {'reqId': 6, 'contract': 6416291824: 0,HG,FUT,202606,0.0,,,COMEX,,USD,,,False,,combo:, 'genericTickList': '100,101,106,233', 'snapshot': False, 'regulatorySnapshot': False, 'mktDataOptions': []}
2026-05-04 09:29:18,200 [INFO] SENDING reqMktData b'\x00\x00\x00A1\x0011\x006\x000\x00HG\x00FUT\x00202606\x000.0\x00\x00\x00COMEX\x00\x00USD\x00\x00\x000\x00100,101,106,233\x000\x000\x00\x00'
2026-05-04 09:29:26,408 [INFO] disconnecting
2026-05-04 09:29:26,409 [INFO] ANSWER connectionClosed {}
2026-05-04 09:29:26,704 [INFO] sent startApi
2026-05-04 09:29:26,704 [INFO] REQUEST startApi {}
2026-05-04 09:29:26,704 [INFO] SENDING startApi b'\x00\x00\x00\t71\x002\x0050\x00\x00'
2026-05-04 09:29:26,704 [INFO] ANSWER connectAck {}
2026-05-04 09:29:26,707 [INFO] ANSWER managedAccounts {'accountsList': 'DUP838882'}
2026-05-04 09:29:27,215 [INFO] REQUEST reqMktData {'reqId': 1, 'contract': 6291187408: 0,SQM,STK,,0.0,,,NYSE,,USD,,,False,,combo:, 'genericTickList': '100,101,106,233', 'snapshot': False, 'regulatorySnapshot': False, 'mktDataOptions': []}
2026-05-04 09:29:27,215 [INFO] SENDING reqMktData b'\x00\x00\x00;1\x0011\x001\x000\x00SQM\x00STK\x00\x000.0\x00\x00\x00NYSE\x00\x00USD\x00\x00\x000\x00100,101,106,233\x000\x000\x00\x00'
2026-05-04 09:29:27,418 [INFO] REQUEST reqMktData {'reqId': 2, 'contract': 6294204912: 0,ECH,STK,,0.0,,,NYSE,,USD,,,False,,combo:, 'genericTickList': '100,101,106,233', 'snapshot': False, 'regulatorySnapshot': False, 'mktDataOptions': []}
2026-05-04 09:29:27,418 [INFO] SENDING reqMktData b'\x00\x00\x00;1\x0011\x002\x000\x00ECH\x00STK\x00\x000.0\x00\x00\x00NYSE\x00\x00USD\x00\x00\x000\x00100,101,106,233\x000\x000\x00\x00'
2026-05-04 09:29:27,623 [INFO] REQUEST reqMktData {'reqId': 3, 'contract': 6414637856: 0,GLD,STK,,0.0,,,NYSE,,USD,,,False,,combo:, 'genericTickList': '100,101,106,233', 'snapshot': False, 'regulatorySnapshot': False, 'mktDataOptions': []}
2026-05-04 09:29:27,623 [INFO] SENDING reqMktData b'\x00\x00\x00;1\x0011\x003\x000\x00GLD\x00STK\x00\x000.0\x00\x00\x00NYSE\x00\x00USD\x00\x00\x000\x00100,101,106,233\x000\x000\x00\x00'
2026-05-04 09:29:27,828 [INFO] REQUEST reqMktData {'reqId': 4, 'contract': 6418876544: 0,SPY,STK,,0.0,,,NYSE,,USD,,,False,,combo:, 'genericTickList': '100,101,106,233', 'snapshot': False, 'regulatorySnapshot': False, 'mktDataOptions': []}
2026-05-04 09:29:27,829 [INFO] SENDING reqMktData b'\x00\x00\x00;1\x0011\x004\x000\x00SPY\x00STK\x00\x000.0\x00\x00\x00NYSE\x00\x00USD\x00\x00\x000\x00100,101,106,233\x000\x000\x00\x00'
2026-05-04 09:29:28,034 [INFO] REQUEST reqMktData {'reqId': 5, 'contract': 6418876640: 0,GC,FUT,202606,0.0,,,COMEX,,USD,,,False,,combo:, 'genericTickList': '100,101,106,233', 'snapshot': False, 'regulatorySnapshot': False, 'mktDataOptions': []}
2026-05-04 09:29:28,034 [INFO] SENDING reqMktData b'\x00\x00\x00A1\x0011\x005\x000\x00GC\x00FUT\x00202606\x000.0\x00\x00\x00COMEX\x00\x00USD\x00\x00\x000\x00100,101,106,233\x000\x000\x00\x00'
2026-05-04 09:29:28,239 [INFO] REQUEST reqMktData {'reqId': 6, 'contract': 5089009280: 0,HG,FUT,202606,0.0,,,COMEX,,USD,,,False,,combo:, 'genericTickList': '100,101,106,233', 'snapshot': False, 'regulatorySnapshot': False, 'mktDataOptions': []}
2026-05-04 09:29:28,239 [INFO] SENDING reqMktData b'\x00\x00\x00A1\x0011\x006\x000\x00HG\x00FUT\x00202606\x000.0\x00\x00\x00COMEX\x00\x00USD\x00\x00\x000\x00100,101,106,233\x000\x000\x00\x00'
2026-05-04 09:29:28,600 [ERROR] $CFR.SN: possibly delisted; no price data found  (period=3mo)
2026-05-04 09:29:28,803 [ERROR] $ENDESA.SN: possibly delisted; no price data found  (period=3mo)
2026-05-04 09:29:29,362 [ERROR] $BANMEDICA.SN: possibly delisted; no price data found  (period=3mo) (Yahoo error = "No data found, symbol may be delisted")
2026-05-04 09:29:36,450 [INFO] disconnecting
2026-05-04 09:29:36,451 [INFO] ANSWER connectionClosed {}
2026-05-04 09:30:00,987 [INFO] === CICLO AUTOMÁTICO INICIADO ===
2026-05-04 09:30:04,804 [INFO] sent startApi
2026-05-04 09:30:04,804 [INFO] REQUEST startApi {}
2026-05-04 09:30:04,804 [INFO] SENDING startApi b'\x00\x00\x00\t71\x002\x0050\x00\x00'
2026-05-04 09:30:04,804 [INFO] ANSWER connectAck {}
2026-05-04 09:30:04,806 [INFO] ANSWER managedAccounts {'accountsList': 'DUP838882'}
2026-05-04 09:30:05,123 [INFO] sent startApi
2026-05-04 09:30:05,124 [INFO] REQUEST startApi {}
2026-05-04 09:30:05,124 [INFO] SENDING startApi b'\x00\x00\x00\t71\x002\x0070\x00\x00'
2026-05-04 09:30:05,125 [INFO] ANSWER connectAck {}
2026-05-04 09:30:05,126 [INFO] ANSWER managedAccounts {'accountsList': 'DUP838882'}
2026-05-04 09:30:05,328 [INFO] REQUEST reqMktData {'reqId': 1, 'contract': 4500393216: 0,SQM,STK,,0.0,,,NYSE,,USD,,,False,,combo:, 'genericTickList': '100,101,106,233', 'snapshot': False, 'regulatorySnapshot': False, 'mktDataOptions': []}
2026-05-04 09:30:05,329 [INFO] SENDING reqMktData b'\x00\x00\x00;1\x0011\x001\x000\x00SQM\x00STK\x00\x000.0\x00\x00\x00NYSE\x00\x00USD\x00\x00\x000\x00100,101,106,233\x000\x000\x00\x00'
2026-05-04 09:30:05,603 [INFO] REQUEST reqMktData {'reqId': 2, 'contract': 4500026464: 0,ECH,STK,,0.0,,,NYSE,,USD,,,False,,combo:, 'genericTickList': '100,101,106,233', 'snapshot': False, 'regulatorySnapshot': False, 'mktDataOptions': []}
2026-05-04 09:30:05,603 [INFO] SENDING reqMktData b'\x00\x00\x00;1\x0011\x002\x000\x00ECH\x00STK\x00\x000.0\x00\x00\x00NYSE\x00\x00USD\x00\x00\x000\x00100,101,106,233\x000\x000\x00\x00'
2026-05-04 09:30:05,635 [INFO] REQUEST reqMktDepth {'reqId': 100, 'contract': 4505847168: 0,SQM,STK,,0.0,,,SN,,CLP,,,False,,combo:, 'numRows': 5, 'isSmartDepth': False, 'mktDepthOptions': []}
2026-05-04 09:30:05,636 [INFO] SENDING reqMktDepth b'\x00\x00\x00)10\x005\x00100\x000\x00SQM\x00STK\x00\x000.0\x00\x00\x00SN\x00\x00CLP\x00\x00\x005\x000\x00\x00'
2026-05-04 09:30:05,800 [INFO] REQUEST reqMktDepth {'reqId': 101, 'contract': 4499470512: 0,COPEC,STK,,0.0,,,SN,,CLP,,,False,,combo:, 'numRows': 5, 'isSmartDepth': False, 'mktDepthOptions': []}
2026-05-04 09:30:05,800 [INFO] SENDING reqMktDepth b'\x00\x00\x00+10\x005\x00101\x000\x00COPEC\x00STK\x00\x000.0\x00\x00\x00SN\x00\x00CLP\x00\x00\x005\x000\x00\x00'
2026-05-04 09:30:05,873 [INFO] REQUEST reqMktData {'reqId': 3, 'contract': 4505933808: 0,GLD,STK,,0.0,,,NYSE,,USD,,,False,,combo:, 'genericTickList': '100,101,106,233', 'snapshot': False, 'regulatorySnapshot': False, 'mktDataOptions': []}
2026-05-04 09:30:05,873 [INFO] SENDING reqMktData b'\x00\x00\x00;1\x0011\x003\x000\x00GLD\x00STK\x00\x000.0\x00\x00\x00NYSE\x00\x00USD\x00\x00\x000\x00100,101,106,233\x000\x000\x00\x00'
2026-05-04 09:30:05,973 [INFO] REQUEST reqMktDepth {'reqId': 102, 'contract': 4497076432: 0,BCI,STK,,0.0,,,SN,,CLP,,,False,,combo:, 'numRows': 5, 'isSmartDepth': False, 'mktDepthOptions': []}
2026-05-04 09:30:05,977 [INFO] SENDING reqMktDepth b'\x00\x00\x00)10\x005\x00102\x000\x00BCI\x00STK\x00\x000.0\x00\x00\x00SN\x00\x00CLP\x00\x00\x005\x000\x00\x00'
2026-05-04 09:30:06,084 [INFO] REQUEST reqMktData {'reqId': 4, 'contract': 4500709680: 0,SPY,STK,,0.0,,,NYSE,,USD,,,False,,combo:, 'genericTickList': '100,101,106,233', 'snapshot': False, 'regulatorySnapshot': False, 'mktDataOptions': []}
2026-05-04 09:30:06,084 [INFO] SENDING reqMktData b'\x00\x00\x00;1\x0011\x004\x000\x00SPY\x00STK\x00\x000.0\x00\x00\x00NYSE\x00\x00USD\x00\x00\x000\x00100,101,106,233\x000\x000\x00\x00'
2026-05-04 09:30:06,146 [INFO] REQUEST reqMktDepth {'reqId': 103, 'contract': 4505970528: 0,BSAC,STK,,0.0,,,SMART,,USD,,,False,,combo:, 'numRows': 5, 'isSmartDepth': False, 'mktDepthOptions': []}
2026-05-04 09:30:06,148 [INFO] SENDING reqMktDepth b'\x00\x00\x00-10\x005\x00103\x000\x00BSAC\x00STK\x00\x000.0\x00\x00\x00SMART\x00\x00USD\x00\x00\x005\x000\x00\x00'
2026-05-04 09:30:06,305 [INFO] REQUEST reqMktDepth {'reqId': 104, 'contract': 4497185280: 0,BCH,STK,,0.0,,,SMART,,USD,,,False,,combo:, 'numRows': 5, 'isSmartDepth': False, 'mktDepthOptions': []}
2026-05-04 09:30:06,305 [INFO] SENDING reqMktDepth b'\x00\x00\x00,10\x005\x00104\x000\x00BCH\x00STK\x00\x000.0\x00\x00\x00SMART\x00\x00USD\x00\x00\x005\x000\x00\x00'
2026-05-04 09:30:06,364 [INFO] REQUEST reqMktData {'reqId': 5, 'contract': 4505866448: 0,GC,FUT,202606,0.0,,,COMEX,,USD,,,False,,combo:, 'genericTickList': '100,101,106,233', 'snapshot': False, 'regulatorySnapshot': False, 'mktDataOptions': []}
2026-05-04 09:30:06,368 [INFO] SENDING reqMktData b'\x00\x00\x00A1\x0011\x005\x000\x00GC\x00FUT\x00202606\x000.0\x00\x00\x00COMEX\x00\x00USD\x00\x00\x000\x00100,101,106,233\x000\x000\x00\x00'
2026-05-04 09:30:06,455 [INFO] REQUEST reqMktDepth {'reqId': 105, 'contract': 4500390912: 0,FALABELLA,STK,,0.0,,,SN,,CLP,,,False,,combo:, 'numRows': 5, 'isSmartDepth': False, 'mktDepthOptions': []}
2026-05-04 09:30:06,455 [INFO] SENDING reqMktDepth b'\x00\x00\x00/10\x005\x00105\x000\x00FALABELLA\x00STK\x00\x000.0\x00\x00\x00SN\x00\x00CLP\x00\x00\x005\x000\x00\x00'
2026-05-04 09:30:06,616 [INFO] REQUEST reqMktDepth {'reqId': 106, 'contract': 4500529552: 0,CENCOSUD,STK,,0.0,,,SN,,CLP,,,False,,combo:, 'numRows': 5, 'isSmartDepth': False, 'mktDepthOptions': []}
2026-05-04 09:30:06,619 [INFO] SENDING reqMktDepth b'\x00\x00\x00.10\x005\x00106\x000\x00CENCOSUD\x00STK\x00\x000.0\x00\x00\x00SN\x00\x00CLP\x00\x00\x005\x000\x00\x00'
2026-05-04 09:30:06,632 [INFO] REQUEST reqMktData {'reqId': 6, 'contract': 4505896992: 0,HG,FUT,202606,0.0,,,COMEX,,USD,,,False,,combo:, 'genericTickList': '100,101,106,233', 'snapshot': False, 'regulatorySnapshot': False, 'mktDataOptions': []}
2026-05-04 09:30:06,637 [INFO] SENDING reqMktData b'\x00\x00\x00A1\x0011\x006\x000\x00HG\x00FUT\x00202606\x000.0\x00\x00\x00COMEX\x00\x00USD\x00\x00\x000\x00100,101,106,233\x000\x000\x00\x00'
2026-05-04 09:30:06,817 [INFO] REQUEST reqMktDepth {'reqId': 107, 'contract': 4505970192: 0,CMPC,STK,,0.0,,,SN,,CLP,,,False,,combo:, 'numRows': 5, 'isSmartDepth': False, 'mktDepthOptions': []}
2026-05-04 09:30:06,817 [INFO] SENDING reqMktDepth b'\x00\x00\x00*10\x005\x00107\x000\x00CMPC\x00STK\x00\x000.0\x00\x00\x00SN\x00\x00CLP\x00\x00\x005\x000\x00\x00'
2026-05-04 09:30:06,954 [INFO] REQUEST reqMktDepth {'reqId': 108, 'contract': 4500607520: 0,COLBUN,STK,,0.0,,,SN,,CLP,,,False,,combo:, 'numRows': 5, 'isSmartDepth': False, 'mktDepthOptions': []}
2026-05-04 09:30:06,957 [INFO] SENDING reqMktDepth b'\x00\x00\x00,10\x005\x00108\x000\x00COLBUN\x00STK\x00\x000.0\x00\x00\x00SN\x00\x00CLP\x00\x00\x005\x000\x00\x00'
2026-05-04 09:30:06,983 [ERROR] $CFR.SN: possibly delisted; no price data found  (period=3mo)
2026-05-04 09:30:07,121 [INFO] REQUEST reqMktDepth {'reqId': 109, 'contract': 4505935152: 0,ENELCHILE,STK,,0.0,,,SN,,CLP,,,False,,combo:, 'numRows': 5, 'isSmartDepth': False, 'mktDepthOptions': []}
2026-05-04 09:30:07,125 [INFO] SENDING reqMktDepth b'\x00\x00\x00/10\x005\x00109\x000\x00ENELCHILE\x00STK\x00\x000.0\x00\x00\x00SN\x00\x00CLP\x00\x00\x005\x000\x00\x00'
2026-05-04 09:30:07,197 [ERROR] $ENDESA.SN: possibly delisted; no price data found  (period=3mo)
2026-05-04 09:30:07,310 [INFO] REQUEST reqMktDepth {'reqId': 110, 'contract': 4505846640: 0,ENELAM,STK,,0.0,,,SN,,CLP,,,False,,combo:, 'numRows': 5, 'isSmartDepth': False, 'mktDepthOptions': []}
2026-05-04 09:30:07,311 [INFO] SENDING reqMktDepth b'\x00\x00\x00,10\x005\x00110\x000\x00ENELAM\x00STK\x00\x000.0\x00\x00\x00SN\x00\x00CLP\x00\x00\x005\x000\x00\x00'
2026-05-04 09:30:07,535 [INFO] REQUEST reqMktDepth {'reqId': 111, 'contract': 4496529296: 0,ENTEL,STK,,0.0,,,SN,,CLP,,,False,,combo:, 'numRows': 5, 'isSmartDepth': False, 'mktDepthOptions': []}
2026-05-04 09:30:07,536 [INFO] SENDING reqMktDepth b'\x00\x00\x00+10\x005\x00111\x000\x00ENTEL\x00STK\x00\x000.0\x00\x00\x00SN\x00\x00CLP\x00\x00\x005\x000\x00\x00'
2026-05-04 09:30:07,725 [INFO] REQUEST reqMktDepth {'reqId': 112, 'contract': 4511224976: 0,LTM,STK,,0.0,,,SMART,,USD,,,False,,combo:, 'numRows': 5, 'isSmartDepth': False, 'mktDepthOptions': []}
2026-05-04 09:30:07,725 [INFO] SENDING reqMktDepth b'\x00\x00\x00,10\x005\x00112\x000\x00LTM\x00STK\x00\x000.0\x00\x00\x00SMART\x00\x00USD\x00\x00\x005\x000\x00\x00'
2026-05-04 09:30:07,900 [INFO] REQUEST reqMktDepth {'reqId': 113, 'contract': 4505818400: 0,CAP,STK,,0.0,,,SN,,CLP,,,False,,combo:, 'numRows': 5, 'isSmartDepth': False, 'mktDepthOptions': []}
2026-05-04 09:30:07,900 [INFO] SENDING reqMktDepth b'\x00\x00\x00)10\x005\x00113\x000\x00CAP\x00STK\x00\x000.0\x00\x00\x00SN\x00\x00CLP\x00\x00\x005\x000\x00\x00'
2026-05-04 09:30:08,025 [INFO] REQUEST reqMktDepth {'reqId': 114, 'contract': 4512271760: 0,CCU,STK,,0.0,,,SN,,CLP,,,False,,combo:, 'numRows': 5, 'isSmartDepth': False, 'mktDepthOptions': []}
2026-05-04 09:30:08,047 [INFO] SENDING reqMktDepth b'\x00\x00\x00)10\x005\x00114\x000\x00CCU\x00STK\x00\x000.0\x00\x00\x00SN\x00\x00CLP\x00\x00\x005\x000\x00\x00'
2026-05-04 09:30:09,385 [ERROR] $BANMEDICA.SN: possibly delisted; no price data found  (period=3mo) (Yahoo error = "No data found, symbol may be delisted")
2026-05-04 09:30:15,029 [INFO] disconnecting
2026-05-04 09:30:15,030 [INFO] ANSWER connectionClosed {}
2026-05-04 09:30:16,253 [INFO] disconnecting
2026-05-04 09:30:16,253 [INFO] ANSWER connectionClosed {}
2026-05-04 09:30:45,544 [INFO] APERTURA: VENDER COPEC | Conv 78.7% | Riesgo 1/10
2026-05-04 09:30:45,578 [INFO] sent startApi
2026-05-04 09:30:45,578 [INFO] REQUEST startApi {}
2026-05-04 09:30:45,578 [INFO] SENDING startApi b'\x00\x00\x00\t71\x002\x0010\x00\x00'
2026-05-04 09:30:45,579 [INFO] ANSWER connectAck {}
2026-05-04 09:30:45,581 [INFO] ANSWER managedAccounts {'accountsList': 'DUP838882'}
2026-05-04 09:30:46,657 [INFO] REQUEST placeOrder {'orderId': 11, 'contract': 4500216752: 0,COPEC,STK,,0.0,,,SN,,CLP,,,False,,combo:, 'order': 4500216080: 0,0,0: MKT SELL 1@179769313486231570814527423731704356798070567525844996598917476803157260780028538760589558632766878171540458953514382464234321326889464182768467546703537516986049910576551282076245490090389328944075868508455133942304583236903222948165808559332123348274797826204144723168738177180919299881250404026184124858368.000000 }
2026-05-04 09:30:46,658 [INFO] SENDING placeOrder b'\x00\x00\x0143\x0011\x000\x00COPEC\x00STK\x00\x000.0\x00\x00\x00SN\x00\x00CLP\x00\x00\x00\x00\x00SELL\x001\x00MKT\x00\x00\x00\x00\x00\x00\x000\x00\x000\x000\x000\x000\x000\x000\x000\x000\x00\x000\x00\x00\x00\x00\x00\x00\x00\x000\x00\x00-1\x000\x00\x00\x000\x00\x00\x000\x000\x00\x000\x00\x00\x00\x00\x00\x000\x00\x00\x00\x00\x000\x00\x00\x00\x00\x00\x00\x00\x00\x00\x00\x000\x00\x00\x000\x000\x00\x00\x000\x00\x000\x000\x000\x000\x00\x001.7976931348623157e+308\x001.7976931348623157e+308\x001.7976931348623157e+308\x001.7976931348623157e+308\x001.7976931348623157e+308\x000\x00\x00\x00\x001.7976931348623157e+308\x00\x00\x00\x00\x000\x000\x000\x00\x00'
2026-05-04 09:30:46,930 [INFO] REQUEST placeOrder {'orderId': 12, 'contract': 4500216752: 0,COPEC,STK,,0.0,,,SN,,CLP,,,False,,combo:, 'order': 4500216560: 0,0,0: STP BUY 1@179769313486231570814527423731704356798070567525844996598917476803157260780028538760589558632766878171540458953514382464234321326889464182768467546703537516986049910576551282076245490090389328944075868508455133942304583236903222948165808559332123348274797826204144723168738177180919299881250404026184124858368.000000 }
2026-05-04 09:30:46,931 [INFO] SENDING placeOrder b'\x00\x00\x01;3\x0012\x000\x00COPEC\x00STK\x00\x000.0\x00\x00\x00SN\x00\x00CLP\x00\x00\x00\x00\x00BUY\x001\x00STP\x00\x006407.74\x00\x00\x00\x00\x000\x00\x000\x0011\x000\x000\x000\x000\x000\x000\x00\x000\x00\x00\x00\x00\x00\x00\x00\x000\x00\x00-1\x000\x00\x00\x000\x00\x00\x000\x000\x00\x000\x00\x00\x00\x00\x00\x000\x00\x00\x00\x00\x000\x00\x00\x00\x00\x00\x00\x00\x00\x00\x00\x000\x00\x00\x000\x000\x00\x00\x000\x00\x000\x000\x000\x000\x00\x001.7976931348623157e+308\x001.7976931348623157e+308\x001.7976931348623157e+308\x001.7976931348623157e+308\x001.7976931348623157e+308\x000\x00\x00\x00\x001.7976931348623157e+308\x00\x00\x00\x00\x000\x000\x000\x00\x00'
2026-05-04 09:30:47,203 [INFO] REQUEST placeOrder {'orderId': 13, 'contract': 4500216752: 0,COPEC,STK,,0.0,,,SN,,CLP,,,False,,combo:, 'order': 4500215600: 0,0,0: LMT BUY 1@6350.980000 }
2026-05-04 09:30:47,204 [INFO] SENDING placeOrder b'\x00\x00\x01;3\x0013\x000\x00COPEC\x00STK\x00\x000.0\x00\x00\x00SN\x00\x00CLP\x00\x00\x00\x00\x00BUY\x001\x00LMT\x006350.98\x00\x00\x00\x00\x00\x000\x00\x001\x0011\x000\x000\x000\x000\x000\x000\x00\x000\x00\x00\x00\x00\x00\x00\x00\x000\x00\x00-1\x000\x00\x00\x000\x00\x00\x000\x000\x00\x000\x00\x00\x00\x00\x00\x000\x00\x00\x00\x00\x000\x00\x00\x00\x00\x00\x00\x00\x00\x00\x00\x000\x00\x00\x000\x000\x00\x00\x000\x00\x000\x000\x000\x000\x00\x001.7976931348623157e+308\x001.7976931348623157e+308\x001.7976931348623157e+308\x001.7976931348623157e+308\x001.7976931348623157e+308\x000\x00\x00\x00\x001.7976931348623157e+308\x00\x00\x00\x00\x000\x000\x000\x00\x00'
2026-05-04 09:30:49,096 [INFO] disconnecting
2026-05-04 09:30:49,097 [INFO] ANSWER connectionClosed {}
2026-05-04 09:30:49,102 [INFO] Ciclo completado: 1 aperturas, 0 cierres
2026-05-04 09:30:49,102 [INFO] Ciclo completado: 1 aperturas, 0 cierres, 3 rechazadas
2026-05-04 09:35:00,898 [INFO] === CICLO AUTOMÁTICO INICIADO ===
2026-05-04 09:35:05,161 [INFO] sent startApi
2026-05-04 09:35:05,176 [INFO] REQUEST startApi {}
2026-05-04 09:35:05,176 [INFO] SENDING startApi b'\x00\x00\x00\t71\x002\x0050\x00\x00'
2026-05-04 09:35:05,177 [INFO] ANSWER connectAck {}
2026-05-04 09:35:05,179 [INFO] ANSWER managedAccounts {'accountsList': 'DUP838882'}
2026-05-04 09:35:05,484 [INFO] sent startApi
2026-05-04 09:35:05,484 [INFO] REQUEST startApi {}
2026-05-04 09:35:05,484 [INFO] SENDING startApi b'\x00\x00\x00\t71\x002\x0070\x00\x00'
2026-05-04 09:35:05,484 [INFO] ANSWER connectAck {}
2026-05-04 09:35:05,487 [INFO] ANSWER managedAccounts {'accountsList': 'DUP838882'}
2026-05-04 09:35:05,814 [INFO] REQUEST reqMktData {'reqId': 1, 'contract': 4602701712: 0,SQM,STK,,0.0,,,NYSE,,USD,,,False,,combo:, 'genericTickList': '100,101,106,233', 'snapshot': False, 'regulatorySnapshot': False, 'mktDataOptions': []}
2026-05-04 09:35:05,814 [INFO] SENDING reqMktData b'\x00\x00\x00;1\x0011\x001\x000\x00SQM\x00STK\x00\x000.0\x00\x00\x00NYSE\x00\x00USD\x00\x00\x000\x00100,101,106,233\x000\x000\x00\x00'
2026-05-04 09:35:06,115 [INFO] REQUEST reqMktDepth {'reqId': 100, 'contract': 4602323008: 0,SQM,STK,,0.0,,,SN,,CLP,,,False,,combo:, 'numRows': 5, 'isSmartDepth': False, 'mktDepthOptions': []}
2026-05-04 09:35:06,115 [INFO] SENDING reqMktDepth b'\x00\x00\x00)10\x005\x00100\x000\x00SQM\x00STK\x00\x000.0\x00\x00\x00SN\x00\x00CLP\x00\x00\x005\x000\x00\x00'
2026-05-04 09:35:06,155 [INFO] REQUEST reqMktData {'reqId': 2, 'contract': 4600091456: 0,ECH,STK,,0.0,,,NYSE,,USD,,,False,,combo:, 'genericTickList': '100,101,106,233', 'snapshot': False, 'regulatorySnapshot': False, 'mktDataOptions': []}
2026-05-04 09:35:06,155 [INFO] SENDING reqMktData b'\x00\x00\x00;1\x0011\x002\x000\x00ECH\x00STK\x00\x000.0\x00\x00\x00NYSE\x00\x00USD\x00\x00\x000\x00100,101,106,233\x000\x000\x00\x00'
2026-05-04 09:35:06,330 [INFO] REQUEST reqMktDepth {'reqId': 101, 'contract': 4599113520: 0,COPEC,STK,,0.0,,,SN,,CLP,,,False,,combo:, 'numRows': 5, 'isSmartDepth': False, 'mktDepthOptions': []}
2026-05-04 09:35:06,330 [INFO] SENDING reqMktDepth b'\x00\x00\x00+10\x005\x00101\x000\x00COPEC\x00STK\x00\x000.0\x00\x00\x00SN\x00\x00CLP\x00\x00\x005\x000\x00\x00'
2026-05-04 09:35:06,471 [INFO] REQUEST reqMktDepth {'reqId': 102, 'contract': 4602757616: 0,BCI,STK,,0.0,,,SN,,CLP,,,False,,combo:, 'numRows': 5, 'isSmartDepth': False, 'mktDepthOptions': []}
2026-05-04 09:35:06,471 [INFO] SENDING reqMktDepth b'\x00\x00\x00)10\x005\x00102\x000\x00BCI\x00STK\x00\x000.0\x00\x00\x00SN\x00\x00CLP\x00\x00\x005\x000\x00\x00'
2026-05-04 09:35:06,498 [INFO] REQUEST reqMktData {'reqId': 3, 'contract': 4599112752: 0,GLD,STK,,0.0,,,NYSE,,USD,,,False,,combo:, 'genericTickList': '100,101,106,233', 'snapshot': False, 'regulatorySnapshot': False, 'mktDataOptions': []}
2026-05-04 09:35:06,498 [INFO] SENDING reqMktData b'\x00\x00\x00;1\x0011\x003\x000\x00GLD\x00STK\x00\x000.0\x00\x00\x00NYSE\x00\x00USD\x00\x00\x000\x00100,101,106,233\x000\x000\x00\x00'
2026-05-04 09:35:06,723 [INFO] REQUEST reqMktDepth {'reqId': 103, 'contract': 4655841728: 0,BSAC,STK,,0.0,,,SMART,,USD,,,False,,combo:, 'numRows': 5, 'isSmartDepth': False, 'mktDepthOptions': []}
2026-05-04 09:35:06,724 [INFO] SENDING reqMktDepth b'\x00\x00\x00-10\x005\x00103\x000\x00BSAC\x00STK\x00\x000.0\x00\x00\x00SMART\x00\x00USD\x00\x00\x005\x000\x00\x00'
2026-05-04 09:35:06,818 [INFO] REQUEST reqMktData {'reqId': 4, 'contract': 4655909328: 0,SPY,STK,,0.0,,,NYSE,,USD,,,False,,combo:, 'genericTickList': '100,101,106,233', 'snapshot': False, 'regulatorySnapshot': False, 'mktDataOptions': []}
2026-05-04 09:35:06,818 [INFO] SENDING reqMktData b'\x00\x00\x00;1\x0011\x004\x000\x00SPY\x00STK\x00\x000.0\x00\x00\x00NYSE\x00\x00USD\x00\x00\x000\x00100,101,106,233\x000\x000\x00\x00'
2026-05-04 09:35:06,983 [INFO] REQUEST reqMktDepth {'reqId': 104, 'contract': 4655437472: 0,BCH,STK,,0.0,,,SMART,,USD,,,False,,combo:, 'numRows': 5, 'isSmartDepth': False, 'mktDepthOptions': []}
2026-05-04 09:35:06,988 [INFO] SENDING reqMktDepth b'\x00\x00\x00,10\x005\x00104\x000\x00BCH\x00STK\x00\x000.0\x00\x00\x00SMART\x00\x00USD\x00\x00\x005\x000\x00\x00'
2026-05-04 09:35:07,150 [INFO] REQUEST reqMktData {'reqId': 5, 'contract': 4655767904: 0,GC,FUT,202606,0.0,,,COMEX,,USD,,,False,,combo:, 'genericTickList': '100,101,106,233', 'snapshot': False, 'regulatorySnapshot': False, 'mktDataOptions': []}
2026-05-04 09:35:07,166 [INFO] SENDING reqMktData b'\x00\x00\x00A1\x0011\x005\x000\x00GC\x00FUT\x00202606\x000.0\x00\x00\x00COMEX\x00\x00USD\x00\x00\x000\x00100,101,106,233\x000\x000\x00\x00'
2026-05-04 09:35:07,245 [INFO] REQUEST reqMktDepth {'reqId': 105, 'contract': 4655564736: 0,FALABELLA,STK,,0.0,,,SN,,CLP,,,False,,combo:, 'numRows': 5, 'isSmartDepth': False, 'mktDepthOptions': []}
2026-05-04 09:35:07,245 [INFO] SENDING reqMktDepth b'\x00\x00\x00/10\x005\x00105\x000\x00FALABELLA\x00STK\x00\x000.0\x00\x00\x00SN\x00\x00CLP\x00\x00\x005\x000\x00\x00'
2026-05-04 09:35:07,512 [INFO] REQUEST reqMktDepth {'reqId': 106, 'contract': 4655439488: 0,CENCOSUD,STK,,0.0,,,SN,,CLP,,,False,,combo:, 'numRows': 5, 'isSmartDepth': False, 'mktDepthOptions': []}
2026-05-04 09:35:07,516 [INFO] SENDING reqMktDepth b'\x00\x00\x00.10\x005\x00106\x000\x00CENCOSUD\x00STK\x00\x000.0\x00\x00\x00SN\x00\x00CLP\x00\x00\x005\x000\x00\x00'
2026-05-04 09:35:07,565 [INFO] REQUEST reqMktData {'reqId': 6, 'contract': 4647525776: 0,HG,FUT,202606,0.0,,,COMEX,,USD,,,False,,combo:, 'genericTickList': '100,101,106,233', 'snapshot': False, 'regulatorySnapshot': False, 'mktDataOptions': []}
2026-05-04 09:35:07,589 [INFO] SENDING reqMktData b'\x00\x00\x00A1\x0011\x006\x000\x00HG\x00FUT\x00202606\x000.0\x00\x00\x00COMEX\x00\x00USD\x00\x00\x000\x00100,101,106,233\x000\x000\x00\x00'
2026-05-04 09:35:07,719 [INFO] REQUEST reqMktDepth {'reqId': 107, 'contract': 4655438144: 0,CMPC,STK,,0.0,,,SN,,CLP,,,False,,combo:, 'numRows': 5, 'isSmartDepth': False, 'mktDepthOptions': []}
2026-05-04 09:35:07,724 [INFO] SENDING reqMktDepth b'\x00\x00\x00*10\x005\x00107\x000\x00CMPC\x00STK\x00\x000.0\x00\x00\x00SN\x00\x00CLP\x00\x00\x005\x000\x00\x00'
2026-05-04 09:35:07,977 [INFO] REQUEST reqMktDepth {'reqId': 108, 'contract': 4655565456: 0,COLBUN,STK,,0.0,,,SN,,CLP,,,False,,combo:, 'numRows': 5, 'isSmartDepth': False, 'mktDepthOptions': []}
2026-05-04 09:35:07,986 [INFO] SENDING reqMktDepth b'\x00\x00\x00,10\x005\x00108\x000\x00COLBUN\x00STK\x00\x000.0\x00\x00\x00SN\x00\x00CLP\x00\x00\x005\x000\x00\x00'
2026-05-04 09:35:08,055 [ERROR] $CFR.SN: possibly delisted; no price data found  (period=3mo)
2026-05-04 09:35:08,269 [INFO] REQUEST reqMktDepth {'reqId': 109, 'contract': 4655663472: 0,ENELCHILE,STK,,0.0,,,SN,,CLP,,,False,,combo:, 'numRows': 5, 'isSmartDepth': False, 'mktDepthOptions': []}
2026-05-04 09:35:08,269 [INFO] SENDING reqMktDepth b'\x00\x00\x00/10\x005\x00109\x000\x00ENELCHILE\x00STK\x00\x000.0\x00\x00\x00SN\x00\x00CLP\x00\x00\x005\x000\x00\x00'
2026-05-04 09:35:08,339 [ERROR] $ENDESA.SN: possibly delisted; no price data found  (period=3mo)
2026-05-04 09:35:08,552 [INFO] REQUEST reqMktDepth {'reqId': 110, 'contract': 4655597840: 0,ENELAM,STK,,0.0,,,SN,,CLP,,,False,,combo:, 'numRows': 5, 'isSmartDepth': False, 'mktDepthOptions': []}
2026-05-04 09:35:08,555 [INFO] SENDING reqMktDepth b'\x00\x00\x00,10\x005\x00110\x000\x00ENELAM\x00STK\x00\x000.0\x00\x00\x00SN\x00\x00CLP\x00\x00\x005\x000\x00\x00'
2026-05-04 09:35:08,810 [INFO] REQUEST reqMktDepth {'reqId': 111, 'contract': 4655437808: 0,ENTEL,STK,,0.0,,,SN,,CLP,,,False,,combo:, 'numRows': 5, 'isSmartDepth': False, 'mktDepthOptions': []}
2026-05-04 09:35:08,814 [INFO] SENDING reqMktDepth b'\x00\x00\x00+10\x005\x00111\x000\x00ENTEL\x00STK\x00\x000.0\x00\x00\x00SN\x00\x00CLP\x00\x00\x005\x000\x00\x00'
2026-05-04 09:35:09,781 [INFO] REQUEST reqMktDepth {'reqId': 112, 'contract': 4671345568: 0,LTM,STK,,0.0,,,SMART,,USD,,,False,,combo:, 'numRows': 5, 'isSmartDepth': False, 'mktDepthOptions': []}
2026-05-04 09:35:09,781 [INFO] SENDING reqMktDepth b'\x00\x00\x00,10\x005\x00112\x000\x00LTM\x00STK\x00\x000.0\x00\x00\x00SMART\x00\x00USD\x00\x00\x005\x000\x00\x00'
2026-05-04 09:35:10,037 [INFO] REQUEST reqMktDepth {'reqId': 113, 'contract': 4867534080: 0,CAP,STK,,0.0,,,SN,,CLP,,,False,,combo:, 'numRows': 5, 'isSmartDepth': False, 'mktDepthOptions': []}
2026-05-04 09:35:10,053 [INFO] SENDING reqMktDepth b'\x00\x00\x00)10\x005\x00113\x000\x00CAP\x00STK\x00\x000.0\x00\x00\x00SN\x00\x00CLP\x00\x00\x005\x000\x00\x00'
2026-05-04 09:35:10,337 [INFO] REQUEST reqMktDepth {'reqId': 114, 'contract': 4655400800: 0,CCU,STK,,0.0,,,SN,,CLP,,,False,,combo:, 'numRows': 5, 'isSmartDepth': False, 'mktDepthOptions': []}
2026-05-04 09:35:10,338 [INFO] SENDING reqMktDepth b'\x00\x00\x00)10\x005\x00114\x000\x00CCU\x00STK\x00\x000.0\x00\x00\x00SN\x00\x00CLP\x00\x00\x005\x000\x00\x00'
2026-05-04 09:35:10,810 [ERROR] $BANMEDICA.SN: possibly delisted; no price data found  (period=3mo) (Yahoo error = "No data found, symbol may be delisted")
2026-05-04 09:35:16,093 [INFO] disconnecting
2026-05-04 09:35:16,100 [INFO] ANSWER connectionClosed {}
2026-05-04 09:35:18,717 [INFO] disconnecting
2026-05-04 09:35:18,717 [INFO] ANSWER connectionClosed {}
2026-05-04 09:35:36,073 [ERROR] $COPEC.SN: possibly delisted; no price data found  (period=1d)
2026-05-04 09:35:36,482 [ERROR] $COPEC.SN: possibly delisted; no price data found  (period=1d)
2026-05-04 09:35:36,599 [INFO] sent startApi
2026-05-04 09:35:36,599 [INFO] REQUEST startApi {}
2026-05-04 09:35:36,599 [INFO] SENDING startApi b'\x00\x00\x00\t71\x002\x0030\x00\x00'
2026-05-04 09:35:36,600 [INFO] ANSWER connectAck {}
2026-05-04 09:35:36,602 [INFO] ANSWER managedAccounts {'accountsList': 'DUP838882'}
2026-05-04 09:35:37,617 [INFO] REQUEST placeOrder {'orderId': 1, 'contract': 5367201456: 0,COPEC,STK,,0.0,,,SMART,,USD,,,False,,combo:, 'order': 5367199488: 0,0,0: LMT BUY 1@6350.980000 }
2026-05-04 09:35:37,618 [INFO] SENDING placeOrder b'\x00\x00\x01<3\x001\x000\x00COPEC\x00STK\x00\x000.0\x00\x00\x00SMART\x00\x00USD\x00\x00\x00\x00\x00BUY\x001\x00LMT\x006350.98\x00\x00\x00\x00\x00\x000\x00\x001\x000\x000\x000\x000\x000\x000\x000\x00\x000\x00\x00\x00\x00\x00\x00\x00\x000\x00\x00-1\x000\x00\x00\x000\x00\x00\x000\x000\x00\x000\x00\x00\x00\x00\x00\x000\x00\x00\x00\x00\x000\x00\x00\x00\x00\x00\x00\x00\x00\x00\x00\x000\x00\x00\x000\x000\x00\x00\x000\x00\x000\x000\x000\x000\x00\x001.7976931348623157e+308\x001.7976931348623157e+308\x001.7976931348623157e+308\x001.7976931348623157e+308\x001.7976931348623157e+308\x000\x00\x00\x00\x001.7976931348623157e+308\x00\x00\x00\x00\x000\x000\x000\x00\x00'
2026-05-04 09:35:40,638 [INFO] disconnecting
2026-05-04 09:35:40,639 [INFO] ANSWER connectionClosed {}
2026-05-04 09:35:43,513 [INFO] CIERRE: COPEC | TAKE PROFIT | PnL +0.00%
2026-05-04 09:35:52,398 [INFO] APERTURA: VENDER COPEC | Conv 77.3% | Riesgo 1/10
2026-05-04 09:35:52,419 [INFO] sent startApi
2026-05-04 09:35:52,419 [INFO] REQUEST startApi {}
2026-05-04 09:35:52,419 [INFO] SENDING startApi b'\x00\x00\x00\t71\x002\x0010\x00\x00'
2026-05-04 09:35:52,419 [INFO] ANSWER connectAck {}
2026-05-04 09:35:52,421 [INFO] ANSWER managedAccounts {'accountsList': 'DUP838882'}
2026-05-04 09:35:53,461 [INFO] REQUEST placeOrder {'orderId': 11, 'contract': 5353257040: 0,COPEC,STK,,0.0,,,SN,,CLP,,,False,,combo:, 'order': 5353256944: 0,0,0: MKT SELL 1@179769313486231570814527423731704356798070567525844996598917476803157260780028538760589558632766878171540458953514382464234321326889464182768467546703537516986049910576551282076245490090389328944075868508455133942304583236903222948165808559332123348274797826204144723168738177180919299881250404026184124858368.000000 }
2026-05-04 09:35:53,462 [INFO] SENDING placeOrder b'\x00\x00\x0143\x0011\x000\x00COPEC\x00STK\x00\x000.0\x00\x00\x00SN\x00\x00CLP\x00\x00\x00\x00\x00SELL\x001\x00MKT\x00\x00\x00\x00\x00\x00\x000\x00\x000\x000\x000\x000\x000\x000\x000\x000\x00\x000\x00\x00\x00\x00\x00\x00\x00\x000\x00\x00-1\x000\x00\x00\x000\x00\x00\x000\x000\x00\x000\x00\x00\x00\x00\x00\x000\x00\x00\x00\x00\x000\x00\x00\x00\x00\x00\x00\x00\x00\x00\x00\x000\x00\x00\x000\x000\x00\x00\x000\x00\x000\x000\x000\x000\x00\x001.7976931348623157e+308\x001.7976931348623157e+308\x001.7976931348623157e+308\x001.7976931348623157e+308\x001.7976931348623157e+308\x000\x00\x00\x00\x001.7976931348623157e+308\x00\x00\x00\x00\x000\x000\x000\x00\x00'
2026-05-04 09:35:53,733 [INFO] REQUEST placeOrder {'orderId': 12, 'contract': 5353257040: 0,COPEC,STK,,0.0,,,SN,,CLP,,,False,,combo:, 'order': 5353258144: 0,0,0: STP BUY 1@179769313486231570814527423731704356798070567525844996598917476803157260780028538760589558632766878171540458953514382464234321326889464182768467546703537516986049910576551282076245490090389328944075868508455133942304583236903222948165808559332123348274797826204144723168738177180919299881250404026184124858368.000000 }
2026-05-04 09:35:53,734 [INFO] SENDING placeOrder b'\x00\x00\x01;3\x0012\x000\x00COPEC\x00STK\x00\x000.0\x00\x00\x00SN\x00\x00CLP\x00\x00\x00\x00\x00BUY\x001\x00STP\x00\x006407.74\x00\x00\x00\x00\x000\x00\x000\x0011\x000\x000\x000\x000\x000\x000\x00\x000\x00\x00\x00\x00\x00\x00\x00\x000\x00\x00-1\x000\x00\x00\x000\x00\x00\x000\x000\x00\x000\x00\x00\x00\x00\x00\x000\x00\x00\x00\x00\x000\x00\x00\x00\x00\x00\x00\x00\x00\x00\x00\x000\x00\x00\x000\x000\x00\x00\x000\x00\x000\x000\x000\x000\x00\x001.7976931348623157e+308\x001.7976931348623157e+308\x001.7976931348623157e+308\x001.7976931348623157e+308\x001.7976931348623157e+308\x000\x00\x00\x00\x001.7976931348623157e+308\x00\x00\x00\x00\x000\x000\x000\x00\x00'
2026-05-04 09:35:54,006 [INFO] REQUEST placeOrder {'orderId': 13, 'contract': 5353257040: 0,COPEC,STK,,0.0,,,SN,,CLP,,,False,,combo:, 'order': 5353257712: 0,0,0: LMT BUY 1@6350.980000 }
2026-05-04 09:35:54,007 [INFO] SENDING placeOrder b'\x00\x00\x01;3\x0013\x000\x00COPEC\x00STK\x00\x000.0\x00\x00\x00SN\x00\x00CLP\x00\x00\x00\x00\x00BUY\x001\x00LMT\x006350.98\x00\x00\x00\x00\x00\x000\x00\x001\x0011\x000\x000\x000\x000\x000\x000\x00\x000\x00\x00\x00\x00\x00\x00\x00\x000\x00\x00-1\x000\x00\x00\x000\x00\x00\x000\x000\x00\x000\x00\x00\x00\x00\x00\x000\x00\x00\x00\x00\x000\x00\x00\x00\x00\x00\x00\x00\x00\x00\x00\x000\x00\x00\x000\x000\x00\x00\x000\x00\x000\x000\x000\x000\x00\x001.7976931348623157e+308\x001.7976931348623157e+308\x001.7976931348623157e+308\x001.7976931348623157e+308\x001.7976931348623157e+308\x000\x00\x00\x00\x001.7976931348623157e+308\x00\x00\x00\x00\x000\x000\x000\x00\x00'
2026-05-04 09:35:55,842 [INFO] disconnecting
2026-05-04 09:35:55,843 [INFO] ANSWER connectionClosed {}
2026-05-04 09:35:55,847 [INFO] Ciclo completado: 1 aperturas, 1 cierres
2026-05-04 09:35:55,848 [INFO] Ciclo completado: 1 aperturas, 1 cierres, 3 rechazadas
2026-05-04 09:40:01,172 [INFO] === CICLO AUTOMÁTICO INICIADO ===
2026-05-04 09:40:08,148 [INFO] sent startApi
2026-05-04 09:40:08,151 [INFO] sent startApi
2026-05-04 09:40:08,170 [INFO] REQUEST startApi {}
2026-05-04 09:40:08,170 [INFO] REQUEST startApi {}
2026-05-04 09:40:08,171 [INFO] SENDING startApi b'\x00\x00\x00\t71\x002\x0050\x00\x00'
2026-05-04 09:40:08,171 [INFO] SENDING startApi b'\x00\x00\x00\t71\x002\x0070\x00\x00'
2026-05-04 09:40:08,171 [INFO] ANSWER connectAck {}
2026-05-04 09:40:08,171 [INFO] ANSWER connectAck {}
2026-05-04 09:40:08,175 [INFO] ANSWER managedAccounts {'accountsList': 'DUP838882'}
2026-05-04 09:40:08,279 [INFO] ANSWER managedAccounts {'accountsList': 'DUP838882'}
2026-05-04 09:40:08,740 [INFO] REQUEST reqMktData {'reqId': 1, 'contract': 4483871024: 0,SQM,STK,,0.0,,,NYSE,,USD,,,False,,combo:, 'genericTickList': '100,101,106,233', 'snapshot': False, 'regulatorySnapshot': False, 'mktDataOptions': []}
2026-05-04 09:40:08,740 [INFO] SENDING reqMktData b'\x00\x00\x00;1\x0011\x001\x000\x00SQM\x00STK\x00\x000.0\x00\x00\x00NYSE\x00\x00USD\x00\x00\x000\x00100,101,106,233\x000\x000\x00\x00'
2026-05-04 09:40:08,901 [INFO] REQUEST reqMktDepth {'reqId': 100, 'contract': 4483805088: 0,SQM,STK,,0.0,,,SN,,CLP,,,False,,combo:, 'numRows': 5, 'isSmartDepth': False, 'mktDepthOptions': []}
2026-05-04 09:40:08,903 [INFO] SENDING reqMktDepth b'\x00\x00\x00)10\x005\x00100\x000\x00SQM\x00STK\x00\x000.0\x00\x00\x00SN\x00\x00CLP\x00\x00\x005\x000\x00\x00'
2026-05-04 09:40:09,035 [INFO] REQUEST reqMktData {'reqId': 2, 'contract': 4483826640: 0,ECH,STK,,0.0,,,NYSE,,USD,,,False,,combo:, 'genericTickList': '100,101,106,233', 'snapshot': False, 'regulatorySnapshot': False, 'mktDataOptions': []}
2026-05-04 09:40:09,037 [INFO] SENDING reqMktData b'\x00\x00\x00;1\x0011\x002\x000\x00ECH\x00STK\x00\x000.0\x00\x00\x00NYSE\x00\x00USD\x00\x00\x000\x00100,101,106,233\x000\x000\x00\x00'
2026-05-04 09:40:09,329 [INFO] REQUEST reqMktData {'reqId': 3, 'contract': 4483772624: 0,GLD,STK,,0.0,,,NYSE,,USD,,,False,,combo:, 'genericTickList': '100,101,106,233', 'snapshot': False, 'regulatorySnapshot': False, 'mktDataOptions': []}
2026-05-04 09:40:09,329 [INFO] SENDING reqMktData b'\x00\x00\x00;1\x0011\x003\x000\x00GLD\x00STK\x00\x000.0\x00\x00\x00NYSE\x00\x00USD\x00\x00\x000\x00100,101,106,233\x000\x000\x00\x00'
2026-05-04 09:40:09,538 [INFO] REQUEST reqMktDepth {'reqId': 101, 'contract': 4483721248: 0,COPEC,STK,,0.0,,,SN,,CLP,,,False,,combo:, 'numRows': 5, 'isSmartDepth': False, 'mktDepthOptions': []}
2026-05-04 09:40:09,538 [INFO] SENDING reqMktDepth b'\x00\x00\x00+10\x005\x00101\x000\x00COPEC\x00STK\x00\x000.0\x00\x00\x00SN\x00\x00CLP\x00\x00\x005\x000\x00\x00'
2026-05-04 09:40:09,627 [INFO] REQUEST reqMktData {'reqId': 4, 'contract': 4483619280: 0,SPY,STK,,0.0,,,NYSE,,USD,,,False,,combo:, 'genericTickList': '100,101,106,233', 'snapshot': False, 'regulatorySnapshot': False, 'mktDataOptions': []}
2026-05-04 09:40:09,653 [INFO] SENDING reqMktData b'\x00\x00\x00;1\x0011\x004\x000\x00SPY\x00STK\x00\x000.0\x00\x00\x00NYSE\x00\x00USD\x00\x00\x000\x00100,101,106,233\x000\x000\x00\x00'
2026-05-04 09:40:09,863 [INFO] REQUEST reqMktDepth {'reqId': 102, 'contract': 4470181504: 0,BCI,STK,,0.0,,,SN,,CLP,,,False,,combo:, 'numRows': 5, 'isSmartDepth': False, 'mktDepthOptions': []}
2026-05-04 09:40:09,863 [INFO] SENDING reqMktDepth b'\x00\x00\x00)10\x005\x00102\x000\x00BCI\x00STK\x00\x000.0\x00\x00\x00SN\x00\x00CLP\x00\x00\x005\x000\x00\x00'
2026-05-04 09:40:09,986 [INFO] REQUEST reqMktData {'reqId': 5, 'contract': 4483898000: 0,GC,FUT,202606,0.0,,,COMEX,,USD,,,False,,combo:, 'genericTickList': '100,101,106,233', 'snapshot': False, 'regulatorySnapshot': False, 'mktDataOptions': []}
2026-05-04 09:40:09,986 [INFO] SENDING reqMktData b'\x00\x00\x00A1\x0011\x005\x000\x00GC\x00FUT\x00202606\x000.0\x00\x00\x00COMEX\x00\x00USD\x00\x00\x000\x00100,101,106,233\x000\x000\x00\x00'
2026-05-04 09:40:10,080 [INFO] REQUEST reqMktDepth {'reqId': 103, 'contract': 4483926864: 0,BSAC,STK,,0.0,,,SMART,,USD,,,False,,combo:, 'numRows': 5, 'isSmartDepth': False, 'mktDepthOptions': []}
2026-05-04 09:40:10,080 [INFO] SENDING reqMktDepth b'\x00\x00\x00-10\x005\x00103\x000\x00BSAC\x00STK\x00\x000.0\x00\x00\x00SMART\x00\x00USD\x00\x00\x005\x000\x00\x00'
2026-05-04 09:40:10,243 [INFO] REQUEST reqMktData {'reqId': 6, 'contract': 4483065024: 0,HG,FUT,202606,0.0,,,COMEX,,USD,,,False,,combo:, 'genericTickList': '100,101,106,233', 'snapshot': False, 'regulatorySnapshot': False, 'mktDataOptions': []}
2026-05-04 09:40:10,243 [INFO] SENDING reqMktData b'\x00\x00\x00A1\x0011\x006\x000\x00HG\x00FUT\x00202606\x000.0\x00\x00\x00COMEX\x00\x00USD\x00\x00\x000\x00100,101,106,233\x000\x000\x00\x00'
2026-05-04 09:40:10,243 [INFO] REQUEST reqMktDepth {'reqId': 104, 'contract': 4483843264: 0,BCH,STK,,0.0,,,SMART,,USD,,,False,,combo:, 'numRows': 5, 'isSmartDepth': False, 'mktDepthOptions': []}
2026-05-04 09:40:10,246 [INFO] SENDING reqMktDepth b'\x00\x00\x00,10\x005\x00104\x000\x00BCH\x00STK\x00\x000.0\x00\x00\x00SMART\x00\x00USD\x00\x00\x005\x000\x00\x00'
2026-05-04 09:40:10,566 [ERROR] $CFR.SN: possibly delisted; no price data found  (period=3mo)
2026-05-04 09:40:10,591 [INFO] REQUEST reqMktDepth {'reqId': 105, 'contract': 4470686240: 0,FALABELLA,STK,,0.0,,,SN,,CLP,,,False,,combo:, 'numRows': 5, 'isSmartDepth': False, 'mktDepthOptions': []}
2026-05-04 09:40:10,593 [INFO] SENDING reqMktDepth b'\x00\x00\x00/10\x005\x00105\x000\x00FALABELLA\x00STK\x00\x000.0\x00\x00\x00SN\x00\x00CLP\x00\x00\x005\x000\x00\x00'
2026-05-04 09:40:10,792 [INFO] REQUEST reqMktDepth {'reqId': 106, 'contract': 4472145040: 0,CENCOSUD,STK,,0.0,,,SN,,CLP,,,False,,combo:, 'numRows': 5, 'isSmartDepth': False, 'mktDepthOptions': []}
2026-05-04 09:40:10,793 [INFO] SENDING reqMktDepth b'\x00\x00\x00.10\x005\x00106\x000\x00CENCOSUD\x00STK\x00\x000.0\x00\x00\x00SN\x00\x00CLP\x00\x00\x005\x000\x00\x00'
2026-05-04 09:40:10,869 [ERROR] $ENDESA.SN: possibly delisted; no price data found  (period=3mo)
2026-05-04 09:40:10,964 [INFO] REQUEST reqMktDepth {'reqId': 107, 'contract': 4473110880: 0,CMPC,STK,,0.0,,,SN,,CLP,,,False,,combo:, 'numRows': 5, 'isSmartDepth': False, 'mktDepthOptions': []}
2026-05-04 09:40:10,972 [INFO] SENDING reqMktDepth b'\x00\x00\x00*10\x005\x00107\x000\x00CMPC\x00STK\x00\x000.0\x00\x00\x00SN\x00\x00CLP\x00\x00\x005\x000\x00\x00'
2026-05-04 09:40:11,113 [INFO] REQUEST reqMktDepth {'reqId': 108, 'contract': 4483775264: 0,COLBUN,STK,,0.0,,,SN,,CLP,,,False,,combo:, 'numRows': 5, 'isSmartDepth': False, 'mktDepthOptions': []}
2026-05-04 09:40:11,113 [INFO] SENDING reqMktDepth b'\x00\x00\x00,10\x005\x00108\x000\x00COLBUN\x00STK\x00\x000.0\x00\x00\x00SN\x00\x00CLP\x00\x00\x005\x000\x00\x00'
2026-05-04 09:40:11,276 [INFO] REQUEST reqMktDepth {'reqId': 109, 'contract': 4483769008: 0,ENELCHILE,STK,,0.0,,,SN,,CLP,,,False,,combo:, 'numRows': 5, 'isSmartDepth': False, 'mktDepthOptions': []}
2026-05-04 09:40:11,277 [INFO] SENDING reqMktDepth b'\x00\x00\x00/10\x005\x00109\x000\x00ENELCHILE\x00STK\x00\x000.0\x00\x00\x00SN\x00\x00CLP\x00\x00\x005\x000\x00\x00'
2026-05-04 09:40:11,406 [INFO] REQUEST reqMktDepth {'reqId': 110, 'contract': 4483775648: 0,ENELAM,STK,,0.0,,,SN,,CLP,,,False,,combo:, 'numRows': 5, 'isSmartDepth': False, 'mktDepthOptions': []}
2026-05-04 09:40:11,406 [INFO] SENDING reqMktDepth b'\x00\x00\x00,10\x005\x00110\x000\x00ENELAM\x00STK\x00\x000.0\x00\x00\x00SN\x00\x00CLP\x00\x00\x005\x000\x00\x00'
2026-05-04 09:40:11,609 [INFO] REQUEST reqMktDepth {'reqId': 111, 'contract': 4483519872: 0,ENTEL,STK,,0.0,,,SN,,CLP,,,False,,combo:, 'numRows': 5, 'isSmartDepth': False, 'mktDepthOptions': []}
2026-05-04 09:40:11,656 [INFO] SENDING reqMktDepth b'\x00\x00\x00+10\x005\x00111\x000\x00ENTEL\x00STK\x00\x000.0\x00\x00\x00SN\x00\x00CLP\x00\x00\x005\x000\x00\x00'
2026-05-04 09:40:11,928 [INFO] REQUEST reqMktDepth {'reqId': 112, 'contract': 4483827936: 0,LTM,STK,,0.0,,,SMART,,USD,,,False,,combo:, 'numRows': 5, 'isSmartDepth': False, 'mktDepthOptions': []}
2026-05-04 09:40:11,928 [INFO] SENDING reqMktDepth b'\x00\x00\x00,10\x005\x00112\x000\x00LTM\x00STK\x00\x000.0\x00\x00\x00SMART\x00\x00USD\x00\x00\x005\x000\x00\x00'
2026-05-04 09:40:12,039 [INFO] REQUEST reqMktDepth {'reqId': 113, 'contract': 4483828464: 0,CAP,STK,,0.0,,,SN,,CLP,,,False,,combo:, 'numRows': 5, 'isSmartDepth': False, 'mktDepthOptions': []}
2026-05-04 09:40:12,039 [INFO] SENDING reqMktDepth b'\x00\x00\x00)10\x005\x00113\x000\x00CAP\x00STK\x00\x000.0\x00\x00\x00SN\x00\x00CLP\x00\x00\x005\x000\x00\x00'
2026-05-04 09:40:12,214 [INFO] REQUEST reqMktDepth {'reqId': 114, 'contract': 4483771648: 0,CCU,STK,,0.0,,,SN,,CLP,,,False,,combo:, 'numRows': 5, 'isSmartDepth': False, 'mktDepthOptions': []}
2026-05-04 09:40:12,215 [INFO] SENDING reqMktDepth b'\x00\x00\x00)10\x005\x00114\x000\x00CCU\x00STK\x00\x000.0\x00\x00\x00SN\x00\x00CLP\x00\x00\x005\x000\x00\x00'
2026-05-04 09:40:13,225 [ERROR] $BANMEDICA.SN: possibly delisted; no price data found  (period=3mo) (Yahoo error = "No data found, symbol may be delisted")
2026-05-04 09:40:18,581 [INFO] disconnecting
2026-05-04 09:40:18,616 [INFO] ANSWER connectionClosed {}
2026-05-04 09:40:20,474 [INFO] disconnecting
2026-05-04 09:40:20,475 [INFO] ANSWER connectionClosed {}
2026-05-04 09:40:25,919 [ERROR] $COPEC.SN: possibly delisted; no price data found  (period=1d)
2026-05-04 09:40:26,490 [ERROR] $COPEC.SN: possibly delisted; no price data found  (period=1d)
2026-05-04 09:40:26,611 [INFO] sent startApi
2026-05-04 09:40:26,612 [INFO] REQUEST startApi {}
2026-05-04 09:40:26,612 [INFO] SENDING startApi b'\x00\x00\x00\t71\x002\x0030\x00\x00'
2026-05-04 09:40:26,612 [INFO] ANSWER connectAck {}
2026-05-04 09:40:26,615 [INFO] ANSWER managedAccounts {'accountsList': 'DUP838882'}
2026-05-04 09:40:27,680 [INFO] REQUEST placeOrder {'orderId': 2, 'contract': 4483773536: 0,COPEC,STK,,0.0,,,SMART,,USD,,,False,,combo:, 'order': 4483775696: 0,0,0: LMT BUY 1@6350.980000 }
2026-05-04 09:40:27,681 [INFO] SENDING placeOrder b'\x00\x00\x01<3\x002\x000\x00COPEC\x00STK\x00\x000.0\x00\x00\x00SMART\x00\x00USD\x00\x00\x00\x00\x00BUY\x001\x00LMT\x006350.98\x00\x00\x00\x00\x00\x000\x00\x001\x000\x000\x000\x000\x000\x000\x000\x00\x000\x00\x00\x00\x00\x00\x00\x00\x000\x00\x00-1\x000\x00\x00\x000\x00\x00\x000\x000\x00\x000\x00\x00\x00\x00\x00\x000\x00\x00\x00\x00\x000\x00\x00\x00\x00\x00\x00\x00\x00\x00\x00\x000\x00\x00\x000\x000\x00\x00\x000\x00\x000\x000\x000\x000\x00\x001.7976931348623157e+308\x001.7976931348623157e+308\x001.7976931348623157e+308\x001.7976931348623157e+308\x001.7976931348623157e+308\x000\x00\x00\x00\x001.7976931348623157e+308\x00\x00\x00\x00\x000\x000\x000\x00\x00'
2026-05-04 09:40:30,719 [INFO] disconnecting
2026-05-04 09:40:30,719 [INFO] ANSWER connectionClosed {}
2026-05-04 09:40:33,227 [INFO] CIERRE: COPEC | TAKE PROFIT | PnL +0.00%
2026-05-04 09:40:43,172 [INFO] APERTURA: VENDER COPEC | Conv 76.1% | Riesgo 1/10
2026-05-04 09:40:43,360 [INFO] sent startApi
2026-05-04 09:40:43,360 [INFO] REQUEST startApi {}
2026-05-04 09:40:43,360 [INFO] SENDING startApi b'\x00\x00\x00\t71\x002\x0010\x00\x00'
2026-05-04 09:40:43,361 [INFO] ANSWER connectAck {}
2026-05-04 09:40:43,362 [INFO] ANSWER managedAccounts {'accountsList': 'DUP838882'}
2026-05-04 09:40:44,498 [INFO] REQUEST placeOrder {'orderId': 11, 'contract': 4470038784: 0,COPEC,STK,,0.0,,,SN,,CLP,,,False,,combo:, 'order': 4470040992: 0,0,0: MKT SELL 1@179769313486231570814527423731704356798070567525844996598917476803157260780028538760589558632766878171540458953514382464234321326889464182768467546703537516986049910576551282076245490090389328944075868508455133942304583236903222948165808559332123348274797826204144723168738177180919299881250404026184124858368.000000 }
2026-05-04 09:40:44,498 [INFO] SENDING placeOrder b'\x00\x00\x0143\x0011\x000\x00COPEC\x00STK\x00\x000.0\x00\x00\x00SN\x00\x00CLP\x00\x00\x00\x00\x00SELL\x001\x00MKT\x00\x00\x00\x00\x00\x00\x000\x00\x000\x000\x000\x000\x000\x000\x000\x000\x00\x000\x00\x00\x00\x00\x00\x00\x00\x000\x00\x00-1\x000\x00\x00\x000\x00\x00\x000\x000\x00\x000\x00\x00\x00\x00\x00\x000\x00\x00\x00\x00\x000\x00\x00\x00\x00\x00\x00\x00\x00\x00\x00\x000\x00\x00\x000\x000\x00\x00\x000\x00\x000\x000\x000\x000\x00\x001.7976931348623157e+308\x001.7976931348623157e+308\x001.7976931348623157e+308\x001.7976931348623157e+308\x001.7976931348623157e+308\x000\x00\x00\x00\x001.7976931348623157e+308\x00\x00\x00\x00\x000\x000\x000\x00\x00'
2026-05-04 09:40:44,770 [INFO] REQUEST placeOrder {'orderId': 12, 'contract': 4470038784: 0,COPEC,STK,,0.0,,,SN,,CLP,,,False,,combo:, 'order': 4470040944: 0,0,0: STP BUY 1@179769313486231570814527423731704356798070567525844996598917476803157260780028538760589558632766878171540458953514382464234321326889464182768467546703537516986049910576551282076245490090389328944075868508455133942304583236903222948165808559332123348274797826204144723168738177180919299881250404026184124858368.000000 }
2026-05-04 09:40:44,770 [INFO] SENDING placeOrder b'\x00\x00\x01;3\x0012\x000\x00COPEC\x00STK\x00\x000.0\x00\x00\x00SN\x00\x00CLP\x00\x00\x00\x00\x00BUY\x001\x00STP\x00\x006407.74\x00\x00\x00\x00\x000\x00\x000\x0011\x000\x000\x000\x000\x000\x000\x00\x000\x00\x00\x00\x00\x00\x00\x00\x000\x00\x00-1\x000\x00\x00\x000\x00\x00\x000\x000\x00\x000\x00\x00\x00\x00\x00\x000\x00\x00\x00\x00\x000\x00\x00\x00\x00\x00\x00\x00\x00\x00\x00\x000\x00\x00\x000\x000\x00\x00\x000\x00\x000\x000\x000\x000\x00\x001.7976931348623157e+308\x001.7976931348623157e+308\x001.7976931348623157e+308\x001.7976931348623157e+308\x001.7976931348623157e+308\x000\x00\x00\x00\x001.7976931348623157e+308\x00\x00\x00\x00\x000\x000\x000\x00\x00'
2026-05-04 09:40:45,021 [INFO] REQUEST placeOrder {'orderId': 13, 'contract': 4470038784: 0,COPEC,STK,,0.0,,,SN,,CLP,,,False,,combo:, 'order': 4470039312: 0,0,0: LMT BUY 1@6350.980000 }
2026-05-04 09:40:45,045 [INFO] SENDING placeOrder b'\x00\x00\x01;3\x0013\x000\x00COPEC\x00STK\x00\x000.0\x00\x00\x00SN\x00\x00CLP\x00\x00\x00\x00\x00BUY\x001\x00LMT\x006350.98\x00\x00\x00\x00\x00\x000\x00\x001\x0011\x000\x000\x000\x000\x000\x000\x00\x000\x00\x00\x00\x00\x00\x00\x00\x000\x00\x00-1\x000\x00\x00\x000\x00\x00\x000\x000\x00\x000\x00\x00\x00\x00\x00\x000\x00\x00\x00\x00\x000\x00\x00\x00\x00\x00\x00\x00\x00\x00\x00\x000\x00\x00\x000\x000\x00\x00\x000\x00\x000\x000\x000\x000\x00\x001.7976931348623157e+308\x001.7976931348623157e+308\x001.7976931348623157e+308\x001.7976931348623157e+308\x001.7976931348623157e+308\x000\x00\x00\x00\x001.7976931348623157e+308\x00\x00\x00\x00\x000\x000\x000\x00\x00'
2026-05-04 09:40:46,983 [INFO] disconnecting
2026-05-04 09:40:46,984 [INFO] ANSWER connectionClosed {}
2026-05-04 09:40:47,010 [INFO] Ciclo completado: 1 aperturas, 1 cierres
2026-05-04 09:40:47,012 [INFO] Ciclo completado: 1 aperturas, 1 cierres, 3 rechazadas
2026-05-04 09:42:55,953 [ERROR] $COPEC.SN: possibly delisted; no price data found  (period=1d)
2026-05-04 09:42:56,401 [ERROR] $COPEC.SN: possibly delisted; no price data found  (period=1d)
2026-05-04 09:42:56,562 [INFO] sent startApi
2026-05-04 09:42:56,563 [INFO] REQUEST startApi {}
2026-05-04 09:42:56,563 [INFO] SENDING startApi b'\x00\x00\x00\t71\x002\x0030\x00\x00'
2026-05-04 09:42:56,563 [INFO] ANSWER connectAck {}
2026-05-04 09:42:56,578 [INFO] ANSWER managedAccounts {'accountsList': 'DUP838882'}
2026-05-04 09:42:57,581 [INFO] REQUEST placeOrder {'orderId': 3, 'contract': 6416336976: 0,COPEC,STK,,0.0,,,SMART,,USD,,,False,,combo:, 'order': 6416338896: 0,0,0: LMT BUY 1@6350.980000 }
2026-05-04 09:42:57,582 [INFO] SENDING placeOrder b'\x00\x00\x01<3\x003\x000\x00COPEC\x00STK\x00\x000.0\x00\x00\x00SMART\x00\x00USD\x00\x00\x00\x00\x00BUY\x001\x00LMT\x006350.98\x00\x00\x00\x00\x00\x000\x00\x001\x000\x000\x000\x000\x000\x000\x000\x00\x000\x00\x00\x00\x00\x00\x00\x00\x000\x00\x00-1\x000\x00\x00\x000\x00\x00\x000\x000\x00\x000\x00\x00\x00\x00\x00\x000\x00\x00\x00\x00\x000\x00\x00\x00\x00\x00\x00\x00\x00\x00\x00\x000\x00\x00\x000\x000\x00\x00\x000\x00\x000\x000\x000\x000\x00\x001.7976931348623157e+308\x001.7976931348623157e+308\x001.7976931348623157e+308\x001.7976931348623157e+308\x001.7976931348623157e+308\x000\x00\x00\x00\x001.7976931348623157e+308\x00\x00\x00\x00\x000\x000\x000\x00\x00'
2026-05-04 09:43:00,591 [INFO] disconnecting
2026-05-04 09:43:00,593 [INFO] ANSWER connectionClosed {}
2026-05-04 09:43:01,811 [INFO] CIERRE: COPEC | TAKE PROFIT | PnL +0.00%
2026-05-04 09:43:12,936 [INFO] APERTURA: VENDER COPEC | Conv 77.7% | Riesgo 1/10
2026-05-04 09:43:12,980 [INFO] sent startApi
2026-05-04 09:43:12,980 [INFO] REQUEST startApi {}
2026-05-04 09:43:12,980 [INFO] SENDING startApi b'\x00\x00\x00\t71\x002\x0010\x00\x00'
2026-05-04 09:43:12,981 [INFO] ANSWER connectAck {}
2026-05-04 09:43:12,987 [INFO] ANSWER managedAccounts {'accountsList': 'DUP838882'}
2026-05-04 09:43:14,001 [INFO] REQUEST placeOrder {'orderId': 11, 'contract': 6416319776: 0,COPEC,STK,,0.0,,,SN,,CLP,,,False,,combo:, 'order': 5085100736: 0,0,0: MKT SELL 1@179769313486231570814527423731704356798070567525844996598917476803157260780028538760589558632766878171540458953514382464234321326889464182768467546703537516986049910576551282076245490090389328944075868508455133942304583236903222948165808559332123348274797826204144723168738177180919299881250404026184124858368.000000 }
2026-05-04 09:43:14,002 [INFO] SENDING placeOrder b'\x00\x00\x0143\x0011\x000\x00COPEC\x00STK\x00\x000.0\x00\x00\x00SN\x00\x00CLP\x00\x00\x00\x00\x00SELL\x001\x00MKT\x00\x00\x00\x00\x00\x00\x000\x00\x000\x000\x000\x000\x000\x000\x000\x000\x00\x000\x00\x00\x00\x00\x00\x00\x00\x000\x00\x00-1\x000\x00\x00\x000\x00\x00\x000\x000\x00\x000\x00\x00\x00\x00\x00\x000\x00\x00\x00\x00\x000\x00\x00\x00\x00\x00\x00\x00\x00\x00\x00\x000\x00\x00\x000\x000\x00\x00\x000\x00\x000\x000\x000\x000\x00\x001.7976931348623157e+308\x001.7976931348623157e+308\x001.7976931348623157e+308\x001.7976931348623157e+308\x001.7976931348623157e+308\x000\x00\x00\x00\x001.7976931348623157e+308\x00\x00\x00\x00\x000\x000\x000\x00\x00'
2026-05-04 09:43:14,205 [INFO] REQUEST placeOrder {'orderId': 12, 'contract': 6416319776: 0,COPEC,STK,,0.0,,,SN,,CLP,,,False,,combo:, 'order': 6294135472: 0,0,0: STP BUY 1@179769313486231570814527423731704356798070567525844996598917476803157260780028538760589558632766878171540458953514382464234321326889464182768467546703537516986049910576551282076245490090389328944075868508455133942304583236903222948165808559332123348274797826204144723168738177180919299881250404026184124858368.000000 }
2026-05-04 09:43:14,206 [INFO] SENDING placeOrder b'\x00\x00\x01;3\x0012\x000\x00COPEC\x00STK\x00\x000.0\x00\x00\x00SN\x00\x00CLP\x00\x00\x00\x00\x00BUY\x001\x00STP\x00\x006407.74\x00\x00\x00\x00\x000\x00\x000\x0011\x000\x000\x000\x000\x000\x000\x00\x000\x00\x00\x00\x00\x00\x00\x00\x000\x00\x00-1\x000\x00\x00\x000\x00\x00\x000\x000\x00\x000\x00\x00\x00\x00\x00\x000\x00\x00\x00\x00\x000\x00\x00\x00\x00\x00\x00\x00\x00\x00\x00\x000\x00\x00\x000\x000\x00\x00\x000\x00\x000\x000\x000\x000\x00\x001.7976931348623157e+308\x001.7976931348623157e+308\x001.7976931348623157e+308\x001.7976931348623157e+308\x001.7976931348623157e+308\x000\x00\x00\x00\x001.7976931348623157e+308\x00\x00\x00\x00\x000\x000\x000\x00\x00'
2026-05-04 09:43:14,409 [INFO] REQUEST placeOrder {'orderId': 13, 'contract': 6416319776: 0,COPEC,STK,,0.0,,,SN,,CLP,,,False,,combo:, 'order': 6294136816: 0,0,0: LMT BUY 1@6350.980000 }
2026-05-04 09:43:14,410 [INFO] SENDING placeOrder b'\x00\x00\x01;3\x0013\x000\x00COPEC\x00STK\x00\x000.0\x00\x00\x00SN\x00\x00CLP\x00\x00\x00\x00\x00BUY\x001\x00LMT\x006350.98\x00\x00\x00\x00\x00\x000\x00\x001\x0011\x000\x000\x000\x000\x000\x000\x00\x000\x00\x00\x00\x00\x00\x00\x00\x000\x00\x00-1\x000\x00\x00\x000\x00\x00\x000\x000\x00\x000\x00\x00\x00\x00\x00\x000\x00\x00\x00\x00\x000\x00\x00\x00\x00\x00\x00\x00\x00\x00\x00\x000\x00\x00\x000\x000\x00\x00\x000\x00\x000\x000\x000\x000\x00\x001.7976931348623157e+308\x001.7976931348623157e+308\x001.7976931348623157e+308\x001.7976931348623157e+308\x001.7976931348623157e+308\x000\x00\x00\x00\x001.7976931348623157e+308\x00\x00\x00\x00\x000\x000\x000\x00\x00'
2026-05-04 09:43:16,126 [INFO] disconnecting
2026-05-04 09:43:16,127 [INFO] ANSWER connectionClosed {}
2026-05-04 09:43:16,132 [INFO] Ciclo completado: 1 aperturas, 1 cierres
2026-05-04 09:44:18,394 [INFO] sent startApi
2026-05-04 09:44:18,396 [INFO] REQUEST startApi {}
2026-05-04 09:44:18,396 [INFO] SENDING startApi b'\x00\x00\x00\t71\x002\x0050\x00\x00'
2026-05-04 09:44:18,396 [INFO] ANSWER connectAck {}
2026-05-04 09:44:18,398 [INFO] ANSWER managedAccounts {'accountsList': 'DUP838882'}
2026-05-04 09:44:18,903 [INFO] REQUEST reqMktData {'reqId': 1, 'contract': 6312727696: 0,SQM,STK,,0.0,,,NYSE,,USD,,,False,,combo:, 'genericTickList': '100,101,106,233', 'snapshot': False, 'regulatorySnapshot': False, 'mktDataOptions': []}
2026-05-04 09:44:18,904 [INFO] SENDING reqMktData b'\x00\x00\x00;1\x0011\x001\x000\x00SQM\x00STK\x00\x000.0\x00\x00\x00NYSE\x00\x00USD\x00\x00\x000\x00100,101,106,233\x000\x000\x00\x00'
2026-05-04 09:44:19,108 [INFO] REQUEST reqMktData {'reqId': 2, 'contract': 6312756752: 0,ECH,STK,,0.0,,,NYSE,,USD,,,False,,combo:, 'genericTickList': '100,101,106,233', 'snapshot': False, 'regulatorySnapshot': False, 'mktDataOptions': []}
2026-05-04 09:44:19,108 [INFO] SENDING reqMktData b'\x00\x00\x00;1\x0011\x002\x000\x00ECH\x00STK\x00\x000.0\x00\x00\x00NYSE\x00\x00USD\x00\x00\x000\x00100,101,106,233\x000\x000\x00\x00'
2026-05-04 09:44:19,311 [INFO] REQUEST reqMktData {'reqId': 3, 'contract': 6416431424: 0,GLD,STK,,0.0,,,NYSE,,USD,,,False,,combo:, 'genericTickList': '100,101,106,233', 'snapshot': False, 'regulatorySnapshot': False, 'mktDataOptions': []}
2026-05-04 09:44:19,311 [INFO] SENDING reqMktData b'\x00\x00\x00;1\x0011\x003\x000\x00GLD\x00STK\x00\x000.0\x00\x00\x00NYSE\x00\x00USD\x00\x00\x000\x00100,101,106,233\x000\x000\x00\x00'
2026-05-04 09:44:19,512 [INFO] REQUEST reqMktData {'reqId': 4, 'contract': 5089008416: 0,SPY,STK,,0.0,,,NYSE,,USD,,,False,,combo:, 'genericTickList': '100,101,106,233', 'snapshot': False, 'regulatorySnapshot': False, 'mktDataOptions': []}
2026-05-04 09:44:19,512 [INFO] SENDING reqMktData b'\x00\x00\x00;1\x0011\x004\x000\x00SPY\x00STK\x00\x000.0\x00\x00\x00NYSE\x00\x00USD\x00\x00\x000\x00100,101,106,233\x000\x000\x00\x00'
2026-05-04 09:44:19,718 [INFO] REQUEST reqMktData {'reqId': 5, 'contract': 6296198640: 0,GC,FUT,202606,0.0,,,COMEX,,USD,,,False,,combo:, 'genericTickList': '100,101,106,233', 'snapshot': False, 'regulatorySnapshot': False, 'mktDataOptions': []}
2026-05-04 09:44:19,718 [INFO] SENDING reqMktData b'\x00\x00\x00A1\x0011\x005\x000\x00GC\x00FUT\x00202606\x000.0\x00\x00\x00COMEX\x00\x00USD\x00\x00\x000\x00100,101,106,233\x000\x000\x00\x00'
2026-05-04 09:44:19,923 [INFO] REQUEST reqMktData {'reqId': 6, 'contract': 6310555952: 0,HG,FUT,202606,0.0,,,COMEX,,USD,,,False,,combo:, 'genericTickList': '100,101,106,233', 'snapshot': False, 'regulatorySnapshot': False, 'mktDataOptions': []}
2026-05-04 09:44:19,924 [INFO] SENDING reqMktData b'\x00\x00\x00A1\x0011\x006\x000\x00HG\x00FUT\x00202606\x000.0\x00\x00\x00COMEX\x00\x00USD\x00\x00\x000\x00100,101,106,233\x000\x000\x00\x00'
2026-05-04 09:44:28,129 [INFO] disconnecting
2026-05-04 09:44:28,131 [INFO] ANSWER connectionClosed {}
2026-05-04 09:44:29,126 [INFO] sent startApi
2026-05-04 09:44:29,126 [INFO] REQUEST startApi {}
2026-05-04 09:44:29,126 [INFO] SENDING startApi b'\x00\x00\x00\t71\x002\x0050\x00\x00'
2026-05-04 09:44:29,126 [INFO] ANSWER connectAck {}
2026-05-04 09:44:29,128 [INFO] ANSWER managedAccounts {'accountsList': 'DUP838882'}
2026-05-04 09:44:29,399 [INFO] sent startApi
2026-05-04 09:44:29,399 [INFO] REQUEST startApi {}
2026-05-04 09:44:29,400 [INFO] SENDING startApi b'\x00\x00\x00\t71\x002\x0070\x00\x00'
2026-05-04 09:44:29,400 [INFO] ANSWER connectAck {}
2026-05-04 09:44:29,410 [INFO] ANSWER managedAccounts {'accountsList': 'DUP838882'}
2026-05-04 09:44:29,629 [INFO] REQUEST reqMktData {'reqId': 1, 'contract': 6296973856: 0,SQM,STK,,0.0,,,NYSE,,USD,,,False,,combo:, 'genericTickList': '100,101,106,233', 'snapshot': False, 'regulatorySnapshot': False, 'mktDataOptions': []}
2026-05-04 09:44:29,631 [INFO] SENDING reqMktData b'\x00\x00\x00;1\x0011\x001\x000\x00SQM\x00STK\x00\x000.0\x00\x00\x00NYSE\x00\x00USD\x00\x00\x000\x00100,101,106,233\x000\x000\x00\x00'
2026-05-04 09:44:29,837 [INFO] REQUEST reqMktData {'reqId': 2, 'contract': 6304777888: 0,ECH,STK,,0.0,,,NYSE,,USD,,,False,,combo:, 'genericTickList': '100,101,106,233', 'snapshot': False, 'regulatorySnapshot': False, 'mktDataOptions': []}
2026-05-04 09:44:29,837 [INFO] SENDING reqMktData b'\x00\x00\x00;1\x0011\x002\x000\x00ECH\x00STK\x00\x000.0\x00\x00\x00NYSE\x00\x00USD\x00\x00\x000\x00100,101,106,233\x000\x000\x00\x00'
2026-05-04 09:44:29,911 [INFO] REQUEST reqMktDepth {'reqId': 100, 'contract': 6419248368: 0,SQM,STK,,0.0,,,SN,,CLP,,,False,,combo:, 'numRows': 5, 'isSmartDepth': False, 'mktDepthOptions': []}
2026-05-04 09:44:29,911 [INFO] SENDING reqMktDepth b'\x00\x00\x00)10\x005\x00100\x000\x00SQM\x00STK\x00\x000.0\x00\x00\x00SN\x00\x00CLP\x00\x00\x005\x000\x00\x00'
2026-05-04 09:44:30,013 [INFO] REQUEST reqMktDepth {'reqId': 101, 'contract': 6296976496: 0,COPEC,STK,,0.0,,,SN,,CLP,,,False,,combo:, 'numRows': 5, 'isSmartDepth': False, 'mktDepthOptions': []}
2026-05-04 09:44:30,013 [INFO] SENDING reqMktDepth b'\x00\x00\x00+10\x005\x00101\x000\x00COPEC\x00STK\x00\x000.0\x00\x00\x00SN\x00\x00CLP\x00\x00\x005\x000\x00\x00'
2026-05-04 09:44:30,042 [INFO] REQUEST reqMktData {'reqId': 3, 'contract': 6295153056: 0,GLD,STK,,0.0,,,NYSE,,USD,,,False,,combo:, 'genericTickList': '100,101,106,233', 'snapshot': False, 'regulatorySnapshot': False, 'mktDataOptions': []}
2026-05-04 09:44:30,043 [INFO] SENDING reqMktData b'\x00\x00\x00;1\x0011\x003\x000\x00GLD\x00STK\x00\x000.0\x00\x00\x00NYSE\x00\x00USD\x00\x00\x000\x00100,101,106,233\x000\x000\x00\x00'
2026-05-04 09:44:30,128 [INFO] REQUEST reqMktDepth {'reqId': 102, 'contract': 6297121120: 0,BCI,STK,,0.0,,,SN,,CLP,,,False,,combo:, 'numRows': 5, 'isSmartDepth': False, 'mktDepthOptions': []}
2026-05-04 09:44:30,128 [INFO] SENDING reqMktDepth b'\x00\x00\x00)10\x005\x00102\x000\x00BCI\x00STK\x00\x000.0\x00\x00\x00SN\x00\x00CLP\x00\x00\x005\x000\x00\x00'
2026-05-04 09:44:30,233 [INFO] REQUEST reqMktDepth {'reqId': 103, 'contract': 6304931072: 0,BSAC,STK,,0.0,,,SMART,,USD,,,False,,combo:, 'numRows': 5, 'isSmartDepth': False, 'mktDepthOptions': []}
2026-05-04 09:44:30,234 [INFO] SENDING reqMktDepth b'\x00\x00\x00-10\x005\x00103\x000\x00BSAC\x00STK\x00\x000.0\x00\x00\x00SMART\x00\x00USD\x00\x00\x005\x000\x00\x00'
2026-05-04 09:44:30,248 [INFO] REQUEST reqMktData {'reqId': 4, 'contract': 6295566656: 0,SPY,STK,,0.0,,,NYSE,,USD,,,False,,combo:, 'genericTickList': '100,101,106,233', 'snapshot': False, 'regulatorySnapshot': False, 'mktDataOptions': []}
2026-05-04 09:44:30,248 [INFO] SENDING reqMktData b'\x00\x00\x00;1\x0011\x004\x000\x00SPY\x00STK\x00\x000.0\x00\x00\x00NYSE\x00\x00USD\x00\x00\x000\x00100,101,106,233\x000\x000\x00\x00'
2026-05-04 09:44:30,355 [INFO] REQUEST reqMktDepth {'reqId': 104, 'contract': 6310777568: 0,BCH,STK,,0.0,,,SMART,,USD,,,False,,combo:, 'numRows': 5, 'isSmartDepth': False, 'mktDepthOptions': []}
2026-05-04 09:44:30,356 [INFO] SENDING reqMktDepth b'\x00\x00\x00,10\x005\x00104\x000\x00BCH\x00STK\x00\x000.0\x00\x00\x00SMART\x00\x00USD\x00\x00\x005\x000\x00\x00'
2026-05-04 09:44:30,467 [INFO] REQUEST reqMktDepth {'reqId': 105, 'contract': 6304894448: 0,FALABELLA,STK,,0.0,,,SN,,CLP,,,False,,combo:, 'numRows': 5, 'isSmartDepth': False, 'mktDepthOptions': []}
2026-05-04 09:44:30,478 [INFO] REQUEST reqMktData {'reqId': 5, 'contract': 6297087808: 0,GC,FUT,202606,0.0,,,COMEX,,USD,,,False,,combo:, 'genericTickList': '100,101,106,233', 'snapshot': False, 'regulatorySnapshot': False, 'mktDataOptions': []}
2026-05-04 09:44:30,496 [INFO] SENDING reqMktDepth b'\x00\x00\x00/10\x005\x00105\x000\x00FALABELLA\x00STK\x00\x000.0\x00\x00\x00SN\x00\x00CLP\x00\x00\x005\x000\x00\x00'
2026-05-04 09:44:30,502 [INFO] SENDING reqMktData b'\x00\x00\x00A1\x0011\x005\x000\x00GC\x00FUT\x00202606\x000.0\x00\x00\x00COMEX\x00\x00USD\x00\x00\x000\x00100,101,106,233\x000\x000\x00\x00'
2026-05-04 09:44:30,634 [INFO] REQUEST reqMktDepth {'reqId': 106, 'contract': 6309448048: 0,CENCOSUD,STK,,0.0,,,SN,,CLP,,,False,,combo:, 'numRows': 5, 'isSmartDepth': False, 'mktDepthOptions': []}
2026-05-04 09:44:30,634 [INFO] SENDING reqMktDepth b'\x00\x00\x00.10\x005\x00106\x000\x00CENCOSUD\x00STK\x00\x000.0\x00\x00\x00SN\x00\x00CLP\x00\x00\x005\x000\x00\x00'
2026-05-04 09:44:30,739 [INFO] REQUEST reqMktDepth {'reqId': 107, 'contract': 6293496592: 0,CMPC,STK,,0.0,,,SN,,CLP,,,False,,combo:, 'numRows': 5, 'isSmartDepth': False, 'mktDepthOptions': []}
2026-05-04 09:44:30,740 [INFO] SENDING reqMktDepth b'\x00\x00\x00*10\x005\x00107\x000\x00CMPC\x00STK\x00\x000.0\x00\x00\x00SN\x00\x00CLP\x00\x00\x005\x000\x00\x00'
2026-05-04 09:44:30,755 [INFO] REQUEST reqMktData {'reqId': 6, 'contract': 6309445696: 0,HG,FUT,202606,0.0,,,COMEX,,USD,,,False,,combo:, 'genericTickList': '100,101,106,233', 'snapshot': False, 'regulatorySnapshot': False, 'mktDataOptions': []}
2026-05-04 09:44:30,756 [INFO] SENDING reqMktData b'\x00\x00\x00A1\x0011\x006\x000\x00HG\x00FUT\x00202606\x000.0\x00\x00\x00COMEX\x00\x00USD\x00\x00\x000\x00100,101,106,233\x000\x000\x00\x00'
2026-05-04 09:44:30,845 [INFO] REQUEST reqMktDepth {'reqId': 108, 'contract': 6305949728: 0,COLBUN,STK,,0.0,,,SN,,CLP,,,False,,combo:, 'numRows': 5, 'isSmartDepth': False, 'mktDepthOptions': []}
2026-05-04 09:44:30,845 [INFO] SENDING reqMktDepth b'\x00\x00\x00,10\x005\x00108\x000\x00COLBUN\x00STK\x00\x000.0\x00\x00\x00SN\x00\x00CLP\x00\x00\x005\x000\x00\x00'
2026-05-04 09:44:30,950 [INFO] REQUEST reqMktDepth {'reqId': 109, 'contract': 6297124288: 0,ENELCHILE,STK,,0.0,,,SN,,CLP,,,False,,combo:, 'numRows': 5, 'isSmartDepth': False, 'mktDepthOptions': []}
2026-05-04 09:44:30,950 [INFO] SENDING reqMktDepth b'\x00\x00\x00/10\x005\x00109\x000\x00ENELCHILE\x00STK\x00\x000.0\x00\x00\x00SN\x00\x00CLP\x00\x00\x005\x000\x00\x00'
2026-05-04 09:44:31,064 [INFO] REQUEST reqMktDepth {'reqId': 110, 'contract': 6309326080: 0,ENELAM,STK,,0.0,,,SN,,CLP,,,False,,combo:, 'numRows': 5, 'isSmartDepth': False, 'mktDepthOptions': []}
2026-05-04 09:44:31,066 [INFO] SENDING reqMktDepth b'\x00\x00\x00,10\x005\x00110\x000\x00ENELAM\x00STK\x00\x000.0\x00\x00\x00SN\x00\x00CLP\x00\x00\x005\x000\x00\x00'
2026-05-04 09:44:31,182 [INFO] REQUEST reqMktDepth {'reqId': 111, 'contract': 6305374368: 0,ENTEL,STK,,0.0,,,SN,,CLP,,,False,,combo:, 'numRows': 5, 'isSmartDepth': False, 'mktDepthOptions': []}
2026-05-04 09:44:31,182 [INFO] SENDING reqMktDepth b'\x00\x00\x00+10\x005\x00111\x000\x00ENTEL\x00STK\x00\x000.0\x00\x00\x00SN\x00\x00CLP\x00\x00\x005\x000\x00\x00'
2026-05-04 09:44:31,284 [ERROR] $CFR.SN: possibly delisted; no price data found  (period=3mo)
2026-05-04 09:44:31,295 [INFO] REQUEST reqMktDepth {'reqId': 112, 'contract': 6310719840: 0,LTM,STK,,0.0,,,SMART,,USD,,,False,,combo:, 'numRows': 5, 'isSmartDepth': False, 'mktDepthOptions': []}
2026-05-04 09:44:31,296 [INFO] SENDING reqMktDepth b'\x00\x00\x00,10\x005\x00112\x000\x00LTM\x00STK\x00\x000.0\x00\x00\x00SMART\x00\x00USD\x00\x00\x005\x000\x00\x00'
2026-05-04 09:44:31,402 [INFO] REQUEST reqMktDepth {'reqId': 113, 'contract': 6310555808: 0,CAP,STK,,0.0,,,SN,,CLP,,,False,,combo:, 'numRows': 5, 'isSmartDepth': False, 'mktDepthOptions': []}
2026-05-04 09:44:31,402 [INFO] SENDING reqMktDepth b'\x00\x00\x00)10\x005\x00113\x000\x00CAP\x00STK\x00\x000.0\x00\x00\x00SN\x00\x00CLP\x00\x00\x005\x000\x00\x00'
2026-05-04 09:44:31,467 [ERROR] $ENDESA.SN: possibly delisted; no price data found  (period=3mo)
2026-05-04 09:44:31,505 [INFO] REQUEST reqMktDepth {'reqId': 114, 'contract': 6310669472: 0,CCU,STK,,0.0,,,SN,,CLP,,,False,,combo:, 'numRows': 5, 'isSmartDepth': False, 'mktDepthOptions': []}
2026-05-04 09:44:31,509 [INFO] SENDING reqMktDepth b'\x00\x00\x00)10\x005\x00114\x000\x00CCU\x00STK\x00\x000.0\x00\x00\x00SN\x00\x00CLP\x00\x00\x005\x000\x00\x00'
2026-05-04 09:44:32,086 [ERROR] $BANMEDICA.SN: possibly delisted; no price data found  (period=3mo) (Yahoo error = "No data found, symbol may be delisted")
2026-05-04 09:44:38,964 [INFO] disconnecting
2026-05-04 09:44:38,965 [INFO] ANSWER connectionClosed {}
2026-05-04 09:44:39,627 [INFO] disconnecting
2026-05-04 09:44:39,628 [INFO] ANSWER connectionClosed {}
2026-05-04 09:44:47,282 [ERROR] $COPEC: possibly delisted; no price data found  (period=2d) (Yahoo error = "No data found, symbol may be delisted")
2026-05-04 09:45:00,767 [INFO] === CICLO AUTOMÁTICO INICIADO ===
2026-05-04 09:45:03,404 [INFO] sent startApi
2026-05-04 09:45:03,409 [INFO] REQUEST startApi {}
2026-05-04 09:45:03,444 [INFO] SENDING startApi b'\x00\x00\x00\t71\x002\x0050\x00\x00'
2026-05-04 09:45:03,456 [INFO] ANSWER connectAck {}
2026-05-04 09:45:03,461 [INFO] ANSWER managedAccounts {'accountsList': 'DUP838882'}
2026-05-04 09:45:03,992 [INFO] REQUEST reqMktData {'reqId': 1, 'contract': 4536498928: 0,SQM,STK,,0.0,,,NYSE,,USD,,,False,,combo:, 'genericTickList': '100,101,106,233', 'snapshot': False, 'regulatorySnapshot': False, 'mktDataOptions': []}
2026-05-04 09:45:03,993 [INFO] SENDING reqMktData b'\x00\x00\x00;1\x0011\x001\x000\x00SQM\x00STK\x00\x000.0\x00\x00\x00NYSE\x00\x00USD\x00\x00\x000\x00100,101,106,233\x000\x000\x00\x00'
2026-05-04 09:45:04,274 [INFO] REQUEST reqMktData {'reqId': 2, 'contract': 4537636368: 0,ECH,STK,,0.0,,,NYSE,,USD,,,False,,combo:, 'genericTickList': '100,101,106,233', 'snapshot': False, 'regulatorySnapshot': False, 'mktDataOptions': []}
2026-05-04 09:45:04,275 [INFO] SENDING reqMktData b'\x00\x00\x00;1\x0011\x002\x000\x00ECH\x00STK\x00\x000.0\x00\x00\x00NYSE\x00\x00USD\x00\x00\x000\x00100,101,106,233\x000\x000\x00\x00'
2026-05-04 09:45:04,511 [INFO] REQUEST reqMktData {'reqId': 3, 'contract': 4534739536: 0,GLD,STK,,0.0,,,NYSE,,USD,,,False,,combo:, 'genericTickList': '100,101,106,233', 'snapshot': False, 'regulatorySnapshot': False, 'mktDataOptions': []}
2026-05-04 09:45:04,511 [INFO] SENDING reqMktData b'\x00\x00\x00;1\x0011\x003\x000\x00GLD\x00STK\x00\x000.0\x00\x00\x00NYSE\x00\x00USD\x00\x00\x000\x00100,101,106,233\x000\x000\x00\x00'
2026-05-04 09:45:04,816 [INFO] REQUEST reqMktData {'reqId': 4, 'contract': 4536391328: 0,SPY,STK,,0.0,,,NYSE,,USD,,,False,,combo:, 'genericTickList': '100,101,106,233', 'snapshot': False, 'regulatorySnapshot': False, 'mktDataOptions': []}
2026-05-04 09:45:04,826 [INFO] SENDING reqMktData b'\x00\x00\x00;1\x0011\x004\x000\x00SPY\x00STK\x00\x000.0\x00\x00\x00NYSE\x00\x00USD\x00\x00\x000\x00100,101,106,233\x000\x000\x00\x00'
2026-05-04 09:45:04,905 [INFO] sent startApi
2026-05-04 09:45:04,905 [INFO] REQUEST startApi {}
2026-05-04 09:45:04,905 [INFO] SENDING startApi b'\x00\x00\x00\t71\x002\x0070\x00\x00'
2026-05-04 09:45:04,905 [INFO] ANSWER connectAck {}
2026-05-04 09:45:04,906 [INFO] ANSWER managedAccounts {'accountsList': 'DUP838882'}
2026-05-04 09:45:05,101 [INFO] REQUEST reqMktData {'reqId': 5, 'contract': 4535623344: 0,GC,FUT,202606,0.0,,,COMEX,,USD,,,False,,combo:, 'genericTickList': '100,101,106,233', 'snapshot': False, 'regulatorySnapshot': False, 'mktDataOptions': []}
2026-05-04 09:45:05,101 [INFO] SENDING reqMktData b'\x00\x00\x00A1\x0011\x005\x000\x00GC\x00FUT\x00202606\x000.0\x00\x00\x00COMEX\x00\x00USD\x00\x00\x000\x00100,101,106,233\x000\x000\x00\x00'
2026-05-04 09:45:05,373 [INFO] REQUEST reqMktData {'reqId': 6, 'contract': 4548345328: 0,HG,FUT,202606,0.0,,,COMEX,,USD,,,False,,combo:, 'genericTickList': '100,101,106,233', 'snapshot': False, 'regulatorySnapshot': False, 'mktDataOptions': []}
2026-05-04 09:45:05,373 [INFO] SENDING reqMktData b'\x00\x00\x00A1\x0011\x006\x000\x00HG\x00FUT\x00202606\x000.0\x00\x00\x00COMEX\x00\x00USD\x00\x00\x000\x00100,101,106,233\x000\x000\x00\x00'
2026-05-04 09:45:05,447 [INFO] REQUEST reqMktDepth {'reqId': 100, 'contract': 4548280432: 0,SQM,STK,,0.0,,,SN,,CLP,,,False,,combo:, 'numRows': 5, 'isSmartDepth': False, 'mktDepthOptions': []}
2026-05-04 09:45:05,450 [INFO] SENDING reqMktDepth b'\x00\x00\x00)10\x005\x00100\x000\x00SQM\x00STK\x00\x000.0\x00\x00\x00SN\x00\x00CLP\x00\x00\x005\x000\x00\x00'
2026-05-04 09:45:05,602 [INFO] REQUEST reqMktDepth {'reqId': 101, 'contract': 4548145696: 0,COPEC,STK,,0.0,,,SN,,CLP,,,False,,combo:, 'numRows': 5, 'isSmartDepth': False, 'mktDepthOptions': []}
2026-05-04 09:45:05,603 [INFO] SENDING reqMktDepth b'\x00\x00\x00+10\x005\x00101\x000\x00COPEC\x00STK\x00\x000.0\x00\x00\x00SN\x00\x00CLP\x00\x00\x005\x000\x00\x00'
2026-05-04 09:45:05,769 [INFO] REQUEST reqMktDepth {'reqId': 102, 'contract': 4537741952: 0,BCI,STK,,0.0,,,SN,,CLP,,,False,,combo:, 'numRows': 5, 'isSmartDepth': False, 'mktDepthOptions': []}
2026-05-04 09:45:05,769 [INFO] SENDING reqMktDepth b'\x00\x00\x00)10\x005\x00102\x000\x00BCI\x00STK\x00\x000.0\x00\x00\x00SN\x00\x00CLP\x00\x00\x005\x000\x00\x00'
2026-05-04 09:45:05,946 [INFO] REQUEST reqMktDepth {'reqId': 103, 'contract': 4548437952: 0,BSAC,STK,,0.0,,,SMART,,USD,,,False,,combo:, 'numRows': 5, 'isSmartDepth': False, 'mktDepthOptions': []}
2026-05-04 09:45:05,953 [INFO] SENDING reqMktDepth b'\x00\x00\x00-10\x005\x00103\x000\x00BSAC\x00STK\x00\x000.0\x00\x00\x00SMART\x00\x00USD\x00\x00\x005\x000\x00\x00'
2026-05-04 09:45:06,127 [INFO] REQUEST reqMktDepth {'reqId': 104, 'contract': 4548640624: 0,BCH,STK,,0.0,,,SMART,,USD,,,False,,combo:, 'numRows': 5, 'isSmartDepth': False, 'mktDepthOptions': []}
2026-05-04 09:45:06,136 [INFO] SENDING reqMktDepth b'\x00\x00\x00,10\x005\x00104\x000\x00BCH\x00STK\x00\x000.0\x00\x00\x00SMART\x00\x00USD\x00\x00\x005\x000\x00\x00'
2026-05-04 09:45:06,318 [INFO] REQUEST reqMktDepth {'reqId': 105, 'contract': 4548560256: 0,FALABELLA,STK,,0.0,,,SN,,CLP,,,False,,combo:, 'numRows': 5, 'isSmartDepth': False, 'mktDepthOptions': []}
2026-05-04 09:45:06,336 [INFO] SENDING reqMktDepth b'\x00\x00\x00/10\x005\x00105\x000\x00FALABELLA\x00STK\x00\x000.0\x00\x00\x00SN\x00\x00CLP\x00\x00\x005\x000\x00\x00'
2026-05-04 09:45:06,510 [INFO] REQUEST reqMktDepth {'reqId': 106, 'contract': 4534663440: 0,CENCOSUD,STK,,0.0,,,SN,,CLP,,,False,,combo:, 'numRows': 5, 'isSmartDepth': False, 'mktDepthOptions': []}
2026-05-04 09:45:06,519 [INFO] SENDING reqMktDepth b'\x00\x00\x00.10\x005\x00106\x000\x00CENCOSUD\x00STK\x00\x000.0\x00\x00\x00SN\x00\x00CLP\x00\x00\x005\x000\x00\x00'
2026-05-04 09:45:06,716 [INFO] REQUEST reqMktDepth {'reqId': 107, 'contract': 4537635360: 0,CMPC,STK,,0.0,,,SN,,CLP,,,False,,combo:, 'numRows': 5, 'isSmartDepth': False, 'mktDepthOptions': []}
2026-05-04 09:45:06,723 [INFO] SENDING reqMktDepth b'\x00\x00\x00*10\x005\x00107\x000\x00CMPC\x00STK\x00\x000.0\x00\x00\x00SN\x00\x00CLP\x00\x00\x005\x000\x00\x00'
2026-05-04 09:45:06,933 [INFO] REQUEST reqMktDepth {'reqId': 108, 'contract': 4534741120: 0,COLBUN,STK,,0.0,,,SN,,CLP,,,False,,combo:, 'numRows': 5, 'isSmartDepth': False, 'mktDepthOptions': []}
2026-05-04 09:45:06,936 [INFO] SENDING reqMktDepth b'\x00\x00\x00,10\x005\x00108\x000\x00COLBUN\x00STK\x00\x000.0\x00\x00\x00SN\x00\x00CLP\x00\x00\x005\x000\x00\x00'
2026-05-04 09:45:07,108 [INFO] REQUEST reqMktDepth {'reqId': 109, 'contract': 4550240048: 0,ENELCHILE,STK,,0.0,,,SN,,CLP,,,False,,combo:, 'numRows': 5, 'isSmartDepth': False, 'mktDepthOptions': []}
2026-05-04 09:45:07,109 [INFO] SENDING reqMktDepth b'\x00\x00\x00/10\x005\x00109\x000\x00ENELCHILE\x00STK\x00\x000.0\x00\x00\x00SN\x00\x00CLP\x00\x00\x005\x000\x00\x00'
2026-05-04 09:45:07,164 [ERROR] $CFR.SN: possibly delisted; no price data found  (period=3mo)
2026-05-04 09:45:07,308 [INFO] REQUEST reqMktDepth {'reqId': 110, 'contract': 4534979024: 0,ENELAM,STK,,0.0,,,SN,,CLP,,,False,,combo:, 'numRows': 5, 'isSmartDepth': False, 'mktDepthOptions': []}
2026-05-04 09:45:07,309 [INFO] SENDING reqMktDepth b'\x00\x00\x00,10\x005\x00110\x000\x00ENELAM\x00STK\x00\x000.0\x00\x00\x00SN\x00\x00CLP\x00\x00\x005\x000\x00\x00'
2026-05-04 09:45:07,332 [ERROR] $ENDESA.SN: possibly delisted; no price data found  (period=3mo)
2026-05-04 09:45:07,483 [INFO] REQUEST reqMktDepth {'reqId': 111, 'contract': 4548339648: 0,ENTEL,STK,,0.0,,,SN,,CLP,,,False,,combo:, 'numRows': 5, 'isSmartDepth': False, 'mktDepthOptions': []}
2026-05-04 09:45:07,489 [INFO] SENDING reqMktDepth b'\x00\x00\x00+10\x005\x00111\x000\x00ENTEL\x00STK\x00\x000.0\x00\x00\x00SN\x00\x00CLP\x00\x00\x005\x000\x00\x00'
2026-05-04 09:45:07,628 [INFO] REQUEST reqMktDepth {'reqId': 112, 'contract': 4548561264: 0,LTM,STK,,0.0,,,SMART,,USD,,,False,,combo:, 'numRows': 5, 'isSmartDepth': False, 'mktDepthOptions': []}
2026-05-04 09:45:07,629 [INFO] SENDING reqMktDepth b'\x00\x00\x00,10\x005\x00112\x000\x00LTM\x00STK\x00\x000.0\x00\x00\x00SMART\x00\x00USD\x00\x00\x005\x000\x00\x00'
2026-05-04 09:45:07,820 [INFO] REQUEST reqMktDepth {'reqId': 113, 'contract': 4536390464: 0,CAP,STK,,0.0,,,SN,,CLP,,,False,,combo:, 'numRows': 5, 'isSmartDepth': False, 'mktDepthOptions': []}
2026-05-04 09:45:07,840 [INFO] SENDING reqMktDepth b'\x00\x00\x00)10\x005\x00113\x000\x00CAP\x00STK\x00\x000.0\x00\x00\x00SN\x00\x00CLP\x00\x00\x005\x000\x00\x00'
2026-05-04 09:45:08,047 [INFO] REQUEST reqMktDepth {'reqId': 114, 'contract': 4548368320: 0,CCU,STK,,0.0,,,SN,,CLP,,,False,,combo:, 'numRows': 5, 'isSmartDepth': False, 'mktDepthOptions': []}
2026-05-04 09:45:08,048 [INFO] SENDING reqMktDepth b'\x00\x00\x00)10\x005\x00114\x000\x00CCU\x00STK\x00\x000.0\x00\x00\x00SN\x00\x00CLP\x00\x00\x005\x000\x00\x00'
2026-05-04 09:45:10,563 [ERROR] $BANMEDICA.SN: possibly delisted; no price data found  (period=3mo) (Yahoo error = "No data found, symbol may be delisted")
2026-05-04 09:45:13,668 [INFO] disconnecting
2026-05-04 09:45:13,670 [INFO] ANSWER connectionClosed {}
2026-05-04 09:45:16,343 [INFO] disconnecting
2026-05-04 09:45:16,347 [INFO] ANSWER connectionClosed {}
2026-05-04 09:45:22,277 [ERROR] $COPEC.SN: possibly delisted; no price data found  (period=1d)
2026-05-04 09:45:22,676 [ERROR] $COPEC.SN: possibly delisted; no price data found  (period=1d)
2026-05-04 09:45:22,801 [INFO] sent startApi
2026-05-04 09:45:22,802 [INFO] REQUEST startApi {}
2026-05-04 09:45:22,802 [INFO] SENDING startApi b'\x00\x00\x00\t71\x002\x0030\x00\x00'
2026-05-04 09:45:22,802 [INFO] ANSWER connectAck {}
2026-05-04 09:45:22,812 [INFO] ANSWER managedAccounts {'accountsList': 'DUP838882'}
2026-05-04 09:45:23,865 [INFO] REQUEST placeOrder {'orderId': 4, 'contract': 4547619904: 0,COPEC,STK,,0.0,,,SMART,,USD,,,False,,combo:, 'order': 4547618656: 0,0,0: LMT BUY 1@6350.980000 }
2026-05-04 09:45:23,866 [INFO] SENDING placeOrder b'\x00\x00\x01<3\x004\x000\x00COPEC\x00STK\x00\x000.0\x00\x00\x00SMART\x00\x00USD\x00\x00\x00\x00\x00BUY\x001\x00LMT\x006350.98\x00\x00\x00\x00\x00\x000\x00\x001\x000\x000\x000\x000\x000\x000\x000\x00\x000\x00\x00\x00\x00\x00\x00\x00\x000\x00\x00-1\x000\x00\x00\x000\x00\x00\x000\x000\x00\x000\x00\x00\x00\x00\x00\x000\x00\x00\x00\x00\x000\x00\x00\x00\x00\x00\x00\x00\x00\x00\x00\x000\x00\x00\x000\x000\x00\x00\x000\x00\x000\x000\x000\x000\x00\x001.7976931348623157e+308\x001.7976931348623157e+308\x001.7976931348623157e+308\x001.7976931348623157e+308\x001.7976931348623157e+308\x000\x00\x00\x00\x001.7976931348623157e+308\x00\x00\x00\x00\x000\x000\x000\x00\x00'
2026-05-04 09:45:26,882 [INFO] disconnecting
2026-05-04 09:45:26,882 [INFO] ANSWER connectionClosed {}
2026-05-04 09:45:27,982 [INFO] CIERRE: COPEC | TAKE PROFIT | PnL +0.00%
2026-05-04 09:45:40,612 [INFO] APERTURA: VENDER COPEC | Conv 78.7% | Riesgo 1/10
2026-05-04 09:45:40,645 [INFO] sent startApi
2026-05-04 09:45:40,645 [INFO] REQUEST startApi {}
2026-05-04 09:45:40,645 [INFO] SENDING startApi b'\x00\x00\x00\t71\x002\x0010\x00\x00'
2026-05-04 09:45:40,645 [INFO] ANSWER connectAck {}
2026-05-04 09:45:40,647 [INFO] ANSWER managedAccounts {'accountsList': 'DUP838882'}
2026-05-04 09:45:41,728 [INFO] REQUEST placeOrder {'orderId': 11, 'contract': 4552446544: 0,COPEC,STK,,0.0,,,SN,,CLP,,,False,,combo:, 'order': 4552446352: 0,0,0: MKT SELL 1@179769313486231570814527423731704356798070567525844996598917476803157260780028538760589558632766878171540458953514382464234321326889464182768467546703537516986049910576551282076245490090389328944075868508455133942304583236903222948165808559332123348274797826204144723168738177180919299881250404026184124858368.000000 }
2026-05-04 09:45:41,728 [INFO] SENDING placeOrder b'\x00\x00\x0143\x0011\x000\x00COPEC\x00STK\x00\x000.0\x00\x00\x00SN\x00\x00CLP\x00\x00\x00\x00\x00SELL\x001\x00MKT\x00\x00\x00\x00\x00\x00\x000\x00\x000\x000\x000\x000\x000\x000\x000\x000\x00\x000\x00\x00\x00\x00\x00\x00\x00\x000\x00\x00-1\x000\x00\x00\x000\x00\x00\x000\x000\x00\x000\x00\x00\x00\x00\x00\x000\x00\x00\x00\x00\x000\x00\x00\x00\x00\x00\x00\x00\x00\x00\x00\x000\x00\x00\x000\x000\x00\x00\x000\x00\x000\x000\x000\x000\x00\x001.7976931348623157e+308\x001.7976931348623157e+308\x001.7976931348623157e+308\x001.7976931348623157e+308\x001.7976931348623157e+308\x000\x00\x00\x00\x001.7976931348623157e+308\x00\x00\x00\x00\x000\x000\x000\x00\x00'
2026-05-04 09:45:41,956 [INFO] REQUEST placeOrder {'orderId': 12, 'contract': 4552446544: 0,COPEC,STK,,0.0,,,SN,,CLP,,,False,,combo:, 'order': 4552446304: 0,0,0: STP BUY 1@179769313486231570814527423731704356798070567525844996598917476803157260780028538760589558632766878171540458953514382464234321326889464182768467546703537516986049910576551282076245490090389328944075868508455133942304583236903222948165808559332123348274797826204144723168738177180919299881250404026184124858368.000000 }
2026-05-04 09:45:41,957 [INFO] SENDING placeOrder b'\x00\x00\x01;3\x0012\x000\x00COPEC\x00STK\x00\x000.0\x00\x00\x00SN\x00\x00CLP\x00\x00\x00\x00\x00BUY\x001\x00STP\x00\x006407.74\x00\x00\x00\x00\x000\x00\x000\x0011\x000\x000\x000\x000\x000\x000\x00\x000\x00\x00\x00\x00\x00\x00\x00\x000\x00\x00-1\x000\x00\x00\x000\x00\x00\x000\x000\x00\x000\x00\x00\x00\x00\x00\x000\x00\x00\x00\x00\x000\x00\x00\x00\x00\x00\x00\x00\x00\x00\x00\x000\x00\x00\x000\x000\x00\x00\x000\x00\x000\x000\x000\x000\x00\x001.7976931348623157e+308\x001.7976931348623157e+308\x001.7976931348623157e+308\x001.7976931348623157e+308\x001.7976931348623157e+308\x000\x00\x00\x00\x001.7976931348623157e+308\x00\x00\x00\x00\x000\x000\x000\x00\x00'
2026-05-04 09:45:42,181 [INFO] REQUEST placeOrder {'orderId': 13, 'contract': 4552446544: 0,COPEC,STK,,0.0,,,SN,,CLP,,,False,,combo:, 'order': 4552446016: 0,0,0: LMT BUY 1@6350.980000 }
2026-05-04 09:45:42,182 [INFO] SENDING placeOrder b'\x00\x00\x01;3\x0013\x000\x00COPEC\x00STK\x00\x000.0\x00\x00\x00SN\x00\x00CLP\x00\x00\x00\x00\x00BUY\x001\x00LMT\x006350.98\x00\x00\x00\x00\x00\x000\x00\x001\x0011\x000\x000\x000\x000\x000\x000\x00\x000\x00\x00\x00\x00\x00\x00\x00\x000\x00\x00-1\x000\x00\x00\x000\x00\x00\x000\x000\x00\x000\x00\x00\x00\x00\x00\x000\x00\x00\x00\x00\x000\x00\x00\x00\x00\x00\x00\x00\x00\x00\x00\x000\x00\x00\x000\x000\x00\x00\x000\x00\x000\x000\x000\x000\x00\x001.7976931348623157e+308\x001.7976931348623157e+308\x001.7976931348623157e+308\x001.7976931348623157e+308\x001.7976931348623157e+308\x000\x00\x00\x00\x001.7976931348623157e+308\x00\x00\x00\x00\x000\x000\x000\x00\x00'
2026-05-04 09:45:44,071 [INFO] disconnecting
2026-05-04 09:45:44,071 [INFO] ANSWER connectionClosed {}
2026-05-04 09:45:44,081 [INFO] Ciclo completado: 1 aperturas, 1 cierres
2026-05-04 09:45:44,083 [INFO] Ciclo completado: 1 aperturas, 1 cierres, 3 rechazadas
2026-05-04 09:50:00,849 [INFO] === CICLO AUTOMÁTICO INICIADO ===
2026-05-04 09:50:03,515 [INFO] sent startApi
2026-05-04 09:50:03,515 [INFO] REQUEST startApi {}
2026-05-04 09:50:03,515 [INFO] SENDING startApi b'\x00\x00\x00\t71\x002\x0050\x00\x00'
2026-05-04 09:50:03,515 [INFO] ANSWER connectAck {}
2026-05-04 09:50:03,519 [INFO] ANSWER managedAccounts {'accountsList': 'DUP838882'}
2026-05-04 09:50:04,023 [INFO] REQUEST reqMktData {'reqId': 1, 'contract': 4471676064: 0,SQM,STK,,0.0,,,NYSE,,USD,,,False,,combo:, 'genericTickList': '100,101,106,233', 'snapshot': False, 'regulatorySnapshot': False, 'mktDataOptions': []}
2026-05-04 09:50:04,065 [INFO] SENDING reqMktData b'\x00\x00\x00;1\x0011\x001\x000\x00SQM\x00STK\x00\x000.0\x00\x00\x00NYSE\x00\x00USD\x00\x00\x000\x00100,101,106,233\x000\x000\x00\x00'
2026-05-04 09:50:04,281 [INFO] REQUEST reqMktData {'reqId': 2, 'contract': 4458655024: 0,ECH,STK,,0.0,,,NYSE,,USD,,,False,,combo:, 'genericTickList': '100,101,106,233', 'snapshot': False, 'regulatorySnapshot': False, 'mktDataOptions': []}
2026-05-04 09:50:04,281 [INFO] SENDING reqMktData b'\x00\x00\x00;1\x0011\x002\x000\x00ECH\x00STK\x00\x000.0\x00\x00\x00NYSE\x00\x00USD\x00\x00\x000\x00100,101,106,233\x000\x000\x00\x00'
2026-05-04 09:50:04,495 [INFO] REQUEST reqMktData {'reqId': 3, 'contract': 4470770416: 0,GLD,STK,,0.0,,,NYSE,,USD,,,False,,combo:, 'genericTickList': '100,101,106,233', 'snapshot': False, 'regulatorySnapshot': False, 'mktDataOptions': []}
2026-05-04 09:50:04,495 [INFO] SENDING reqMktData b'\x00\x00\x00;1\x0011\x003\x000\x00GLD\x00STK\x00\x000.0\x00\x00\x00NYSE\x00\x00USD\x00\x00\x000\x00100,101,106,233\x000\x000\x00\x00'
2026-05-04 09:50:04,742 [INFO] REQUEST reqMktData {'reqId': 4, 'contract': 4458655120: 0,SPY,STK,,0.0,,,NYSE,,USD,,,False,,combo:, 'genericTickList': '100,101,106,233', 'snapshot': False, 'regulatorySnapshot': False, 'mktDataOptions': []}
2026-05-04 09:50:04,752 [INFO] SENDING reqMktData b'\x00\x00\x00;1\x0011\x004\x000\x00SPY\x00STK\x00\x000.0\x00\x00\x00NYSE\x00\x00USD\x00\x00\x000\x00100,101,106,233\x000\x000\x00\x00'
2026-05-04 09:50:04,982 [INFO] REQUEST reqMktData {'reqId': 5, 'contract': 4470769744: 0,GC,FUT,202606,0.0,,,COMEX,,USD,,,False,,combo:, 'genericTickList': '100,101,106,233', 'snapshot': False, 'regulatorySnapshot': False, 'mktDataOptions': []}
2026-05-04 09:50:04,983 [INFO] SENDING reqMktData b'\x00\x00\x00A1\x0011\x005\x000\x00GC\x00FUT\x00202606\x000.0\x00\x00\x00COMEX\x00\x00USD\x00\x00\x000\x00100,101,106,233\x000\x000\x00\x00'
2026-05-04 09:50:05,185 [INFO] REQUEST reqMktData {'reqId': 6, 'contract': 4458787744: 0,HG,FUT,202606,0.0,,,COMEX,,USD,,,False,,combo:, 'genericTickList': '100,101,106,233', 'snapshot': False, 'regulatorySnapshot': False, 'mktDataOptions': []}
2026-05-04 09:50:05,186 [INFO] SENDING reqMktData b'\x00\x00\x00A1\x0011\x006\x000\x00HG\x00FUT\x00202606\x000.0\x00\x00\x00COMEX\x00\x00USD\x00\x00\x000\x00100,101,106,233\x000\x000\x00\x00'
2026-05-04 09:50:05,994 [INFO] sent startApi
2026-05-04 09:50:05,998 [INFO] REQUEST startApi {}
2026-05-04 09:50:05,998 [INFO] SENDING startApi b'\x00\x00\x00\t71\x002\x0070\x00\x00'
2026-05-04 09:50:05,999 [INFO] ANSWER connectAck {}
2026-05-04 09:50:06,002 [INFO] ANSWER managedAccounts {'accountsList': 'DUP838882'}
2026-05-04 09:50:06,548 [INFO] REQUEST reqMktDepth {'reqId': 100, 'contract': 4472117472: 0,SQM,STK,,0.0,,,SN,,CLP,,,False,,combo:, 'numRows': 5, 'isSmartDepth': False, 'mktDepthOptions': []}
2026-05-04 09:50:06,558 [INFO] SENDING reqMktDepth b'\x00\x00\x00)10\x005\x00100\x000\x00SQM\x00STK\x00\x000.0\x00\x00\x00SN\x00\x00CLP\x00\x00\x005\x000\x00\x00'
2026-05-04 09:50:06,699 [INFO] REQUEST reqMktDepth {'reqId': 101, 'contract': 4472158000: 0,COPEC,STK,,0.0,,,SN,,CLP,,,False,,combo:, 'numRows': 5, 'isSmartDepth': False, 'mktDepthOptions': []}
2026-05-04 09:50:06,700 [INFO] SENDING reqMktDepth b'\x00\x00\x00+10\x005\x00101\x000\x00COPEC\x00STK\x00\x000.0\x00\x00\x00SN\x00\x00CLP\x00\x00\x005\x000\x00\x00'
2026-05-04 09:50:06,819 [INFO] REQUEST reqMktDepth {'reqId': 102, 'contract': 4472118960: 0,BCI,STK,,0.0,,,SN,,CLP,,,False,,combo:, 'numRows': 5, 'isSmartDepth': False, 'mktDepthOptions': []}
2026-05-04 09:50:06,823 [INFO] SENDING reqMktDepth b'\x00\x00\x00)10\x005\x00102\x000\x00BCI\x00STK\x00\x000.0\x00\x00\x00SN\x00\x00CLP\x00\x00\x005\x000\x00\x00'
2026-05-04 09:50:06,991 [INFO] REQUEST reqMktDepth {'reqId': 103, 'contract': 4472233696: 0,BSAC,STK,,0.0,,,SMART,,USD,,,False,,combo:, 'numRows': 5, 'isSmartDepth': False, 'mktDepthOptions': []}
2026-05-04 09:50:06,991 [INFO] SENDING reqMktDepth b'\x00\x00\x00-10\x005\x00103\x000\x00BSAC\x00STK\x00\x000.0\x00\x00\x00SMART\x00\x00USD\x00\x00\x005\x000\x00\x00'
2026-05-04 09:50:07,117 [INFO] REQUEST reqMktDepth {'reqId': 104, 'contract': 4471464960: 0,BCH,STK,,0.0,,,SMART,,USD,,,False,,combo:, 'numRows': 5, 'isSmartDepth': False, 'mktDepthOptions': []}
2026-05-04 09:50:07,119 [INFO] SENDING reqMktDepth b'\x00\x00\x00,10\x005\x00104\x000\x00BCH\x00STK\x00\x000.0\x00\x00\x00SMART\x00\x00USD\x00\x00\x005\x000\x00\x00'
2026-05-04 09:50:07,257 [ERROR] $CFR.SN: possibly delisted; no price data found  (period=3mo)
2026-05-04 09:50:07,278 [INFO] REQUEST reqMktDepth {'reqId': 105, 'contract': 4458546272: 0,FALABELLA,STK,,0.0,,,SN,,CLP,,,False,,combo:, 'numRows': 5, 'isSmartDepth': False, 'mktDepthOptions': []}
2026-05-04 09:50:07,359 [INFO] SENDING reqMktDepth b'\x00\x00\x00/10\x005\x00105\x000\x00FALABELLA\x00STK\x00\x000.0\x00\x00\x00SN\x00\x00CLP\x00\x00\x005\x000\x00\x00'
2026-05-04 09:50:07,522 [ERROR] $ENDESA.SN: possibly delisted; no price data found  (period=3mo)
2026-05-04 09:50:07,552 [INFO] REQUEST reqMktDepth {'reqId': 106, 'contract': 4459271600: 0,CENCOSUD,STK,,0.0,,,SN,,CLP,,,False,,combo:, 'numRows': 5, 'isSmartDepth': False, 'mktDepthOptions': []}
2026-05-04 09:50:07,553 [INFO] SENDING reqMktDepth b'\x00\x00\x00.10\x005\x00106\x000\x00CENCOSUD\x00STK\x00\x000.0\x00\x00\x00SN\x00\x00CLP\x00\x00\x005\x000\x00\x00'
2026-05-04 09:50:07,706 [INFO] REQUEST reqMktDepth {'reqId': 107, 'contract': 4472176304: 0,CMPC,STK,,0.0,,,SN,,CLP,,,False,,combo:, 'numRows': 5, 'isSmartDepth': False, 'mktDepthOptions': []}
2026-05-04 09:50:07,707 [INFO] SENDING reqMktDepth b'\x00\x00\x00*10\x005\x00107\x000\x00CMPC\x00STK\x00\x000.0\x00\x00\x00SN\x00\x00CLP\x00\x00\x005\x000\x00\x00'
2026-05-04 09:50:07,874 [INFO] REQUEST reqMktDepth {'reqId': 108, 'contract': 4473711584: 0,COLBUN,STK,,0.0,,,SN,,CLP,,,False,,combo:, 'numRows': 5, 'isSmartDepth': False, 'mktDepthOptions': []}
2026-05-04 09:50:07,875 [INFO] SENDING reqMktDepth b'\x00\x00\x00,10\x005\x00108\x000\x00COLBUN\x00STK\x00\x000.0\x00\x00\x00SN\x00\x00CLP\x00\x00\x005\x000\x00\x00'
2026-05-04 09:50:08,048 [INFO] REQUEST reqMktDepth {'reqId': 109, 'contract': 4472206480: 0,ENELCHILE,STK,,0.0,,,SN,,CLP,,,False,,combo:, 'numRows': 5, 'isSmartDepth': False, 'mktDepthOptions': []}
2026-05-04 09:50:08,048 [INFO] SENDING reqMktDepth b'\x00\x00\x00/10\x005\x00109\x000\x00ENELCHILE\x00STK\x00\x000.0\x00\x00\x00SN\x00\x00CLP\x00\x00\x005\x000\x00\x00'
2026-05-04 09:50:08,224 [INFO] REQUEST reqMktDepth {'reqId': 110, 'contract': 4472208832: 0,ENELAM,STK,,0.0,,,SN,,CLP,,,False,,combo:, 'numRows': 5, 'isSmartDepth': False, 'mktDepthOptions': []}
2026-05-04 09:50:08,225 [INFO] SENDING reqMktDepth b'\x00\x00\x00,10\x005\x00110\x000\x00ENELAM\x00STK\x00\x000.0\x00\x00\x00SN\x00\x00CLP\x00\x00\x005\x000\x00\x00'
2026-05-04 09:50:08,412 [INFO] REQUEST reqMktDepth {'reqId': 111, 'contract': 4472157952: 0,ENTEL,STK,,0.0,,,SN,,CLP,,,False,,combo:, 'numRows': 5, 'isSmartDepth': False, 'mktDepthOptions': []}
2026-05-04 09:50:08,438 [INFO] SENDING reqMktDepth b'\x00\x00\x00+10\x005\x00111\x000\x00ENTEL\x00STK\x00\x000.0\x00\x00\x00SN\x00\x00CLP\x00\x00\x005\x000\x00\x00'
2026-05-04 09:50:08,638 [INFO] REQUEST reqMktDepth {'reqId': 112, 'contract': 4471592608: 0,LTM,STK,,0.0,,,SMART,,USD,,,False,,combo:, 'numRows': 5, 'isSmartDepth': False, 'mktDepthOptions': []}
2026-05-04 09:50:08,639 [INFO] SENDING reqMktDepth b'\x00\x00\x00,10\x005\x00112\x000\x00LTM\x00STK\x00\x000.0\x00\x00\x00SMART\x00\x00USD\x00\x00\x005\x000\x00\x00'
2026-05-04 09:50:08,802 [INFO] REQUEST reqMktDepth {'reqId': 113, 'contract': 4471819424: 0,CAP,STK,,0.0,,,SN,,CLP,,,False,,combo:, 'numRows': 5, 'isSmartDepth': False, 'mktDepthOptions': []}
2026-05-04 09:50:08,803 [INFO] SENDING reqMktDepth b'\x00\x00\x00)10\x005\x00113\x000\x00CAP\x00STK\x00\x000.0\x00\x00\x00SN\x00\x00CLP\x00\x00\x005\x000\x00\x00'
2026-05-04 09:50:08,959 [INFO] REQUEST reqMktDepth {'reqId': 114, 'contract': 4473894800: 0,CCU,STK,,0.0,,,SN,,CLP,,,False,,combo:, 'numRows': 5, 'isSmartDepth': False, 'mktDepthOptions': []}
2026-05-04 09:50:08,959 [INFO] SENDING reqMktDepth b'\x00\x00\x00)10\x005\x00114\x000\x00CCU\x00STK\x00\x000.0\x00\x00\x00SN\x00\x00CLP\x00\x00\x005\x000\x00\x00'
2026-05-04 09:50:10,195 [ERROR] $BANMEDICA.SN: possibly delisted; no price data found  (period=3mo) (Yahoo error = "No data found, symbol may be delisted")
2026-05-04 09:50:13,538 [INFO] disconnecting
2026-05-04 09:50:13,599 [INFO] ANSWER connectionClosed {}
2026-05-04 09:50:13,613 [INFO] disconnecting
2026-05-04 09:50:17,141 [INFO] disconnecting
2026-05-04 09:50:17,142 [INFO] ANSWER connectionClosed {}
2026-05-04 09:50:24,848 [ERROR] $COPEC.SN: possibly delisted; no price data found  (period=1d)
2026-05-04 09:50:25,650 [ERROR] $COPEC.SN: possibly delisted; no price data found  (period=1d)
2026-05-04 09:50:25,955 [INFO] sent startApi
2026-05-04 09:50:25,961 [INFO] REQUEST startApi {}
2026-05-04 09:50:25,961 [INFO] SENDING startApi b'\x00\x00\x00\t71\x002\x0030\x00\x00'
2026-05-04 09:50:25,961 [INFO] ANSWER connectAck {}
2026-05-04 09:50:25,966 [INFO] ANSWER managedAccounts {'accountsList': 'DUP838882'}
2026-05-04 09:50:27,044 [INFO] REQUEST placeOrder {'orderId': 5, 'contract': 4458622688: 0,COPEC,STK,,0.0,,,SMART,,USD,,,False,,combo:, 'order': 4458620576: 0,0,0: LMT BUY 1@6350.980000 }
2026-05-04 09:50:27,048 [INFO] SENDING placeOrder b'\x00\x00\x01<3\x005\x000\x00COPEC\x00STK\x00\x000.0\x00\x00\x00SMART\x00\x00USD\x00\x00\x00\x00\x00BUY\x001\x00LMT\x006350.98\x00\x00\x00\x00\x00\x000\x00\x001\x000\x000\x000\x000\x000\x000\x000\x00\x000\x00\x00\x00\x00\x00\x00\x00\x000\x00\x00-1\x000\x00\x00\x000\x00\x00\x000\x000\x00\x000\x00\x00\x00\x00\x00\x000\x00\x00\x00\x00\x000\x00\x00\x00\x00\x00\x00\x00\x00\x00\x00\x000\x00\x00\x000\x000\x00\x00\x000\x00\x000\x000\x000\x000\x00\x001.7976931348623157e+308\x001.7976931348623157e+308\x001.7976931348623157e+308\x001.7976931348623157e+308\x001.7976931348623157e+308\x000\x00\x00\x00\x001.7976931348623157e+308\x00\x00\x00\x00\x000\x000\x000\x00\x00'
2026-05-04 09:50:30,101 [INFO] disconnecting
2026-05-04 09:50:30,105 [INFO] ANSWER connectionClosed {}
2026-05-04 09:50:31,560 [INFO] CIERRE: COPEC | TAKE PROFIT | PnL +0.00%
2026-05-04 09:50:39,962 [INFO] APERTURA: VENDER COPEC | Conv 77.6% | Riesgo 1/10
2026-05-04 09:50:39,992 [INFO] sent startApi
2026-05-04 09:50:39,992 [INFO] REQUEST startApi {}
2026-05-04 09:50:39,992 [INFO] SENDING startApi b'\x00\x00\x00\t71\x002\x0010\x00\x00'
2026-05-04 09:50:39,992 [INFO] ANSWER connectAck {}
2026-05-04 09:50:39,999 [INFO] ANSWER managedAccounts {'accountsList': 'DUP838882'}
2026-05-04 09:50:41,077 [INFO] REQUEST placeOrder {'orderId': 11, 'contract': 4459783744: 0,COPEC,STK,,0.0,,,SN,,CLP,,,False,,combo:, 'order': 4459785088: 0,0,0: MKT SELL 1@179769313486231570814527423731704356798070567525844996598917476803157260780028538760589558632766878171540458953514382464234321326889464182768467546703537516986049910576551282076245490090389328944075868508455133942304583236903222948165808559332123348274797826204144723168738177180919299881250404026184124858368.000000 }
2026-05-04 09:50:41,078 [INFO] SENDING placeOrder b'\x00\x00\x0143\x0011\x000\x00COPEC\x00STK\x00\x000.0\x00\x00\x00SN\x00\x00CLP\x00\x00\x00\x00\x00SELL\x001\x00MKT\x00\x00\x00\x00\x00\x00\x000\x00\x000\x000\x000\x000\x000\x000\x000\x000\x00\x000\x00\x00\x00\x00\x00\x00\x00\x000\x00\x00-1\x000\x00\x00\x000\x00\x00\x000\x000\x00\x000\x00\x00\x00\x00\x00\x000\x00\x00\x00\x00\x000\x00\x00\x00\x00\x00\x00\x00\x00\x00\x00\x000\x00\x00\x000\x000\x00\x00\x000\x00\x000\x000\x000\x000\x00\x001.7976931348623157e+308\x001.7976931348623157e+308\x001.7976931348623157e+308\x001.7976931348623157e+308\x001.7976931348623157e+308\x000\x00\x00\x00\x001.7976931348623157e+308\x00\x00\x00\x00\x000\x000\x000\x00\x00'
2026-05-04 09:50:41,286 [INFO] REQUEST placeOrder {'orderId': 12, 'contract': 4459783744: 0,COPEC,STK,,0.0,,,SN,,CLP,,,False,,combo:, 'order': 4459782256: 0,0,0: STP BUY 1@179769313486231570814527423731704356798070567525844996598917476803157260780028538760589558632766878171540458953514382464234321326889464182768467546703537516986049910576551282076245490090389328944075868508455133942304583236903222948165808559332123348274797826204144723168738177180919299881250404026184124858368.000000 }
2026-05-04 09:50:41,286 [INFO] SENDING placeOrder b'\x00\x00\x01;3\x0012\x000\x00COPEC\x00STK\x00\x000.0\x00\x00\x00SN\x00\x00CLP\x00\x00\x00\x00\x00BUY\x001\x00STP\x00\x006407.74\x00\x00\x00\x00\x000\x00\x000\x0011\x000\x000\x000\x000\x000\x000\x00\x000\x00\x00\x00\x00\x00\x00\x00\x000\x00\x00-1\x000\x00\x00\x000\x00\x00\x000\x000\x00\x000\x00\x00\x00\x00\x00\x000\x00\x00\x00\x00\x000\x00\x00\x00\x00\x00\x00\x00\x00\x00\x00\x000\x00\x00\x000\x000\x00\x00\x000\x00\x000\x000\x000\x000\x00\x001.7976931348623157e+308\x001.7976931348623157e+308\x001.7976931348623157e+308\x001.7976931348623157e+308\x001.7976931348623157e+308\x000\x00\x00\x00\x001.7976931348623157e+308\x00\x00\x00\x00\x000\x000\x000\x00\x00'
2026-05-04 09:50:41,559 [INFO] REQUEST placeOrder {'orderId': 13, 'contract': 4459783744: 0,COPEC,STK,,0.0,,,SN,,CLP,,,False,,combo:, 'order': 4459686688: 0,0,0: LMT BUY 1@6350.980000 }
2026-05-04 09:50:41,559 [INFO] SENDING placeOrder b'\x00\x00\x01;3\x0013\x000\x00COPEC\x00STK\x00\x000.0\x00\x00\x00SN\x00\x00CLP\x00\x00\x00\x00\x00BUY\x001\x00LMT\x006350.98\x00\x00\x00\x00\x00\x000\x00\x001\x0011\x000\x000\x000\x000\x000\x000\x00\x000\x00\x00\x00\x00\x00\x00\x00\x000\x00\x00-1\x000\x00\x00\x000\x00\x00\x000\x000\x00\x000\x00\x00\x00\x00\x00\x000\x00\x00\x00\x00\x000\x00\x00\x00\x00\x00\x00\x00\x00\x00\x00\x000\x00\x00\x000\x000\x00\x00\x000\x00\x000\x000\x000\x000\x00\x001.7976931348623157e+308\x001.7976931348623157e+308\x001.7976931348623157e+308\x001.7976931348623157e+308\x001.7976931348623157e+308\x000\x00\x00\x00\x001.7976931348623157e+308\x00\x00\x00\x00\x000\x000\x000\x00\x00'
2026-05-04 09:50:43,365 [INFO] disconnecting
2026-05-04 09:50:43,366 [INFO] ANSWER connectionClosed {}
2026-05-04 09:50:43,426 [INFO] Ciclo completado: 1 aperturas, 1 cierres
2026-05-04 09:50:43,431 [INFO] Ciclo completado: 1 aperturas, 1 cierres, 3 rechazadas
2026-05-04 09:55:01,449 [INFO] === CICLO AUTOMÁTICO INICIADO ===
2026-05-04 09:55:07,711 [INFO] sent startApi
2026-05-04 09:55:07,712 [INFO] REQUEST startApi {}
2026-05-04 09:55:07,712 [INFO] SENDING startApi b'\x00\x00\x00\t71\x002\x0050\x00\x00'
2026-05-04 09:55:07,712 [INFO] ANSWER connectAck {}
2026-05-04 09:55:07,725 [INFO] ANSWER managedAccounts {'accountsList': 'DUP838882'}
2026-05-04 09:55:08,293 [INFO] REQUEST reqMktData {'reqId': 1, 'contract': 4905085920: 0,SQM,STK,,0.0,,,NYSE,,USD,,,False,,combo:, 'genericTickList': '100,101,106,233', 'snapshot': False, 'regulatorySnapshot': False, 'mktDataOptions': []}
2026-05-04 09:55:08,294 [INFO] SENDING reqMktData b'\x00\x00\x00;1\x0011\x001\x000\x00SQM\x00STK\x00\x000.0\x00\x00\x00NYSE\x00\x00USD\x00\x00\x000\x00100,101,106,233\x000\x000\x00\x00'
2026-05-04 09:55:08,495 [INFO] sent startApi
2026-05-04 09:55:08,496 [INFO] REQUEST startApi {}
2026-05-04 09:55:08,496 [INFO] SENDING startApi b'\x00\x00\x00\t71\x002\x0070\x00\x00'
2026-05-04 09:55:08,496 [INFO] ANSWER connectAck {}
2026-05-04 09:55:08,498 [INFO] ANSWER managedAccounts {'accountsList': 'DUP838882'}
2026-05-04 09:55:08,566 [INFO] REQUEST reqMktData {'reqId': 2, 'contract': 4905085872: 0,ECH,STK,,0.0,,,NYSE,,USD,,,False,,combo:, 'genericTickList': '100,101,106,233', 'snapshot': False, 'regulatorySnapshot': False, 'mktDataOptions': []}
2026-05-04 09:55:08,566 [INFO] SENDING reqMktData b'\x00\x00\x00;1\x0011\x002\x000\x00ECH\x00STK\x00\x000.0\x00\x00\x00NYSE\x00\x00USD\x00\x00\x000\x00100,101,106,233\x000\x000\x00\x00'
2026-05-04 09:55:08,837 [INFO] REQUEST reqMktData {'reqId': 3, 'contract': 4897328336: 0,GLD,STK,,0.0,,,NYSE,,USD,,,False,,combo:, 'genericTickList': '100,101,106,233', 'snapshot': False, 'regulatorySnapshot': False, 'mktDataOptions': []}
2026-05-04 09:55:08,838 [INFO] SENDING reqMktData b'\x00\x00\x00;1\x0011\x003\x000\x00GLD\x00STK\x00\x000.0\x00\x00\x00NYSE\x00\x00USD\x00\x00\x000\x00100,101,106,233\x000\x000\x00\x00'
2026-05-04 09:55:09,071 [INFO] REQUEST reqMktData {'reqId': 4, 'contract': 4896320480: 0,SPY,STK,,0.0,,,NYSE,,USD,,,False,,combo:, 'genericTickList': '100,101,106,233', 'snapshot': False, 'regulatorySnapshot': False, 'mktDataOptions': []}
2026-05-04 09:55:09,071 [INFO] SENDING reqMktData b'\x00\x00\x00;1\x0011\x004\x000\x00SPY\x00STK\x00\x000.0\x00\x00\x00NYSE\x00\x00USD\x00\x00\x000\x00100,101,106,233\x000\x000\x00\x00'
2026-05-04 09:55:09,072 [INFO] REQUEST reqMktDepth {'reqId': 100, 'contract': 4897328336: 0,SQM,STK,,0.0,,,SN,,CLP,,,False,,combo:, 'numRows': 5, 'isSmartDepth': False, 'mktDepthOptions': []}
2026-05-04 09:55:09,072 [INFO] SENDING reqMktDepth b'\x00\x00\x00)10\x005\x00100\x000\x00SQM\x00STK\x00\x000.0\x00\x00\x00SN\x00\x00CLP\x00\x00\x005\x000\x00\x00'
2026-05-04 09:55:09,208 [INFO] REQUEST reqMktDepth {'reqId': 101, 'contract': 4897791952: 0,COPEC,STK,,0.0,,,SN,,CLP,,,False,,combo:, 'numRows': 5, 'isSmartDepth': False, 'mktDepthOptions': []}
2026-05-04 09:55:09,208 [INFO] SENDING reqMktDepth b'\x00\x00\x00+10\x005\x00101\x000\x00COPEC\x00STK\x00\x000.0\x00\x00\x00SN\x00\x00CLP\x00\x00\x005\x000\x00\x00'
2026-05-04 09:55:09,346 [INFO] REQUEST reqMktData {'reqId': 5, 'contract': 4895509136: 0,GC,FUT,202606,0.0,,,COMEX,,USD,,,False,,combo:, 'genericTickList': '100,101,106,233', 'snapshot': False, 'regulatorySnapshot': False, 'mktDataOptions': []}
2026-05-04 09:55:09,346 [INFO] SENDING reqMktData b'\x00\x00\x00A1\x0011\x005\x000\x00GC\x00FUT\x00202606\x000.0\x00\x00\x00COMEX\x00\x00USD\x00\x00\x000\x00100,101,106,233\x000\x000\x00\x00'
2026-05-04 09:55:09,393 [INFO] REQUEST reqMktDepth {'reqId': 102, 'contract': 4908964112: 0,BCI,STK,,0.0,,,SN,,CLP,,,False,,combo:, 'numRows': 5, 'isSmartDepth': False, 'mktDepthOptions': []}
2026-05-04 09:55:09,418 [INFO] SENDING reqMktDepth b'\x00\x00\x00)10\x005\x00102\x000\x00BCI\x00STK\x00\x000.0\x00\x00\x00SN\x00\x00CLP\x00\x00\x005\x000\x00\x00'
2026-05-04 09:55:09,632 [INFO] REQUEST reqMktDepth {'reqId': 103, 'contract': 4897396672: 0,BSAC,STK,,0.0,,,SMART,,USD,,,False,,combo:, 'numRows': 5, 'isSmartDepth': False, 'mktDepthOptions': []}
2026-05-04 09:55:09,633 [INFO] SENDING reqMktDepth b'\x00\x00\x00-10\x005\x00103\x000\x00BSAC\x00STK\x00\x000.0\x00\x00\x00SMART\x00\x00USD\x00\x00\x005\x000\x00\x00'
2026-05-04 09:55:09,641 [INFO] REQUEST reqMktData {'reqId': 6, 'contract': 4897397968: 0,HG,FUT,202606,0.0,,,COMEX,,USD,,,False,,combo:, 'genericTickList': '100,101,106,233', 'snapshot': False, 'regulatorySnapshot': False, 'mktDataOptions': []}
2026-05-04 09:55:09,641 [INFO] SENDING reqMktData b'\x00\x00\x00A1\x0011\x006\x000\x00HG\x00FUT\x00202606\x000.0\x00\x00\x00COMEX\x00\x00USD\x00\x00\x000\x00100,101,106,233\x000\x000\x00\x00'
2026-05-04 09:55:09,800 [INFO] REQUEST reqMktDepth {'reqId': 104, 'contract': 4909054704: 0,BCH,STK,,0.0,,,SMART,,USD,,,False,,combo:, 'numRows': 5, 'isSmartDepth': False, 'mktDepthOptions': []}
2026-05-04 09:55:09,800 [INFO] SENDING reqMktDepth b'\x00\x00\x00,10\x005\x00104\x000\x00BCH\x00STK\x00\x000.0\x00\x00\x00SMART\x00\x00USD\x00\x00\x005\x000\x00\x00'
2026-05-04 09:55:09,959 [INFO] REQUEST reqMktDepth {'reqId': 105, 'contract': 4904971760: 0,FALABELLA,STK,,0.0,,,SN,,CLP,,,False,,combo:, 'numRows': 5, 'isSmartDepth': False, 'mktDepthOptions': []}
2026-05-04 09:55:09,960 [INFO] SENDING reqMktDepth b'\x00\x00\x00/10\x005\x00105\x000\x00FALABELLA\x00STK\x00\x000.0\x00\x00\x00SN\x00\x00CLP\x00\x00\x005\x000\x00\x00'
2026-05-04 09:55:10,083 [INFO] REQUEST reqMktDepth {'reqId': 106, 'contract': 4897450592: 0,CENCOSUD,STK,,0.0,,,SN,,CLP,,,False,,combo:, 'numRows': 5, 'isSmartDepth': False, 'mktDepthOptions': []}
2026-05-04 09:55:10,084 [INFO] SENDING reqMktDepth b'\x00\x00\x00.10\x005\x00106\x000\x00CENCOSUD\x00STK\x00\x000.0\x00\x00\x00SN\x00\x00CLP\x00\x00\x005\x000\x00\x00'
2026-05-04 09:55:10,205 [INFO] REQUEST reqMktDepth {'reqId': 107, 'contract': 4908715600: 0,CMPC,STK,,0.0,,,SN,,CLP,,,False,,combo:, 'numRows': 5, 'isSmartDepth': False, 'mktDepthOptions': []}
2026-05-04 09:55:10,208 [INFO] SENDING reqMktDepth b'\x00\x00\x00*10\x005\x00107\x000\x00CMPC\x00STK\x00\x000.0\x00\x00\x00SN\x00\x00CLP\x00\x00\x005\x000\x00\x00'
2026-05-04 09:55:10,390 [INFO] REQUEST reqMktDepth {'reqId': 108, 'contract': 4909282496: 0,COLBUN,STK,,0.0,,,SN,,CLP,,,False,,combo:, 'numRows': 5, 'isSmartDepth': False, 'mktDepthOptions': []}
2026-05-04 09:55:10,393 [INFO] SENDING reqMktDepth b'\x00\x00\x00,10\x005\x00108\x000\x00COLBUN\x00STK\x00\x000.0\x00\x00\x00SN\x00\x00CLP\x00\x00\x005\x000\x00\x00'
2026-05-04 09:55:10,556 [INFO] REQUEST reqMktDepth {'reqId': 109, 'contract': 4909054416: 0,ENELCHILE,STK,,0.0,,,SN,,CLP,,,False,,combo:, 'numRows': 5, 'isSmartDepth': False, 'mktDepthOptions': []}
2026-05-04 09:55:10,556 [INFO] SENDING reqMktDepth b'\x00\x00\x00/10\x005\x00109\x000\x00ENELCHILE\x00STK\x00\x000.0\x00\x00\x00SN\x00\x00CLP\x00\x00\x005\x000\x00\x00'
2026-05-04 09:55:10,723 [INFO] REQUEST reqMktDepth {'reqId': 110, 'contract': 4909413664: 0,ENELAM,STK,,0.0,,,SN,,CLP,,,False,,combo:, 'numRows': 5, 'isSmartDepth': False, 'mktDepthOptions': []}
2026-05-04 09:55:10,727 [INFO] SENDING reqMktDepth b'\x00\x00\x00,10\x005\x00110\x000\x00ENELAM\x00STK\x00\x000.0\x00\x00\x00SN\x00\x00CLP\x00\x00\x005\x000\x00\x00'
2026-05-04 09:55:10,899 [INFO] REQUEST reqMktDepth {'reqId': 111, 'contract': 4909033792: 0,ENTEL,STK,,0.0,,,SN,,CLP,,,False,,combo:, 'numRows': 5, 'isSmartDepth': False, 'mktDepthOptions': []}
2026-05-04 09:55:10,917 [INFO] SENDING reqMktDepth b'\x00\x00\x00+10\x005\x00111\x000\x00ENTEL\x00STK\x00\x000.0\x00\x00\x00SN\x00\x00CLP\x00\x00\x005\x000\x00\x00'
2026-05-04 09:55:11,071 [INFO] REQUEST reqMktDepth {'reqId': 112, 'contract': 4910889808: 0,LTM,STK,,0.0,,,SMART,,USD,,,False,,combo:, 'numRows': 5, 'isSmartDepth': False, 'mktDepthOptions': []}
2026-05-04 09:55:11,093 [INFO] SENDING reqMktDepth b'\x00\x00\x00,10\x005\x00112\x000\x00LTM\x00STK\x00\x000.0\x00\x00\x00SMART\x00\x00USD\x00\x00\x005\x000\x00\x00'
2026-05-04 09:55:11,276 [INFO] REQUEST reqMktDepth {'reqId': 113, 'contract': 4908783312: 0,CAP,STK,,0.0,,,SN,,CLP,,,False,,combo:, 'numRows': 5, 'isSmartDepth': False, 'mktDepthOptions': []}
2026-05-04 09:55:11,277 [INFO] SENDING reqMktDepth b'\x00\x00\x00)10\x005\x00113\x000\x00CAP\x00STK\x00\x000.0\x00\x00\x00SN\x00\x00CLP\x00\x00\x005\x000\x00\x00'
2026-05-04 09:55:11,458 [INFO] REQUEST reqMktDepth {'reqId': 114, 'contract': 4896453728: 0,CCU,STK,,0.0,,,SN,,CLP,,,False,,combo:, 'numRows': 5, 'isSmartDepth': False, 'mktDepthOptions': []}
2026-05-04 09:55:11,458 [INFO] SENDING reqMktDepth b'\x00\x00\x00)10\x005\x00114\x000\x00CCU\x00STK\x00\x000.0\x00\x00\x00SN\x00\x00CLP\x00\x00\x005\x000\x00\x00'
2026-05-04 09:55:12,325 [ERROR] $CFR.SN: possibly delisted; no price data found  (period=3mo)
2026-05-04 09:55:12,670 [ERROR] $ENDESA.SN: possibly delisted; no price data found  (period=3mo)
2026-05-04 09:55:15,049 [ERROR] $BANMEDICA.SN: possibly delisted; no price data found  (period=3mo) (Yahoo error = "No data found, symbol may be delisted")
2026-05-04 09:55:17,974 [INFO] disconnecting
2026-05-04 09:55:17,975 [INFO] ANSWER connectionClosed {}
2026-05-04 09:55:19,703 [INFO] disconnecting
2026-05-04 09:55:19,703 [INFO] ANSWER connectionClosed {}
2026-05-04 09:55:29,562 [ERROR] $COPEC.SN: possibly delisted; no price data found  (period=1d)
2026-05-04 09:55:30,041 [ERROR] $COPEC.SN: possibly delisted; no price data found  (period=1d)
2026-05-04 09:55:30,162 [INFO] sent startApi
2026-05-04 09:55:30,162 [INFO] REQUEST startApi {}
2026-05-04 09:55:30,162 [INFO] SENDING startApi b'\x00\x00\x00\t71\x002\x0030\x00\x00'
2026-05-04 09:55:30,162 [INFO] ANSWER connectAck {}
2026-05-04 09:55:30,166 [INFO] ANSWER managedAccounts {'accountsList': 'DUP838882'}
2026-05-04 09:55:31,215 [INFO] REQUEST placeOrder {'orderId': 6, 'contract': 4895253936: 0,COPEC,STK,,0.0,,,SMART,,USD,,,False,,combo:, 'order': 4895254512: 0,0,0: LMT BUY 1@6350.980000 }
2026-05-04 09:55:31,215 [INFO] SENDING placeOrder b'\x00\x00\x01<3\x006\x000\x00COPEC\x00STK\x00\x000.0\x00\x00\x00SMART\x00\x00USD\x00\x00\x00\x00\x00BUY\x001\x00LMT\x006350.98\x00\x00\x00\x00\x00\x000\x00\x001\x000\x000\x000\x000\x000\x000\x000\x00\x000\x00\x00\x00\x00\x00\x00\x00\x000\x00\x00-1\x000\x00\x00\x000\x00\x00\x000\x000\x00\x000\x00\x00\x00\x00\x00\x000\x00\x00\x00\x00\x000\x00\x00\x00\x00\x00\x00\x00\x00\x00\x00\x000\x00\x00\x000\x000\x00\x00\x000\x00\x000\x000\x000\x000\x00\x001.7976931348623157e+308\x001.7976931348623157e+308\x001.7976931348623157e+308\x001.7976931348623157e+308\x001.7976931348623157e+308\x000\x00\x00\x00\x001.7976931348623157e+308\x00\x00\x00\x00\x000\x000\x000\x00\x00'
2026-05-04 09:55:34,277 [INFO] disconnecting
2026-05-04 09:55:34,278 [INFO] ANSWER connectionClosed {}
2026-05-04 09:55:35,432 [INFO] CIERRE: COPEC | TAKE PROFIT | PnL +0.00%
2026-05-04 09:55:43,895 [INFO] APERTURA: VENDER COPEC | Conv 77.6% | Riesgo 1/10
2026-05-04 09:55:43,917 [INFO] sent startApi
2026-05-04 09:55:43,917 [INFO] REQUEST startApi {}
2026-05-04 09:55:43,917 [INFO] SENDING startApi b'\x00\x00\x00\t71\x002\x0010\x00\x00'
2026-05-04 09:55:43,917 [INFO] ANSWER connectAck {}
2026-05-04 09:55:43,919 [INFO] ANSWER managedAccounts {'accountsList': 'DUP838882'}
2026-05-04 09:55:44,988 [INFO] REQUEST placeOrder {'orderId': 11, 'contract': 4908398048: 0,COPEC,STK,,0.0,,,SN,,CLP,,,False,,combo:, 'order': 4908400160: 0,0,0: MKT SELL 1@179769313486231570814527423731704356798070567525844996598917476803157260780028538760589558632766878171540458953514382464234321326889464182768467546703537516986049910576551282076245490090389328944075868508455133942304583236903222948165808559332123348274797826204144723168738177180919299881250404026184124858368.000000 }
2026-05-04 09:55:44,988 [INFO] SENDING placeOrder b'\x00\x00\x0143\x0011\x000\x00COPEC\x00STK\x00\x000.0\x00\x00\x00SN\x00\x00CLP\x00\x00\x00\x00\x00SELL\x001\x00MKT\x00\x00\x00\x00\x00\x00\x000\x00\x000\x000\x000\x000\x000\x000\x000\x000\x00\x000\x00\x00\x00\x00\x00\x00\x00\x000\x00\x00-1\x000\x00\x00\x000\x00\x00\x000\x000\x00\x000\x00\x00\x00\x00\x00\x000\x00\x00\x00\x00\x000\x00\x00\x00\x00\x00\x00\x00\x00\x00\x00\x000\x00\x00\x000\x000\x00\x00\x000\x00\x000\x000\x000\x000\x00\x001.7976931348623157e+308\x001.7976931348623157e+308\x001.7976931348623157e+308\x001.7976931348623157e+308\x001.7976931348623157e+308\x000\x00\x00\x00\x001.7976931348623157e+308\x00\x00\x00\x00\x000\x000\x000\x00\x00'
2026-05-04 09:55:45,245 [INFO] REQUEST placeOrder {'orderId': 12, 'contract': 4908398048: 0,COPEC,STK,,0.0,,,SN,,CLP,,,False,,combo:, 'order': 4895254752: 0,0,0: STP BUY 1@179769313486231570814527423731704356798070567525844996598917476803157260780028538760589558632766878171540458953514382464234321326889464182768467546703537516986049910576551282076245490090389328944075868508455133942304583236903222948165808559332123348274797826204144723168738177180919299881250404026184124858368.000000 }
2026-05-04 09:55:45,245 [INFO] SENDING placeOrder b'\x00\x00\x01;3\x0012\x000\x00COPEC\x00STK\x00\x000.0\x00\x00\x00SN\x00\x00CLP\x00\x00\x00\x00\x00BUY\x001\x00STP\x00\x006407.74\x00\x00\x00\x00\x000\x00\x000\x0011\x000\x000\x000\x000\x000\x000\x00\x000\x00\x00\x00\x00\x00\x00\x00\x000\x00\x00-1\x000\x00\x00\x000\x00\x00\x000\x000\x00\x000\x00\x00\x00\x00\x00\x000\x00\x00\x00\x00\x000\x00\x00\x00\x00\x00\x00\x00\x00\x00\x00\x000\x00\x00\x000\x000\x00\x00\x000\x00\x000\x000\x000\x000\x00\x001.7976931348623157e+308\x001.7976931348623157e+308\x001.7976931348623157e+308\x001.7976931348623157e+308\x001.7976931348623157e+308\x000\x00\x00\x00\x001.7976931348623157e+308\x00\x00\x00\x00\x000\x000\x000\x00\x00'
2026-05-04 09:55:45,512 [INFO] REQUEST placeOrder {'orderId': 13, 'contract': 4908398048: 0,COPEC,STK,,0.0,,,SN,,CLP,,,False,,combo:, 'order': 4895255184: 0,0,0: LMT BUY 1@6350.980000 }
2026-05-04 09:55:45,513 [INFO] SENDING placeOrder b'\x00\x00\x01;3\x0013\x000\x00COPEC\x00STK\x00\x000.0\x00\x00\x00SN\x00\x00CLP\x00\x00\x00\x00\x00BUY\x001\x00LMT\x006350.98\x00\x00\x00\x00\x00\x000\x00\x001\x0011\x000\x000\x000\x000\x000\x000\x00\x000\x00\x00\x00\x00\x00\x00\x00\x000\x00\x00-1\x000\x00\x00\x000\x00\x00\x000\x000\x00\x000\x00\x00\x00\x00\x00\x000\x00\x00\x00\x00\x000\x00\x00\x00\x00\x00\x00\x00\x00\x00\x00\x000\x00\x00\x000\x000\x00\x00\x000\x00\x000\x000\x000\x000\x00\x001.7976931348623157e+308\x001.7976931348623157e+308\x001.7976931348623157e+308\x001.7976931348623157e+308\x001.7976931348623157e+308\x000\x00\x00\x00\x001.7976931348623157e+308\x00\x00\x00\x00\x000\x000\x000\x00\x00'
2026-05-04 09:55:47,400 [INFO] disconnecting
2026-05-04 09:55:47,401 [INFO] ANSWER connectionClosed {}
2026-05-04 09:55:47,406 [INFO] Ciclo completado: 1 aperturas, 1 cierres
2026-05-04 09:55:47,407 [INFO] Ciclo completado: 1 aperturas, 1 cierres, 3 rechazadas
2026-05-04 09:57:55,522 [ERROR] $COPEC.SN: possibly delisted; no price data found  (period=1d)
2026-05-04 09:57:55,996 [ERROR] $COPEC.SN: possibly delisted; no price data found  (period=1d)
2026-05-04 09:57:56,130 [INFO] sent startApi
2026-05-04 09:57:56,130 [INFO] REQUEST startApi {}
2026-05-04 09:57:56,130 [INFO] SENDING startApi b'\x00\x00\x00\t71\x002\x0030\x00\x00'
2026-05-04 09:57:56,131 [INFO] ANSWER connectAck {}
2026-05-04 09:57:56,133 [INFO] ANSWER managedAccounts {'accountsList': 'DUP838882'}
2026-05-04 09:57:57,139 [INFO] REQUEST placeOrder {'orderId': 7, 'contract': 6294331888: 0,COPEC,STK,,0.0,,,SMART,,USD,,,False,,combo:, 'order': 6298512352: 0,0,0: LMT BUY 1@6350.980000 }
2026-05-04 09:57:57,141 [INFO] SENDING placeOrder b'\x00\x00\x01<3\x007\x000\x00COPEC\x00STK\x00\x000.0\x00\x00\x00SMART\x00\x00USD\x00\x00\x00\x00\x00BUY\x001\x00LMT\x006350.98\x00\x00\x00\x00\x00\x000\x00\x001\x000\x000\x000\x000\x000\x000\x000\x00\x000\x00\x00\x00\x00\x00\x00\x00\x000\x00\x00-1\x000\x00\x00\x000\x00\x00\x000\x000\x00\x000\x00\x00\x00\x00\x00\x000\x00\x00\x00\x00\x000\x00\x00\x00\x00\x00\x00\x00\x00\x00\x00\x000\x00\x00\x000\x000\x00\x00\x000\x00\x000\x000\x000\x000\x00\x001.7976931348623157e+308\x001.7976931348623157e+308\x001.7976931348623157e+308\x001.7976931348623157e+308\x001.7976931348623157e+308\x000\x00\x00\x00\x001.7976931348623157e+308\x00\x00\x00\x00\x000\x000\x000\x00\x00'
2026-05-04 09:58:00,151 [INFO] disconnecting
2026-05-04 09:58:00,156 [INFO] ANSWER connectionClosed {}
2026-05-04 09:58:01,506 [INFO] CIERRE: COPEC | TAKE PROFIT | PnL +0.00%
2026-05-04 09:58:14,144 [INFO] APERTURA: VENDER COPEC | Conv 77.0% | Riesgo 1/10
2026-05-04 09:58:14,181 [INFO] sent startApi
2026-05-04 09:58:14,182 [INFO] REQUEST startApi {}
2026-05-04 09:58:14,182 [INFO] SENDING startApi b'\x00\x00\x00\t71\x002\x0010\x00\x00'
2026-05-04 09:58:14,182 [INFO] ANSWER connectAck {}
2026-05-04 09:58:14,184 [INFO] ANSWER managedAccounts {'accountsList': 'DUP838882'}
2026-05-04 09:58:15,188 [INFO] REQUEST placeOrder {'orderId': 11, 'contract': 6308394128: 0,COPEC,STK,,0.0,,,SN,,CLP,,,False,,combo:, 'order': 6305268688: 0,0,0: MKT SELL 1@179769313486231570814527423731704356798070567525844996598917476803157260780028538760589558632766878171540458953514382464234321326889464182768467546703537516986049910576551282076245490090389328944075868508455133942304583236903222948165808559332123348274797826204144723168738177180919299881250404026184124858368.000000 }
2026-05-04 09:58:15,189 [INFO] SENDING placeOrder b'\x00\x00\x0143\x0011\x000\x00COPEC\x00STK\x00\x000.0\x00\x00\x00SN\x00\x00CLP\x00\x00\x00\x00\x00SELL\x001\x00MKT\x00\x00\x00\x00\x00\x00\x000\x00\x000\x000\x000\x000\x000\x000\x000\x000\x00\x000\x00\x00\x00\x00\x00\x00\x00\x000\x00\x00-1\x000\x00\x00\x000\x00\x00\x000\x000\x00\x000\x00\x00\x00\x00\x00\x000\x00\x00\x00\x00\x000\x00\x00\x00\x00\x00\x00\x00\x00\x00\x00\x000\x00\x00\x000\x000\x00\x00\x000\x00\x000\x000\x000\x000\x00\x001.7976931348623157e+308\x001.7976931348623157e+308\x001.7976931348623157e+308\x001.7976931348623157e+308\x001.7976931348623157e+308\x000\x00\x00\x00\x001.7976931348623157e+308\x00\x00\x00\x00\x000\x000\x000\x00\x00'
2026-05-04 09:58:15,390 [INFO] REQUEST placeOrder {'orderId': 12, 'contract': 6308394128: 0,COPEC,STK,,0.0,,,SN,,CLP,,,False,,combo:, 'order': 6389766224: 0,0,0: STP BUY 1@179769313486231570814527423731704356798070567525844996598917476803157260780028538760589558632766878171540458953514382464234321326889464182768467546703537516986049910576551282076245490090389328944075868508455133942304583236903222948165808559332123348274797826204144723168738177180919299881250404026184124858368.000000 }
2026-05-04 09:58:15,390 [INFO] SENDING placeOrder b'\x00\x00\x01;3\x0012\x000\x00COPEC\x00STK\x00\x000.0\x00\x00\x00SN\x00\x00CLP\x00\x00\x00\x00\x00BUY\x001\x00STP\x00\x006407.74\x00\x00\x00\x00\x000\x00\x000\x0011\x000\x000\x000\x000\x000\x000\x00\x000\x00\x00\x00\x00\x00\x00\x00\x000\x00\x00-1\x000\x00\x00\x000\x00\x00\x000\x000\x00\x000\x00\x00\x00\x00\x00\x000\x00\x00\x00\x00\x000\x00\x00\x00\x00\x00\x00\x00\x00\x00\x00\x000\x00\x00\x000\x000\x00\x00\x000\x00\x000\x000\x000\x000\x00\x001.7976931348623157e+308\x001.7976931348623157e+308\x001.7976931348623157e+308\x001.7976931348623157e+308\x001.7976931348623157e+308\x000\x00\x00\x00\x001.7976931348623157e+308\x00\x00\x00\x00\x000\x000\x000\x00\x00'
2026-05-04 09:58:15,596 [INFO] REQUEST placeOrder {'orderId': 13, 'contract': 6308394128: 0,COPEC,STK,,0.0,,,SN,,CLP,,,False,,combo:, 'order': 6410989088: 0,0,0: LMT BUY 1@6350.980000 }
2026-05-04 09:58:15,596 [INFO] SENDING placeOrder b'\x00\x00\x01;3\x0013\x000\x00COPEC\x00STK\x00\x000.0\x00\x00\x00SN\x00\x00CLP\x00\x00\x00\x00\x00BUY\x001\x00LMT\x006350.98\x00\x00\x00\x00\x00\x000\x00\x001\x0011\x000\x000\x000\x000\x000\x000\x00\x000\x00\x00\x00\x00\x00\x00\x00\x000\x00\x00-1\x000\x00\x00\x000\x00\x00\x000\x000\x00\x000\x00\x00\x00\x00\x00\x000\x00\x00\x00\x00\x000\x00\x00\x00\x00\x00\x00\x00\x00\x00\x00\x000\x00\x00\x000\x000\x00\x00\x000\x00\x000\x000\x000\x000\x00\x001.7976931348623157e+308\x001.7976931348623157e+308\x001.7976931348623157e+308\x001.7976931348623157e+308\x001.7976931348623157e+308\x000\x00\x00\x00\x001.7976931348623157e+308\x00\x00\x00\x00\x000\x000\x000\x00\x00'
2026-05-04 09:58:17,308 [INFO] disconnecting
2026-05-04 09:58:17,308 [INFO] ANSWER connectionClosed {}
2026-05-04 09:58:17,313 [INFO] Ciclo completado: 1 aperturas, 1 cierres
2026-05-04 09:59:28,681 [INFO] sent startApi
2026-05-04 09:59:28,683 [INFO] REQUEST startApi {}
2026-05-04 09:59:28,683 [INFO] SENDING startApi b'\x00\x00\x00\t71\x002\x0050\x00\x00'
2026-05-04 09:59:28,683 [INFO] ANSWER connectAck {}
2026-05-04 09:59:28,687 [INFO] ANSWER managedAccounts {'accountsList': 'DUP838882'}
2026-05-04 09:59:29,191 [INFO] REQUEST reqMktData {'reqId': 1, 'contract': 6294640816: 0,SQM,STK,,0.0,,,NYSE,,USD,,,False,,combo:, 'genericTickList': '100,101,106,233', 'snapshot': False, 'regulatorySnapshot': False, 'mktDataOptions': []}
2026-05-04 09:59:29,191 [INFO] SENDING reqMktData b'\x00\x00\x00;1\x0011\x001\x000\x00SQM\x00STK\x00\x000.0\x00\x00\x00NYSE\x00\x00USD\x00\x00\x000\x00100,101,106,233\x000\x000\x00\x00'
2026-05-04 09:59:29,395 [INFO] REQUEST reqMktData {'reqId': 2, 'contract': 6292824608: 0,ECH,STK,,0.0,,,NYSE,,USD,,,False,,combo:, 'genericTickList': '100,101,106,233', 'snapshot': False, 'regulatorySnapshot': False, 'mktDataOptions': []}
2026-05-04 09:59:29,395 [INFO] SENDING reqMktData b'\x00\x00\x00;1\x0011\x002\x000\x00ECH\x00STK\x00\x000.0\x00\x00\x00NYSE\x00\x00USD\x00\x00\x000\x00100,101,106,233\x000\x000\x00\x00'
2026-05-04 09:59:29,597 [INFO] REQUEST reqMktData {'reqId': 3, 'contract': 6308394416: 0,GLD,STK,,0.0,,,NYSE,,USD,,,False,,combo:, 'genericTickList': '100,101,106,233', 'snapshot': False, 'regulatorySnapshot': False, 'mktDataOptions': []}
2026-05-04 09:59:29,598 [INFO] SENDING reqMktData b'\x00\x00\x00;1\x0011\x003\x000\x00GLD\x00STK\x00\x000.0\x00\x00\x00NYSE\x00\x00USD\x00\x00\x000\x00100,101,106,233\x000\x000\x00\x00'
2026-05-04 09:59:29,803 [INFO] REQUEST reqMktData {'reqId': 4, 'contract': 6410892528: 0,SPY,STK,,0.0,,,NYSE,,USD,,,False,,combo:, 'genericTickList': '100,101,106,233', 'snapshot': False, 'regulatorySnapshot': False, 'mktDataOptions': []}
2026-05-04 09:59:29,804 [INFO] SENDING reqMktData b'\x00\x00\x00;1\x0011\x004\x000\x00SPY\x00STK\x00\x000.0\x00\x00\x00NYSE\x00\x00USD\x00\x00\x000\x00100,101,106,233\x000\x000\x00\x00'
2026-05-04 09:59:30,010 [INFO] REQUEST reqMktData {'reqId': 5, 'contract': 5019051392: 0,GC,FUT,202606,0.0,,,COMEX,,USD,,,False,,combo:, 'genericTickList': '100,101,106,233', 'snapshot': False, 'regulatorySnapshot': False, 'mktDataOptions': []}
2026-05-04 09:59:30,010 [INFO] SENDING reqMktData b'\x00\x00\x00A1\x0011\x005\x000\x00GC\x00FUT\x00202606\x000.0\x00\x00\x00COMEX\x00\x00USD\x00\x00\x000\x00100,101,106,233\x000\x000\x00\x00'
2026-05-04 09:59:30,214 [INFO] REQUEST reqMktData {'reqId': 6, 'contract': 6294640912: 0,HG,FUT,202606,0.0,,,COMEX,,USD,,,False,,combo:, 'genericTickList': '100,101,106,233', 'snapshot': False, 'regulatorySnapshot': False, 'mktDataOptions': []}
2026-05-04 09:59:30,215 [INFO] SENDING reqMktData b'\x00\x00\x00A1\x0011\x006\x000\x00HG\x00FUT\x00202606\x000.0\x00\x00\x00COMEX\x00\x00USD\x00\x00\x000\x00100,101,106,233\x000\x000\x00\x00'
2026-05-04 09:59:38,420 [INFO] disconnecting
2026-05-04 09:59:38,421 [INFO] ANSWER connectionClosed {}
2026-05-04 09:59:39,678 [INFO] sent startApi
2026-05-04 09:59:39,678 [INFO] REQUEST startApi {}
2026-05-04 09:59:39,678 [INFO] SENDING startApi b'\x00\x00\x00\t71\x002\x0050\x00\x00'
2026-05-04 09:59:39,678 [INFO] ANSWER connectAck {}
2026-05-04 09:59:39,680 [INFO] ANSWER managedAccounts {'accountsList': 'DUP838882'}
2026-05-04 09:59:40,075 [INFO] sent startApi
2026-05-04 09:59:40,075 [INFO] REQUEST startApi {}
2026-05-04 09:59:40,075 [INFO] SENDING startApi b'\x00\x00\x00\t71\x002\x0070\x00\x00'
2026-05-04 09:59:40,075 [INFO] ANSWER connectAck {}
2026-05-04 09:59:40,076 [INFO] ANSWER managedAccounts {'accountsList': 'DUP838882'}
2026-05-04 09:59:40,185 [INFO] REQUEST reqMktData {'reqId': 1, 'contract': 6294640384: 0,SQM,STK,,0.0,,,NYSE,,USD,,,False,,combo:, 'genericTickList': '100,101,106,233', 'snapshot': False, 'regulatorySnapshot': False, 'mktDataOptions': []}
2026-05-04 09:59:40,186 [INFO] SENDING reqMktData b'\x00\x00\x00;1\x0011\x001\x000\x00SQM\x00STK\x00\x000.0\x00\x00\x00NYSE\x00\x00USD\x00\x00\x000\x00100,101,106,233\x000\x000\x00\x00'
2026-05-04 09:59:40,389 [INFO] REQUEST reqMktData {'reqId': 2, 'contract': 5091726816: 0,ECH,STK,,0.0,,,NYSE,,USD,,,False,,combo:, 'genericTickList': '100,101,106,233', 'snapshot': False, 'regulatorySnapshot': False, 'mktDataOptions': []}
2026-05-04 09:59:40,390 [INFO] SENDING reqMktData b'\x00\x00\x00;1\x0011\x002\x000\x00ECH\x00STK\x00\x000.0\x00\x00\x00NYSE\x00\x00USD\x00\x00\x000\x00100,101,106,233\x000\x000\x00\x00'
2026-05-04 09:59:40,577 [INFO] REQUEST reqMktDepth {'reqId': 100, 'contract': 6308393072: 0,SQM,STK,,0.0,,,SN,,CLP,,,False,,combo:, 'numRows': 5, 'isSmartDepth': False, 'mktDepthOptions': []}
2026-05-04 09:59:40,577 [INFO] SENDING reqMktDepth b'\x00\x00\x00)10\x005\x00100\x000\x00SQM\x00STK\x00\x000.0\x00\x00\x00SN\x00\x00CLP\x00\x00\x005\x000\x00\x00'
2026-05-04 09:59:40,595 [INFO] REQUEST reqMktData {'reqId': 3, 'contract': 6410989136: 0,GLD,STK,,0.0,,,NYSE,,USD,,,False,,combo:, 'genericTickList': '100,101,106,233', 'snapshot': False, 'regulatorySnapshot': False, 'mktDataOptions': []}
2026-05-04 09:59:40,595 [INFO] SENDING reqMktData b'\x00\x00\x00;1\x0011\x003\x000\x00GLD\x00STK\x00\x000.0\x00\x00\x00NYSE\x00\x00USD\x00\x00\x000\x00100,101,106,233\x000\x000\x00\x00'
2026-05-04 09:59:40,694 [INFO] REQUEST reqMktDepth {'reqId': 101, 'contract': 6312209952: 0,COPEC,STK,,0.0,,,SN,,CLP,,,False,,combo:, 'numRows': 5, 'isSmartDepth': False, 'mktDepthOptions': []}
2026-05-04 09:59:40,695 [INFO] SENDING reqMktDepth b'\x00\x00\x00+10\x005\x00101\x000\x00COPEC\x00STK\x00\x000.0\x00\x00\x00SN\x00\x00CLP\x00\x00\x005\x000\x00\x00'
2026-05-04 09:59:40,797 [INFO] REQUEST reqMktDepth {'reqId': 102, 'contract': 6289180128: 0,BCI,STK,,0.0,,,SN,,CLP,,,False,,combo:, 'numRows': 5, 'isSmartDepth': False, 'mktDepthOptions': []}
2026-05-04 09:59:40,797 [INFO] REQUEST reqMktData {'reqId': 4, 'contract': 6289181040: 0,SPY,STK,,0.0,,,NYSE,,USD,,,False,,combo:, 'genericTickList': '100,101,106,233', 'snapshot': False, 'regulatorySnapshot': False, 'mktDataOptions': []}
2026-05-04 09:59:40,797 [INFO] SENDING reqMktDepth b'\x00\x00\x00)10\x005\x00102\x000\x00BCI\x00STK\x00\x000.0\x00\x00\x00SN\x00\x00CLP\x00\x00\x005\x000\x00\x00'
2026-05-04 09:59:40,797 [INFO] SENDING reqMktData b'\x00\x00\x00;1\x0011\x004\x000\x00SPY\x00STK\x00\x000.0\x00\x00\x00NYSE\x00\x00USD\x00\x00\x000\x00100,101,106,233\x000\x000\x00\x00'
2026-05-04 09:59:40,897 [INFO] REQUEST reqMktDepth {'reqId': 103, 'contract': 6305268160: 0,BSAC,STK,,0.0,,,SMART,,USD,,,False,,combo:, 'numRows': 5, 'isSmartDepth': False, 'mktDepthOptions': []}
2026-05-04 09:59:40,898 [INFO] SENDING reqMktDepth b'\x00\x00\x00-10\x005\x00103\x000\x00BSAC\x00STK\x00\x000.0\x00\x00\x00SMART\x00\x00USD\x00\x00\x005\x000\x00\x00'
2026-05-04 09:59:41,000 [INFO] REQUEST reqMktDepth {'reqId': 104, 'contract': 6311858816: 0,BCH,STK,,0.0,,,SMART,,USD,,,False,,combo:, 'numRows': 5, 'isSmartDepth': False, 'mktDepthOptions': []}
2026-05-04 09:59:41,000 [INFO] SENDING reqMktDepth b'\x00\x00\x00,10\x005\x00104\x000\x00BCH\x00STK\x00\x000.0\x00\x00\x00SMART\x00\x00USD\x00\x00\x005\x000\x00\x00'
2026-05-04 09:59:41,002 [INFO] REQUEST reqMktData {'reqId': 5, 'contract': 6305268160: 0,GC,FUT,202606,0.0,,,COMEX,,USD,,,False,,combo:, 'genericTickList': '100,101,106,233', 'snapshot': False, 'regulatorySnapshot': False, 'mktDataOptions': []}
2026-05-04 09:59:41,002 [INFO] SENDING reqMktData b'\x00\x00\x00A1\x0011\x005\x000\x00GC\x00FUT\x00202606\x000.0\x00\x00\x00COMEX\x00\x00USD\x00\x00\x000\x00100,101,106,233\x000\x000\x00\x00'
2026-05-04 09:59:41,102 [INFO] REQUEST reqMktDepth {'reqId': 105, 'contract': 6411029328: 0,FALABELLA,STK,,0.0,,,SN,,CLP,,,False,,combo:, 'numRows': 5, 'isSmartDepth': False, 'mktDepthOptions': []}
2026-05-04 09:59:41,103 [INFO] SENDING reqMktDepth b'\x00\x00\x00/10\x005\x00105\x000\x00FALABELLA\x00STK\x00\x000.0\x00\x00\x00SN\x00\x00CLP\x00\x00\x005\x000\x00\x00'
2026-05-04 09:59:41,208 [INFO] REQUEST reqMktData {'reqId': 6, 'contract': 5090339184: 0,HG,FUT,202606,0.0,,,COMEX,,USD,,,False,,combo:, 'genericTickList': '100,101,106,233', 'snapshot': False, 'regulatorySnapshot': False, 'mktDataOptions': []}
2026-05-04 09:59:41,208 [INFO] SENDING reqMktData b'\x00\x00\x00A1\x0011\x006\x000\x00HG\x00FUT\x00202606\x000.0\x00\x00\x00COMEX\x00\x00USD\x00\x00\x000\x00100,101,106,233\x000\x000\x00\x00'
2026-05-04 09:59:41,208 [INFO] REQUEST reqMktDepth {'reqId': 106, 'contract': 5825658352: 0,CENCOSUD,STK,,0.0,,,SN,,CLP,,,False,,combo:, 'numRows': 5, 'isSmartDepth': False, 'mktDepthOptions': []}
2026-05-04 09:59:41,209 [INFO] SENDING reqMktDepth b'\x00\x00\x00.10\x005\x00106\x000\x00CENCOSUD\x00STK\x00\x000.0\x00\x00\x00SN\x00\x00CLP\x00\x00\x005\x000\x00\x00'
2026-05-04 09:59:41,314 [INFO] REQUEST reqMktDepth {'reqId': 107, 'contract': 6294532784: 0,CMPC,STK,,0.0,,,SN,,CLP,,,False,,combo:, 'numRows': 5, 'isSmartDepth': False, 'mktDepthOptions': []}
2026-05-04 09:59:41,314 [INFO] SENDING reqMktDepth b'\x00\x00\x00*10\x005\x00107\x000\x00CMPC\x00STK\x00\x000.0\x00\x00\x00SN\x00\x00CLP\x00\x00\x005\x000\x00\x00'
2026-05-04 09:59:41,417 [INFO] REQUEST reqMktDepth {'reqId': 108, 'contract': 6294638848: 0,COLBUN,STK,,0.0,,,SN,,CLP,,,False,,combo:, 'numRows': 5, 'isSmartDepth': False, 'mktDepthOptions': []}
2026-05-04 09:59:41,417 [INFO] SENDING reqMktDepth b'\x00\x00\x00,10\x005\x00108\x000\x00COLBUN\x00STK\x00\x000.0\x00\x00\x00SN\x00\x00CLP\x00\x00\x005\x000\x00\x00'
2026-05-04 09:59:41,524 [INFO] REQUEST reqMktDepth {'reqId': 109, 'contract': 6310639936: 0,ENELCHILE,STK,,0.0,,,SN,,CLP,,,False,,combo:, 'numRows': 5, 'isSmartDepth': False, 'mktDepthOptions': []}
2026-05-04 09:59:41,530 [INFO] SENDING reqMktDepth b'\x00\x00\x00/10\x005\x00109\x000\x00ENELCHILE\x00STK\x00\x000.0\x00\x00\x00SN\x00\x00CLP\x00\x00\x005\x000\x00\x00'
2026-05-04 09:59:41,642 [INFO] REQUEST reqMktDepth {'reqId': 110, 'contract': 6414794960: 0,ENELAM,STK,,0.0,,,SN,,CLP,,,False,,combo:, 'numRows': 5, 'isSmartDepth': False, 'mktDepthOptions': []}
2026-05-04 09:59:41,642 [INFO] SENDING reqMktDepth b'\x00\x00\x00,10\x005\x00110\x000\x00ENELAM\x00STK\x00\x000.0\x00\x00\x00SN\x00\x00CLP\x00\x00\x005\x000\x00\x00'
2026-05-04 09:59:41,747 [INFO] REQUEST reqMktDepth {'reqId': 111, 'contract': 6410895312: 0,ENTEL,STK,,0.0,,,SN,,CLP,,,False,,combo:, 'numRows': 5, 'isSmartDepth': False, 'mktDepthOptions': []}
2026-05-04 09:59:41,748 [INFO] SENDING reqMktDepth b'\x00\x00\x00+10\x005\x00111\x000\x00ENTEL\x00STK\x00\x000.0\x00\x00\x00SN\x00\x00CLP\x00\x00\x005\x000\x00\x00'
2026-05-04 09:59:41,854 [INFO] REQUEST reqMktDepth {'reqId': 112, 'contract': 6292827200: 0,LTM,STK,,0.0,,,SMART,,USD,,,False,,combo:, 'numRows': 5, 'isSmartDepth': False, 'mktDepthOptions': []}
2026-05-04 09:59:41,854 [INFO] SENDING reqMktDepth b'\x00\x00\x00,10\x005\x00112\x000\x00LTM\x00STK\x00\x000.0\x00\x00\x00SMART\x00\x00USD\x00\x00\x005\x000\x00\x00'
2026-05-04 09:59:41,955 [INFO] REQUEST reqMktDepth {'reqId': 113, 'contract': 6414798272: 0,CAP,STK,,0.0,,,SN,,CLP,,,False,,combo:, 'numRows': 5, 'isSmartDepth': False, 'mktDepthOptions': []}
2026-05-04 09:59:41,955 [INFO] SENDING reqMktDepth b'\x00\x00\x00)10\x005\x00113\x000\x00CAP\x00STK\x00\x000.0\x00\x00\x00SN\x00\x00CLP\x00\x00\x005\x000\x00\x00'
2026-05-04 09:59:42,058 [INFO] REQUEST reqMktDepth {'reqId': 114, 'contract': 6298363360: 0,CCU,STK,,0.0,,,SN,,CLP,,,False,,combo:, 'numRows': 5, 'isSmartDepth': False, 'mktDepthOptions': []}
2026-05-04 09:59:42,059 [INFO] SENDING reqMktDepth b'\x00\x00\x00)10\x005\x00114\x000\x00CCU\x00STK\x00\x000.0\x00\x00\x00SN\x00\x00CLP\x00\x00\x005\x000\x00\x00'
2026-05-04 09:59:42,450 [ERROR] $CFR.SN: possibly delisted; no price data found  (period=3mo)
2026-05-04 09:59:42,458 [ERROR] $ENDESA.SN: possibly delisted; no price data found  (period=3mo)
2026-05-04 09:59:42,851 [ERROR] $BANMEDICA.SN: possibly delisted; no price data found  (period=3mo) (Yahoo error = "No data found, symbol may be delisted")
2026-05-04 09:59:49,418 [INFO] disconnecting
2026-05-04 09:59:49,420 [INFO] ANSWER connectionClosed {}
2026-05-04 09:59:50,184 [INFO] disconnecting
2026-05-04 09:59:50,184 [INFO] ANSWER connectionClosed {}
2026-05-04 10:00:00,616 [INFO] === CICLO AUTOMÁTICO INICIADO ===
2026-05-04 10:00:06,955 [INFO] sent startApi
2026-05-04 10:00:06,955 [INFO] REQUEST startApi {}
2026-05-04 10:00:06,955 [INFO] SENDING startApi b'\x00\x00\x00\t71\x002\x0050\x00\x00'
2026-05-04 10:00:06,955 [INFO] ANSWER connectAck {}
2026-05-04 10:00:07,004 [INFO] ANSWER managedAccounts {'accountsList': 'DUP838882'}
2026-05-04 10:00:07,160 [INFO] sent startApi
2026-05-04 10:00:07,160 [INFO] REQUEST startApi {}
2026-05-04 10:00:07,160 [INFO] SENDING startApi b'\x00\x00\x00\t71\x002\x0070\x00\x00'
2026-05-04 10:00:07,160 [INFO] ANSWER connectAck {}
2026-05-04 10:00:07,163 [INFO] ANSWER managedAccounts {'accountsList': 'DUP838882'}
2026-05-04 10:00:07,352 [ERROR] $COPEC: possibly delisted; no price data found  (period=2d) (Yahoo error = "No data found, symbol may be delisted")
2026-05-04 10:00:07,582 [INFO] REQUEST reqMktData {'reqId': 1, 'contract': 4648002272: 0,SQM,STK,,0.0,,,NYSE,,USD,,,False,,combo:, 'genericTickList': '100,101,106,233', 'snapshot': False, 'regulatorySnapshot': False, 'mktDataOptions': []}
2026-05-04 10:00:07,582 [INFO] SENDING reqMktData b'\x00\x00\x00;1\x0011\x001\x000\x00SQM\x00STK\x00\x000.0\x00\x00\x00NYSE\x00\x00USD\x00\x00\x000\x00100,101,106,233\x000\x000\x00\x00'
2026-05-04 10:00:07,684 [INFO] REQUEST reqMktDepth {'reqId': 100, 'contract': 4649894384: 0,SQM,STK,,0.0,,,SN,,CLP,,,False,,combo:, 'numRows': 5, 'isSmartDepth': False, 'mktDepthOptions': []}
2026-05-04 10:00:07,684 [INFO] SENDING reqMktDepth b'\x00\x00\x00)10\x005\x00100\x000\x00SQM\x00STK\x00\x000.0\x00\x00\x00SN\x00\x00CLP\x00\x00\x005\x000\x00\x00'
2026-05-04 10:00:07,857 [INFO] REQUEST reqMktDepth {'reqId': 101, 'contract': 4602818224: 0,COPEC,STK,,0.0,,,SN,,CLP,,,False,,combo:, 'numRows': 5, 'isSmartDepth': False, 'mktDepthOptions': []}
2026-05-04 10:00:07,857 [INFO] REQUEST reqMktData {'reqId': 2, 'contract': 4649501792: 0,ECH,STK,,0.0,,,NYSE,,USD,,,False,,combo:, 'genericTickList': '100,101,106,233', 'snapshot': False, 'regulatorySnapshot': False, 'mktDataOptions': []}
2026-05-04 10:00:07,857 [INFO] SENDING reqMktDepth b'\x00\x00\x00+10\x005\x00101\x000\x00COPEC\x00STK\x00\x000.0\x00\x00\x00SN\x00\x00CLP\x00\x00\x005\x000\x00\x00'
2026-05-04 10:00:07,857 [INFO] SENDING reqMktData b'\x00\x00\x00;1\x0011\x002\x000\x00ECH\x00STK\x00\x000.0\x00\x00\x00NYSE\x00\x00USD\x00\x00\x000\x00100,101,106,233\x000\x000\x00\x00'
2026-05-04 10:00:07,993 [INFO] REQUEST reqMktDepth {'reqId': 102, 'contract': 4652619232: 0,BCI,STK,,0.0,,,SN,,CLP,,,False,,combo:, 'numRows': 5, 'isSmartDepth': False, 'mktDepthOptions': []}
2026-05-04 10:00:07,993 [INFO] SENDING reqMktDepth b'\x00\x00\x00)10\x005\x00102\x000\x00BCI\x00STK\x00\x000.0\x00\x00\x00SN\x00\x00CLP\x00\x00\x005\x000\x00\x00'
2026-05-04 10:00:08,106 [INFO] REQUEST reqMktDepth {'reqId': 103, 'contract': 4652620672: 0,BSAC,STK,,0.0,,,SMART,,USD,,,False,,combo:, 'numRows': 5, 'isSmartDepth': False, 'mktDepthOptions': []}
2026-05-04 10:00:08,106 [INFO] SENDING reqMktDepth b'\x00\x00\x00-10\x005\x00103\x000\x00BSAC\x00STK\x00\x000.0\x00\x00\x00SMART\x00\x00USD\x00\x00\x005\x000\x00\x00'
2026-05-04 10:00:08,131 [INFO] REQUEST reqMktData {'reqId': 3, 'contract': 4652620768: 0,GLD,STK,,0.0,,,NYSE,,USD,,,False,,combo:, 'genericTickList': '100,101,106,233', 'snapshot': False, 'regulatorySnapshot': False, 'mktDataOptions': []}
2026-05-04 10:00:08,132 [INFO] SENDING reqMktData b'\x00\x00\x00;1\x0011\x003\x000\x00GLD\x00STK\x00\x000.0\x00\x00\x00NYSE\x00\x00USD\x00\x00\x000\x00100,101,106,233\x000\x000\x00\x00'
2026-05-04 10:00:08,277 [INFO] REQUEST reqMktDepth {'reqId': 104, 'contract': 4650021216: 0,BCH,STK,,0.0,,,SMART,,USD,,,False,,combo:, 'numRows': 5, 'isSmartDepth': False, 'mktDepthOptions': []}
2026-05-04 10:00:08,281 [INFO] SENDING reqMktDepth b'\x00\x00\x00,10\x005\x00104\x000\x00BCH\x00STK\x00\x000.0\x00\x00\x00SMART\x00\x00USD\x00\x00\x005\x000\x00\x00'
2026-05-04 10:00:08,409 [INFO] REQUEST reqMktData {'reqId': 4, 'contract': 4649876496: 0,SPY,STK,,0.0,,,NYSE,,USD,,,False,,combo:, 'genericTickList': '100,101,106,233', 'snapshot': False, 'regulatorySnapshot': False, 'mktDataOptions': []}
2026-05-04 10:00:08,438 [INFO] SENDING reqMktData b'\x00\x00\x00;1\x0011\x004\x000\x00SPY\x00STK\x00\x000.0\x00\x00\x00NYSE\x00\x00USD\x00\x00\x000\x00100,101,106,233\x000\x000\x00\x00'
2026-05-04 10:00:08,494 [INFO] REQUEST reqMktDepth {'reqId': 105, 'contract': 4650067136: 0,FALABELLA,STK,,0.0,,,SN,,CLP,,,False,,combo:, 'numRows': 5, 'isSmartDepth': False, 'mktDepthOptions': []}
2026-05-04 10:00:08,519 [INFO] SENDING reqMktDepth b'\x00\x00\x00/10\x005\x00105\x000\x00FALABELLA\x00STK\x00\x000.0\x00\x00\x00SN\x00\x00CLP\x00\x00\x005\x000\x00\x00'
2026-05-04 10:00:08,679 [INFO] REQUEST reqMktDepth {'reqId': 106, 'contract': 4650132048: 0,CENCOSUD,STK,,0.0,,,SN,,CLP,,,False,,combo:, 'numRows': 5, 'isSmartDepth': False, 'mktDepthOptions': []}
2026-05-04 10:00:08,679 [INFO] SENDING reqMktDepth b'\x00\x00\x00.10\x005\x00106\x000\x00CENCOSUD\x00STK\x00\x000.0\x00\x00\x00SN\x00\x00CLP\x00\x00\x005\x000\x00\x00'
2026-05-04 10:00:08,795 [INFO] REQUEST reqMktData {'reqId': 5, 'contract': 4649828416: 0,GC,FUT,202606,0.0,,,COMEX,,USD,,,False,,combo:, 'genericTickList': '100,101,106,233', 'snapshot': False, 'regulatorySnapshot': False, 'mktDataOptions': []}
2026-05-04 10:00:08,795 [INFO] SENDING reqMktData b'\x00\x00\x00A1\x0011\x005\x000\x00GC\x00FUT\x00202606\x000.0\x00\x00\x00COMEX\x00\x00USD\x00\x00\x000\x00100,101,106,233\x000\x000\x00\x00'
2026-05-04 10:00:08,843 [INFO] REQUEST reqMktDepth {'reqId': 107, 'contract': 4650024240: 0,CMPC,STK,,0.0,,,SN,,CLP,,,False,,combo:, 'numRows': 5, 'isSmartDepth': False, 'mktDepthOptions': []}
2026-05-04 10:00:08,843 [INFO] SENDING reqMktDepth b'\x00\x00\x00*10\x005\x00107\x000\x00CMPC\x00STK\x00\x000.0\x00\x00\x00SN\x00\x00CLP\x00\x00\x005\x000\x00\x00'
2026-05-04 10:00:09,032 [INFO] REQUEST reqMktDepth {'reqId': 108, 'contract': 4649876688: 0,COLBUN,STK,,0.0,,,SN,,CLP,,,False,,combo:, 'numRows': 5, 'isSmartDepth': False, 'mktDepthOptions': []}
2026-05-04 10:00:09,032 [INFO] SENDING reqMktDepth b'\x00\x00\x00,10\x005\x00108\x000\x00COLBUN\x00STK\x00\x000.0\x00\x00\x00SN\x00\x00CLP\x00\x00\x005\x000\x00\x00'
2026-05-04 10:00:09,056 [INFO] REQUEST reqMktData {'reqId': 6, 'contract': 4648002224: 0,HG,FUT,202606,0.0,,,COMEX,,USD,,,False,,combo:, 'genericTickList': '100,101,106,233', 'snapshot': False, 'regulatorySnapshot': False, 'mktDataOptions': []}
2026-05-04 10:00:09,057 [INFO] SENDING reqMktData b'\x00\x00\x00A1\x0011\x006\x000\x00HG\x00FUT\x00202606\x000.0\x00\x00\x00COMEX\x00\x00USD\x00\x00\x000\x00100,101,106,233\x000\x000\x00\x00'
2026-05-04 10:00:09,220 [INFO] REQUEST reqMktDepth {'reqId': 109, 'contract': 4649897600: 0,ENELCHILE,STK,,0.0,,,SN,,CLP,,,False,,combo:, 'numRows': 5, 'isSmartDepth': False, 'mktDepthOptions': []}
2026-05-04 10:00:09,230 [INFO] SENDING reqMktDepth b'\x00\x00\x00/10\x005\x00109\x000\x00ENELCHILE\x00STK\x00\x000.0\x00\x00\x00SN\x00\x00CLP\x00\x00\x005\x000\x00\x00'
2026-05-04 10:00:09,257 [ERROR] $CFR.SN: possibly delisted; no price data found  (period=3mo)
2026-05-04 10:00:09,363 [INFO] REQUEST reqMktDepth {'reqId': 110, 'contract': 4602818224: 0,ENELAM,STK,,0.0,,,SN,,CLP,,,False,,combo:, 'numRows': 5, 'isSmartDepth': False, 'mktDepthOptions': []}
2026-05-04 10:00:09,364 [INFO] SENDING reqMktDepth b'\x00\x00\x00,10\x005\x00110\x000\x00ENELAM\x00STK\x00\x000.0\x00\x00\x00SN\x00\x00CLP\x00\x00\x005\x000\x00\x00'
2026-05-04 10:00:09,526 [INFO] REQUEST reqMktDepth {'reqId': 111, 'contract': 4650068528: 0,ENTEL,STK,,0.0,,,SN,,CLP,,,False,,combo:, 'numRows': 5, 'isSmartDepth': False, 'mktDepthOptions': []}
2026-05-04 10:00:09,527 [INFO] SENDING reqMktDepth b'\x00\x00\x00+10\x005\x00111\x000\x00ENTEL\x00STK\x00\x000.0\x00\x00\x00SN\x00\x00CLP\x00\x00\x005\x000\x00\x00'
2026-05-04 10:00:09,700 [INFO] REQUEST reqMktDepth {'reqId': 112, 'contract': 4649895488: 0,LTM,STK,,0.0,,,SMART,,USD,,,False,,combo:, 'numRows': 5, 'isSmartDepth': False, 'mktDepthOptions': []}
2026-05-04 10:00:09,700 [INFO] SENDING reqMktDepth b'\x00\x00\x00,10\x005\x00112\x000\x00LTM\x00STK\x00\x000.0\x00\x00\x00SMART\x00\x00USD\x00\x00\x005\x000\x00\x00'
2026-05-04 10:00:09,702 [ERROR] $ENDESA.SN: possibly delisted; no price data found  (period=3mo)
2026-05-04 10:00:09,865 [INFO] REQUEST reqMktDepth {'reqId': 113, 'contract': 4649829424: 0,CAP,STK,,0.0,,,SN,,CLP,,,False,,combo:, 'numRows': 5, 'isSmartDepth': False, 'mktDepthOptions': []}
2026-05-04 10:00:09,865 [INFO] SENDING reqMktDepth b'\x00\x00\x00)10\x005\x00113\x000\x00CAP\x00STK\x00\x000.0\x00\x00\x00SN\x00\x00CLP\x00\x00\x005\x000\x00\x00'
2026-05-04 10:00:10,022 [INFO] REQUEST reqMktDepth {'reqId': 114, 'contract': 4600921392: 0,CCU,STK,,0.0,,,SN,,CLP,,,False,,combo:, 'numRows': 5, 'isSmartDepth': False, 'mktDepthOptions': []}
2026-05-04 10:00:10,022 [INFO] SENDING reqMktDepth b'\x00\x00\x00)10\x005\x00114\x000\x00CCU\x00STK\x00\x000.0\x00\x00\x00SN\x00\x00CLP\x00\x00\x005\x000\x00\x00'
2026-05-04 10:00:11,517 [ERROR] $BANMEDICA.SN: possibly delisted; no price data found  (period=3mo) (Yahoo error = "No data found, symbol may be delisted")
2026-05-04 10:00:17,335 [INFO] disconnecting
2026-05-04 10:00:17,336 [INFO] ANSWER connectionClosed {}
2026-05-04 10:00:18,267 [INFO] disconnecting
2026-05-04 10:00:18,268 [INFO] ANSWER connectionClosed {}
2026-05-04 10:00:46,485 [ERROR] $COPEC.SN: possibly delisted; no price data found  (period=1d)
2026-05-04 10:00:47,031 [ERROR] $COPEC.SN: possibly delisted; no price data found  (period=1d)
2026-05-04 10:00:47,168 [INFO] sent startApi
2026-05-04 10:00:47,169 [INFO] REQUEST startApi {}
2026-05-04 10:00:47,169 [INFO] SENDING startApi b'\x00\x00\x00\t71\x002\x0030\x00\x00'
2026-05-04 10:00:47,169 [INFO] ANSWER connectAck {}
2026-05-04 10:00:47,172 [INFO] ANSWER managedAccounts {'accountsList': 'DUP838882'}
2026-05-04 10:00:48,208 [INFO] REQUEST placeOrder {'orderId': 8, 'contract': 4600869408: 0,COPEC,STK,,0.0,,,SMART,,USD,,,False,,combo:, 'order': 4600870416: 0,0,0: LMT BUY 1@6350.980000 }
2026-05-04 10:00:48,209 [INFO] SENDING placeOrder b'\x00\x00\x01<3\x008\x000\x00COPEC\x00STK\x00\x000.0\x00\x00\x00SMART\x00\x00USD\x00\x00\x00\x00\x00BUY\x001\x00LMT\x006350.98\x00\x00\x00\x00\x00\x000\x00\x001\x000\x000\x000\x000\x000\x000\x000\x00\x000\x00\x00\x00\x00\x00\x00\x00\x000\x00\x00-1\x000\x00\x00\x000\x00\x00\x000\x000\x00\x000\x00\x00\x00\x00\x00\x000\x00\x00\x00\x00\x000\x00\x00\x00\x00\x00\x00\x00\x00\x00\x00\x000\x00\x00\x000\x000\x00\x00\x000\x00\x000\x000\x000\x000\x00\x001.7976931348623157e+308\x001.7976931348623157e+308\x001.7976931348623157e+308\x001.7976931348623157e+308\x001.7976931348623157e+308\x000\x00\x00\x00\x001.7976931348623157e+308\x00\x00\x00\x00\x000\x000\x000\x00\x00'
2026-05-04 10:00:51,279 [INFO] disconnecting
2026-05-04 10:00:51,280 [INFO] ANSWER connectionClosed {}
2026-05-04 10:00:52,619 [INFO] CIERRE: COPEC | TAKE PROFIT | PnL +0.00%
2026-05-04 10:01:05,448 [INFO] APERTURA: VENDER COPEC | Conv 77.4% | Riesgo 1/10
2026-05-04 10:01:05,478 [INFO] sent startApi
2026-05-04 10:01:05,478 [INFO] REQUEST startApi {}
2026-05-04 10:01:05,478 [INFO] SENDING startApi b'\x00\x00\x00\t71\x002\x0010\x00\x00'
2026-05-04 10:01:05,478 [INFO] ANSWER connectAck {}
2026-05-04 10:01:05,480 [INFO] ANSWER managedAccounts {'accountsList': 'DUP838882'}
2026-05-04 10:01:06,503 [INFO] REQUEST placeOrder {'orderId': 11, 'contract': 4649829184: 0,COPEC,STK,,0.0,,,SN,,CLP,,,False,,combo:, 'order': 4649829328: 0,0,0: MKT SELL 1@179769313486231570814527423731704356798070567525844996598917476803157260780028538760589558632766878171540458953514382464234321326889464182768467546703537516986049910576551282076245490090389328944075868508455133942304583236903222948165808559332123348274797826204144723168738177180919299881250404026184124858368.000000 }
2026-05-04 10:01:06,503 [INFO] SENDING placeOrder b'\x00\x00\x0143\x0011\x000\x00COPEC\x00STK\x00\x000.0\x00\x00\x00SN\x00\x00CLP\x00\x00\x00\x00\x00SELL\x001\x00MKT\x00\x00\x00\x00\x00\x00\x000\x00\x000\x000\x000\x000\x000\x000\x000\x000\x00\x000\x00\x00\x00\x00\x00\x00\x00\x000\x00\x00-1\x000\x00\x00\x000\x00\x00\x000\x000\x00\x000\x00\x00\x00\x00\x00\x000\x00\x00\x00\x00\x000\x00\x00\x00\x00\x00\x00\x00\x00\x00\x00\x000\x00\x00\x000\x000\x00\x00\x000\x00\x000\x000\x000\x000\x00\x001.7976931348623157e+308\x001.7976931348623157e+308\x001.7976931348623157e+308\x001.7976931348623157e+308\x001.7976931348623157e+308\x000\x00\x00\x00\x001.7976931348623157e+308\x00\x00\x00\x00\x000\x000\x000\x00\x00'
2026-05-04 10:01:06,778 [INFO] REQUEST placeOrder {'orderId': 12, 'contract': 4649829184: 0,COPEC,STK,,0.0,,,SN,,CLP,,,False,,combo:, 'order': 4649829952: 0,0,0: STP BUY 1@179769313486231570814527423731704356798070567525844996598917476803157260780028538760589558632766878171540458953514382464234321326889464182768467546703537516986049910576551282076245490090389328944075868508455133942304583236903222948165808559332123348274797826204144723168738177180919299881250404026184124858368.000000 }
2026-05-04 10:01:06,779 [INFO] SENDING placeOrder b'\x00\x00\x01;3\x0012\x000\x00COPEC\x00STK\x00\x000.0\x00\x00\x00SN\x00\x00CLP\x00\x00\x00\x00\x00BUY\x001\x00STP\x00\x006407.74\x00\x00\x00\x00\x000\x00\x000\x0011\x000\x000\x000\x000\x000\x000\x00\x000\x00\x00\x00\x00\x00\x00\x00\x000\x00\x00-1\x000\x00\x00\x000\x00\x00\x000\x000\x00\x000\x00\x00\x00\x00\x00\x000\x00\x00\x00\x00\x000\x00\x00\x00\x00\x00\x00\x00\x00\x00\x00\x000\x00\x00\x000\x000\x00\x00\x000\x00\x000\x000\x000\x000\x00\x001.7976931348623157e+308\x001.7976931348623157e+308\x001.7976931348623157e+308\x001.7976931348623157e+308\x001.7976931348623157e+308\x000\x00\x00\x00\x001.7976931348623157e+308\x00\x00\x00\x00\x000\x000\x000\x00\x00'
2026-05-04 10:01:07,046 [INFO] REQUEST placeOrder {'orderId': 13, 'contract': 4649829184: 0,COPEC,STK,,0.0,,,SN,,CLP,,,False,,combo:, 'order': 4649829088: 0,0,0: LMT BUY 1@6350.980000 }
2026-05-04 10:01:07,047 [INFO] SENDING placeOrder b'\x00\x00\x01;3\x0013\x000\x00COPEC\x00STK\x00\x000.0\x00\x00\x00SN\x00\x00CLP\x00\x00\x00\x00\x00BUY\x001\x00LMT\x006350.98\x00\x00\x00\x00\x00\x000\x00\x001\x0011\x000\x000\x000\x000\x000\x000\x00\x000\x00\x00\x00\x00\x00\x00\x00\x000\x00\x00-1\x000\x00\x00\x000\x00\x00\x000\x000\x00\x000\x00\x00\x00\x00\x00\x000\x00\x00\x00\x00\x000\x00\x00\x00\x00\x00\x00\x00\x00\x00\x00\x000\x00\x00\x000\x000\x00\x00\x000\x00\x000\x000\x000\x000\x00\x001.7976931348623157e+308\x001.7976931348623157e+308\x001.7976931348623157e+308\x001.7976931348623157e+308\x001.7976931348623157e+308\x000\x00\x00\x00\x001.7976931348623157e+308\x00\x00\x00\x00\x000\x000\x000\x00\x00'
2026-05-04 10:01:08,917 [INFO] disconnecting
2026-05-04 10:01:08,917 [INFO] ANSWER connectionClosed {}
2026-05-04 10:01:08,923 [INFO] Ciclo completado: 1 aperturas, 1 cierres
2026-05-04 10:01:08,924 [INFO] Ciclo completado: 1 aperturas, 1 cierres, 3 rechazadas
2026-05-04 10:05:00,784 [INFO] === CICLO AUTOMÁTICO INICIADO ===
2026-05-04 10:05:06,958 [INFO] sent startApi
2026-05-04 10:05:06,961 [INFO] REQUEST startApi {}
2026-05-04 10:05:06,961 [INFO] SENDING startApi b'\x00\x00\x00\t71\x002\x0050\x00\x00'
2026-05-04 10:05:06,961 [INFO] ANSWER connectAck {}
2026-05-04 10:05:06,966 [INFO] ANSWER managedAccounts {'accountsList': 'DUP838882'}
2026-05-04 10:05:06,970 [INFO] sent startApi
2026-05-04 10:05:06,970 [INFO] REQUEST startApi {}
2026-05-04 10:05:06,970 [INFO] SENDING startApi b'\x00\x00\x00\t71\x002\x0070\x00\x00'
2026-05-04 10:05:06,970 [INFO] ANSWER connectAck {}
2026-05-04 10:05:06,971 [INFO] ANSWER managedAccounts {'accountsList': 'DUP838882'}
2026-05-04 10:05:07,488 [INFO] REQUEST reqMktDepth {'reqId': 100, 'contract': 4474440864: 0,SQM,STK,,0.0,,,SN,,CLP,,,False,,combo:, 'numRows': 5, 'isSmartDepth': False, 'mktDepthOptions': []}
2026-05-04 10:05:07,491 [INFO] SENDING reqMktDepth b'\x00\x00\x00)10\x005\x00100\x000\x00SQM\x00STK\x00\x000.0\x00\x00\x00SN\x00\x00CLP\x00\x00\x005\x000\x00\x00'
2026-05-04 10:05:07,505 [INFO] REQUEST reqMktData {'reqId': 1, 'contract': 4492338608: 0,SQM,STK,,0.0,,,NYSE,,USD,,,False,,combo:, 'genericTickList': '100,101,106,233', 'snapshot': False, 'regulatorySnapshot': False, 'mktDataOptions': []}
2026-05-04 10:05:07,510 [INFO] SENDING reqMktData b'\x00\x00\x00;1\x0011\x001\x000\x00SQM\x00STK\x00\x000.0\x00\x00\x00NYSE\x00\x00USD\x00\x00\x000\x00100,101,106,233\x000\x000\x00\x00'
2026-05-04 10:05:07,671 [INFO] REQUEST reqMktDepth {'reqId': 101, 'contract': 4492606480: 0,COPEC,STK,,0.0,,,SN,,CLP,,,False,,combo:, 'numRows': 5, 'isSmartDepth': False, 'mktDepthOptions': []}
2026-05-04 10:05:07,672 [INFO] SENDING reqMktDepth b'\x00\x00\x00+10\x005\x00101\x000\x00COPEC\x00STK\x00\x000.0\x00\x00\x00SN\x00\x00CLP\x00\x00\x005\x000\x00\x00'
2026-05-04 10:05:07,774 [INFO] REQUEST reqMktData {'reqId': 2, 'contract': 4491000368: 0,ECH,STK,,0.0,,,NYSE,,USD,,,False,,combo:, 'genericTickList': '100,101,106,233', 'snapshot': False, 'regulatorySnapshot': False, 'mktDataOptions': []}
2026-05-04 10:05:07,774 [INFO] SENDING reqMktData b'\x00\x00\x00;1\x0011\x002\x000\x00ECH\x00STK\x00\x000.0\x00\x00\x00NYSE\x00\x00USD\x00\x00\x000\x00100,101,106,233\x000\x000\x00\x00'
2026-05-04 10:05:07,868 [INFO] REQUEST reqMktDepth {'reqId': 102, 'contract': 4492507552: 0,BCI,STK,,0.0,,,SN,,CLP,,,False,,combo:, 'numRows': 5, 'isSmartDepth': False, 'mktDepthOptions': []}
2026-05-04 10:05:07,883 [INFO] SENDING reqMktDepth b'\x00\x00\x00)10\x005\x00102\x000\x00BCI\x00STK\x00\x000.0\x00\x00\x00SN\x00\x00CLP\x00\x00\x005\x000\x00\x00'
2026-05-04 10:05:08,055 [INFO] REQUEST reqMktData {'reqId': 3, 'contract': 4492925104: 0,GLD,STK,,0.0,,,NYSE,,USD,,,False,,combo:, 'genericTickList': '100,101,106,233', 'snapshot': False, 'regulatorySnapshot': False, 'mktDataOptions': []}
2026-05-04 10:05:08,056 [INFO] SENDING reqMktData b'\x00\x00\x00;1\x0011\x003\x000\x00GLD\x00STK\x00\x000.0\x00\x00\x00NYSE\x00\x00USD\x00\x00\x000\x00100,101,106,233\x000\x000\x00\x00'
2026-05-04 10:05:08,074 [INFO] REQUEST reqMktDepth {'reqId': 103, 'contract': 4492904384: 0,BSAC,STK,,0.0,,,SMART,,USD,,,False,,combo:, 'numRows': 5, 'isSmartDepth': False, 'mktDepthOptions': []}
2026-05-04 10:05:08,075 [INFO] SENDING reqMktDepth b'\x00\x00\x00-10\x005\x00103\x000\x00BSAC\x00STK\x00\x000.0\x00\x00\x00SMART\x00\x00USD\x00\x00\x005\x000\x00\x00'
2026-05-04 10:05:08,235 [INFO] REQUEST reqMktDepth {'reqId': 104, 'contract': 4492878704: 0,BCH,STK,,0.0,,,SMART,,USD,,,False,,combo:, 'numRows': 5, 'isSmartDepth': False, 'mktDepthOptions': []}
2026-05-04 10:05:08,238 [INFO] SENDING reqMktDepth b'\x00\x00\x00,10\x005\x00104\x000\x00BCH\x00STK\x00\x000.0\x00\x00\x00SMART\x00\x00USD\x00\x00\x005\x000\x00\x00'
2026-05-04 10:05:08,293 [INFO] REQUEST reqMktData {'reqId': 4, 'contract': 4492383712: 0,SPY,STK,,0.0,,,NYSE,,USD,,,False,,combo:, 'genericTickList': '100,101,106,233', 'snapshot': False, 'regulatorySnapshot': False, 'mktDataOptions': []}
2026-05-04 10:05:08,299 [INFO] SENDING reqMktData b'\x00\x00\x00;1\x0011\x004\x000\x00SPY\x00STK\x00\x000.0\x00\x00\x00NYSE\x00\x00USD\x00\x00\x000\x00100,101,106,233\x000\x000\x00\x00'
2026-05-04 10:05:08,387 [INFO] REQUEST reqMktDepth {'reqId': 105, 'contract': 4492555168: 0,FALABELLA,STK,,0.0,,,SN,,CLP,,,False,,combo:, 'numRows': 5, 'isSmartDepth': False, 'mktDepthOptions': []}
2026-05-04 10:05:08,388 [INFO] SENDING reqMktDepth b'\x00\x00\x00/10\x005\x00105\x000\x00FALABELLA\x00STK\x00\x000.0\x00\x00\x00SN\x00\x00CLP\x00\x00\x005\x000\x00\x00'
2026-05-04 10:05:08,527 [INFO] REQUEST reqMktData {'reqId': 5, 'contract': 4492829696: 0,GC,FUT,202606,0.0,,,COMEX,,USD,,,False,,combo:, 'genericTickList': '100,101,106,233', 'snapshot': False, 'regulatorySnapshot': False, 'mktDataOptions': []}
2026-05-04 10:05:08,528 [INFO] SENDING reqMktData b'\x00\x00\x00A1\x0011\x005\x000\x00GC\x00FUT\x00202606\x000.0\x00\x00\x00COMEX\x00\x00USD\x00\x00\x000\x00100,101,106,233\x000\x000\x00\x00'
2026-05-04 10:05:08,593 [INFO] REQUEST reqMktDepth {'reqId': 106, 'contract': 4484106176: 0,CENCOSUD,STK,,0.0,,,SN,,CLP,,,False,,combo:, 'numRows': 5, 'isSmartDepth': False, 'mktDepthOptions': []}
2026-05-04 10:05:08,600 [INFO] SENDING reqMktDepth b'\x00\x00\x00.10\x005\x00106\x000\x00CENCOSUD\x00STK\x00\x000.0\x00\x00\x00SN\x00\x00CLP\x00\x00\x005\x000\x00\x00'
2026-05-04 10:05:08,671 [ERROR] $CFR.SN: possibly delisted; no price data found  (period=3mo)
2026-05-04 10:05:08,747 [ERROR] $ENDESA.SN: possibly delisted; no price data found  (period=3mo)
2026-05-04 10:05:08,784 [INFO] REQUEST reqMktDepth {'reqId': 107, 'contract': 4492382320: 0,CMPC,STK,,0.0,,,SN,,CLP,,,False,,combo:, 'numRows': 5, 'isSmartDepth': False, 'mktDepthOptions': []}
2026-05-04 10:05:08,788 [INFO] SENDING reqMktDepth b'\x00\x00\x00*10\x005\x00107\x000\x00CMPC\x00STK\x00\x000.0\x00\x00\x00SN\x00\x00CLP\x00\x00\x005\x000\x00\x00'
2026-05-04 10:05:08,793 [INFO] REQUEST reqMktData {'reqId': 6, 'contract': 4482557984: 0,HG,FUT,202606,0.0,,,COMEX,,USD,,,False,,combo:, 'genericTickList': '100,101,106,233', 'snapshot': False, 'regulatorySnapshot': False, 'mktDataOptions': []}
2026-05-04 10:05:08,797 [INFO] SENDING reqMktData b'\x00\x00\x00A1\x0011\x006\x000\x00HG\x00FUT\x00202606\x000.0\x00\x00\x00COMEX\x00\x00USD\x00\x00\x000\x00100,101,106,233\x000\x000\x00\x00'
2026-05-04 10:05:08,953 [INFO] REQUEST reqMktDepth {'reqId': 108, 'contract': 4492491648: 0,COLBUN,STK,,0.0,,,SN,,CLP,,,False,,combo:, 'numRows': 5, 'isSmartDepth': False, 'mktDepthOptions': []}
2026-05-04 10:05:08,953 [INFO] SENDING reqMktDepth b'\x00\x00\x00,10\x005\x00108\x000\x00COLBUN\x00STK\x00\x000.0\x00\x00\x00SN\x00\x00CLP\x00\x00\x005\x000\x00\x00'
2026-05-04 10:05:09,132 [INFO] REQUEST reqMktDepth {'reqId': 109, 'contract': 4482544016: 0,ENELCHILE,STK,,0.0,,,SN,,CLP,,,False,,combo:, 'numRows': 5, 'isSmartDepth': False, 'mktDepthOptions': []}
2026-05-04 10:05:09,132 [INFO] SENDING reqMktDepth b'\x00\x00\x00/10\x005\x00109\x000\x00ENELCHILE\x00STK\x00\x000.0\x00\x00\x00SN\x00\x00CLP\x00\x00\x005\x000\x00\x00'
2026-05-04 10:05:09,304 [INFO] REQUEST reqMktDepth {'reqId': 110, 'contract': 4475068624: 0,ENELAM,STK,,0.0,,,SN,,CLP,,,False,,combo:, 'numRows': 5, 'isSmartDepth': False, 'mktDepthOptions': []}
2026-05-04 10:05:09,304 [INFO] SENDING reqMktDepth b'\x00\x00\x00,10\x005\x00110\x000\x00ENELAM\x00STK\x00\x000.0\x00\x00\x00SN\x00\x00CLP\x00\x00\x005\x000\x00\x00'
2026-05-04 10:05:09,445 [INFO] REQUEST reqMktDepth {'reqId': 111, 'contract': 4492383616: 0,ENTEL,STK,,0.0,,,SN,,CLP,,,False,,combo:, 'numRows': 5, 'isSmartDepth': False, 'mktDepthOptions': []}
2026-05-04 10:05:09,469 [INFO] SENDING reqMktDepth b'\x00\x00\x00+10\x005\x00111\x000\x00ENTEL\x00STK\x00\x000.0\x00\x00\x00SN\x00\x00CLP\x00\x00\x005\x000\x00\x00'
2026-05-04 10:05:09,649 [INFO] REQUEST reqMktDepth {'reqId': 112, 'contract': 4474775392: 0,LTM,STK,,0.0,,,SMART,,USD,,,False,,combo:, 'numRows': 5, 'isSmartDepth': False, 'mktDepthOptions': []}
2026-05-04 10:05:09,649 [INFO] SENDING reqMktDepth b'\x00\x00\x00,10\x005\x00112\x000\x00LTM\x00STK\x00\x000.0\x00\x00\x00SMART\x00\x00USD\x00\x00\x005\x000\x00\x00'
2026-05-04 10:05:09,753 [INFO] REQUEST reqMktDepth {'reqId': 113, 'contract': 4492881776: 0,CAP,STK,,0.0,,,SN,,CLP,,,False,,combo:, 'numRows': 5, 'isSmartDepth': False, 'mktDepthOptions': []}
2026-05-04 10:05:09,754 [INFO] SENDING reqMktDepth b'\x00\x00\x00)10\x005\x00113\x000\x00CAP\x00STK\x00\x000.0\x00\x00\x00SN\x00\x00CLP\x00\x00\x005\x000\x00\x00'
2026-05-04 10:05:09,927 [INFO] REQUEST reqMktDepth {'reqId': 114, 'contract': 4490539936: 0,CCU,STK,,0.0,,,SN,,CLP,,,False,,combo:, 'numRows': 5, 'isSmartDepth': False, 'mktDepthOptions': []}
2026-05-04 10:05:09,950 [INFO] SENDING reqMktDepth b'\x00\x00\x00)10\x005\x00114\x000\x00CCU\x00STK\x00\x000.0\x00\x00\x00SN\x00\x00CLP\x00\x00\x005\x000\x00\x00'
2026-05-04 10:05:10,720 [ERROR] $BANMEDICA.SN: possibly delisted; no price data found  (period=3mo) (Yahoo error = "No data found, symbol may be delisted")
2026-05-04 10:05:17,131 [INFO] disconnecting
2026-05-04 10:05:17,133 [INFO] ANSWER connectionClosed {}
2026-05-04 10:05:18,189 [INFO] disconnecting
2026-05-04 10:05:18,189 [INFO] ANSWER connectionClosed {}
2026-05-04 10:05:28,817 [ERROR] $COPEC.SN: possibly delisted; no price data found  (period=1d)
2026-05-04 10:05:29,319 [ERROR] $COPEC.SN: possibly delisted; no price data found  (period=1d)
2026-05-04 10:05:29,429 [INFO] sent startApi
2026-05-04 10:05:29,429 [INFO] REQUEST startApi {}
2026-05-04 10:05:29,429 [INFO] SENDING startApi b'\x00\x00\x00\t71\x002\x0030\x00\x00'
2026-05-04 10:05:29,429 [INFO] ANSWER connectAck {}
2026-05-04 10:05:29,434 [INFO] ANSWER managedAccounts {'accountsList': 'DUP838882'}
2026-05-04 10:05:30,441 [INFO] REQUEST placeOrder {'orderId': 9, 'contract': 4484041120: 0,COPEC,STK,,0.0,,,SMART,,USD,,,False,,combo:, 'order': 4484039392: 0,0,0: LMT BUY 1@6350.980000 }
2026-05-04 10:05:30,442 [INFO] SENDING placeOrder b'\x00\x00\x01<3\x009\x000\x00COPEC\x00STK\x00\x000.0\x00\x00\x00SMART\x00\x00USD\x00\x00\x00\x00\x00BUY\x001\x00LMT\x006350.98\x00\x00\x00\x00\x00\x000\x00\x001\x000\x000\x000\x000\x000\x000\x000\x00\x000\x00\x00\x00\x00\x00\x00\x00\x000\x00\x00-1\x000\x00\x00\x000\x00\x00\x000\x000\x00\x000\x00\x00\x00\x00\x00\x000\x00\x00\x00\x00\x000\x00\x00\x00\x00\x00\x00\x00\x00\x00\x00\x000\x00\x00\x000\x000\x00\x00\x000\x00\x000\x000\x000\x000\x00\x001.7976931348623157e+308\x001.7976931348623157e+308\x001.7976931348623157e+308\x001.7976931348623157e+308\x001.7976931348623157e+308\x000\x00\x00\x00\x001.7976931348623157e+308\x00\x00\x00\x00\x000\x000\x000\x00\x00'
2026-05-04 10:05:33,498 [INFO] disconnecting
2026-05-04 10:05:33,499 [INFO] ANSWER connectionClosed {}
2026-05-04 10:05:34,757 [INFO] CIERRE: COPEC | TAKE PROFIT | PnL +0.00%
2026-05-04 10:05:44,681 [INFO] APERTURA: VENDER COPEC | Conv 77.4% | Riesgo 1/10
2026-05-04 10:05:44,718 [INFO] sent startApi
2026-05-04 10:05:44,718 [INFO] REQUEST startApi {}
2026-05-04 10:05:44,718 [INFO] SENDING startApi b'\x00\x00\x00\t71\x002\x0010\x00\x00'
2026-05-04 10:05:44,719 [INFO] ANSWER connectAck {}
2026-05-04 10:05:44,722 [INFO] ANSWER managedAccounts {'accountsList': 'DUP838882'}
2026-05-04 10:05:45,762 [INFO] REQUEST placeOrder {'orderId': 11, 'contract': 4482510560: 0,COPEC,STK,,0.0,,,SN,,CLP,,,False,,combo:, 'order': 4482509072: 0,0,0: MKT SELL 1@179769313486231570814527423731704356798070567525844996598917476803157260780028538760589558632766878171540458953514382464234321326889464182768467546703537516986049910576551282076245490090389328944075868508455133942304583236903222948165808559332123348274797826204144723168738177180919299881250404026184124858368.000000 }
2026-05-04 10:05:45,762 [INFO] SENDING placeOrder b'\x00\x00\x0143\x0011\x000\x00COPEC\x00STK\x00\x000.0\x00\x00\x00SN\x00\x00CLP\x00\x00\x00\x00\x00SELL\x001\x00MKT\x00\x00\x00\x00\x00\x00\x000\x00\x000\x000\x000\x000\x000\x000\x000\x000\x00\x000\x00\x00\x00\x00\x00\x00\x00\x000\x00\x00-1\x000\x00\x00\x000\x00\x00\x000\x000\x00\x000\x00\x00\x00\x00\x00\x000\x00\x00\x00\x00\x000\x00\x00\x00\x00\x00\x00\x00\x00\x00\x00\x000\x00\x00\x000\x000\x00\x00\x000\x00\x000\x000\x000\x000\x00\x001.7976931348623157e+308\x001.7976931348623157e+308\x001.7976931348623157e+308\x001.7976931348623157e+308\x001.7976931348623157e+308\x000\x00\x00\x00\x001.7976931348623157e+308\x00\x00\x00\x00\x000\x000\x000\x00\x00'
2026-05-04 10:05:46,033 [INFO] REQUEST placeOrder {'orderId': 12, 'contract': 4482510560: 0,COPEC,STK,,0.0,,,SN,,CLP,,,False,,combo:, 'order': 4482507488: 0,0,0: STP BUY 1@179769313486231570814527423731704356798070567525844996598917476803157260780028538760589558632766878171540458953514382464234321326889464182768467546703537516986049910576551282076245490090389328944075868508455133942304583236903222948165808559332123348274797826204144723168738177180919299881250404026184124858368.000000 }
2026-05-04 10:05:46,034 [INFO] SENDING placeOrder b'\x00\x00\x01;3\x0012\x000\x00COPEC\x00STK\x00\x000.0\x00\x00\x00SN\x00\x00CLP\x00\x00\x00\x00\x00BUY\x001\x00STP\x00\x006407.74\x00\x00\x00\x00\x000\x00\x000\x0011\x000\x000\x000\x000\x000\x000\x00\x000\x00\x00\x00\x00\x00\x00\x00\x000\x00\x00-1\x000\x00\x00\x000\x00\x00\x000\x000\x00\x000\x00\x00\x00\x00\x00\x000\x00\x00\x00\x00\x000\x00\x00\x00\x00\x00\x00\x00\x00\x00\x00\x000\x00\x00\x000\x000\x00\x00\x000\x00\x000\x000\x000\x000\x00\x001.7976931348623157e+308\x001.7976931348623157e+308\x001.7976931348623157e+308\x001.7976931348623157e+308\x001.7976931348623157e+308\x000\x00\x00\x00\x001.7976931348623157e+308\x00\x00\x00\x00\x000\x000\x000\x00\x00'
2026-05-04 10:05:46,261 [INFO] REQUEST placeOrder {'orderId': 13, 'contract': 4482510560: 0,COPEC,STK,,0.0,,,SN,,CLP,,,False,,combo:, 'order': 4482509984: 0,0,0: LMT BUY 1@6350.980000 }
2026-05-04 10:05:46,262 [INFO] SENDING placeOrder b'\x00\x00\x01;3\x0013\x000\x00COPEC\x00STK\x00\x000.0\x00\x00\x00SN\x00\x00CLP\x00\x00\x00\x00\x00BUY\x001\x00LMT\x006350.98\x00\x00\x00\x00\x00\x000\x00\x001\x0011\x000\x000\x000\x000\x000\x000\x00\x000\x00\x00\x00\x00\x00\x00\x00\x000\x00\x00-1\x000\x00\x00\x000\x00\x00\x000\x000\x00\x000\x00\x00\x00\x00\x00\x000\x00\x00\x00\x00\x000\x00\x00\x00\x00\x00\x00\x00\x00\x00\x00\x000\x00\x00\x000\x000\x00\x00\x000\x00\x000\x000\x000\x000\x00\x001.7976931348623157e+308\x001.7976931348623157e+308\x001.7976931348623157e+308\x001.7976931348623157e+308\x001.7976931348623157e+308\x000\x00\x00\x00\x001.7976931348623157e+308\x00\x00\x00\x00\x000\x000\x000\x00\x00'
2026-05-04 10:05:48,153 [INFO] disconnecting
2026-05-04 10:05:48,172 [INFO] ANSWER connectionClosed {}
2026-05-04 10:05:48,180 [INFO] Ciclo completado: 1 aperturas, 1 cierres
2026-05-04 10:05:48,181 [INFO] Ciclo completado: 1 aperturas, 1 cierres, 3 rechazadas
2026-05-04 10:10:01,002 [INFO] === CICLO AUTOMÁTICO INICIADO ===
2026-05-04 10:10:03,430 [INFO] sent startApi
2026-05-04 10:10:03,430 [INFO] REQUEST startApi {}
2026-05-04 10:10:03,430 [INFO] SENDING startApi b'\x00\x00\x00\t71\x002\x0050\x00\x00'
2026-05-04 10:10:03,430 [INFO] ANSWER connectAck {}
2026-05-04 10:10:03,434 [INFO] ANSWER managedAccounts {'accountsList': 'DUP838882'}
2026-05-04 10:10:04,007 [INFO] REQUEST reqMktData {'reqId': 1, 'contract': 4600783776: 0,SQM,STK,,0.0,,,NYSE,,USD,,,False,,combo:, 'genericTickList': '100,101,106,233', 'snapshot': False, 'regulatorySnapshot': False, 'mktDataOptions': []}
2026-05-04 10:10:04,023 [INFO] SENDING reqMktData b'\x00\x00\x00;1\x0011\x001\x000\x00SQM\x00STK\x00\x000.0\x00\x00\x00NYSE\x00\x00USD\x00\x00\x000\x00100,101,106,233\x000\x000\x00\x00'
2026-05-04 10:10:04,245 [INFO] REQUEST reqMktData {'reqId': 2, 'contract': 4602272448: 0,ECH,STK,,0.0,,,NYSE,,USD,,,False,,combo:, 'genericTickList': '100,101,106,233', 'snapshot': False, 'regulatorySnapshot': False, 'mktDataOptions': []}
2026-05-04 10:10:04,245 [INFO] SENDING reqMktData b'\x00\x00\x00;1\x0011\x002\x000\x00ECH\x00STK\x00\x000.0\x00\x00\x00NYSE\x00\x00USD\x00\x00\x000\x00100,101,106,233\x000\x000\x00\x00'
2026-05-04 10:10:04,497 [INFO] REQUEST reqMktData {'reqId': 3, 'contract': 4642869792: 0,GLD,STK,,0.0,,,NYSE,,USD,,,False,,combo:, 'genericTickList': '100,101,106,233', 'snapshot': False, 'regulatorySnapshot': False, 'mktDataOptions': []}
2026-05-04 10:10:04,498 [INFO] SENDING reqMktData b'\x00\x00\x00;1\x0011\x003\x000\x00GLD\x00STK\x00\x000.0\x00\x00\x00NYSE\x00\x00USD\x00\x00\x000\x00100,101,106,233\x000\x000\x00\x00'
2026-05-04 10:10:04,724 [INFO] REQUEST reqMktData {'reqId': 4, 'contract': 4600357840: 0,SPY,STK,,0.0,,,NYSE,,USD,,,False,,combo:, 'genericTickList': '100,101,106,233', 'snapshot': False, 'regulatorySnapshot': False, 'mktDataOptions': []}
2026-05-04 10:10:04,725 [INFO] SENDING reqMktData b'\x00\x00\x00;1\x0011\x004\x000\x00SPY\x00STK\x00\x000.0\x00\x00\x00NYSE\x00\x00USD\x00\x00\x000\x00100,101,106,233\x000\x000\x00\x00'
2026-05-04 10:10:04,983 [INFO] REQUEST reqMktData {'reqId': 5, 'contract': 4602837216: 0,GC,FUT,202606,0.0,,,COMEX,,USD,,,False,,combo:, 'genericTickList': '100,101,106,233', 'snapshot': False, 'regulatorySnapshot': False, 'mktDataOptions': []}
2026-05-04 10:10:04,988 [INFO] SENDING reqMktData b'\x00\x00\x00A1\x0011\x005\x000\x00GC\x00FUT\x00202606\x000.0\x00\x00\x00COMEX\x00\x00USD\x00\x00\x000\x00100,101,106,233\x000\x000\x00\x00'
2026-05-04 10:10:05,214 [INFO] REQUEST reqMktData {'reqId': 6, 'contract': 4643483120: 0,HG,FUT,202606,0.0,,,COMEX,,USD,,,False,,combo:, 'genericTickList': '100,101,106,233', 'snapshot': False, 'regulatorySnapshot': False, 'mktDataOptions': []}
2026-05-04 10:10:05,215 [INFO] SENDING reqMktData b'\x00\x00\x00A1\x0011\x006\x000\x00HG\x00FUT\x00202606\x000.0\x00\x00\x00COMEX\x00\x00USD\x00\x00\x000\x00100,101,106,233\x000\x000\x00\x00'
2026-05-04 10:10:05,844 [INFO] sent startApi
2026-05-04 10:10:05,844 [INFO] REQUEST startApi {}
2026-05-04 10:10:05,844 [INFO] SENDING startApi b'\x00\x00\x00\t71\x002\x0070\x00\x00'
2026-05-04 10:10:05,844 [INFO] ANSWER connectAck {}
2026-05-04 10:10:05,845 [INFO] ANSWER managedAccounts {'accountsList': 'DUP838882'}
2026-05-04 10:10:06,397 [INFO] REQUEST reqMktDepth {'reqId': 100, 'contract': 4601635216: 0,SQM,STK,,0.0,,,SN,,CLP,,,False,,combo:, 'numRows': 5, 'isSmartDepth': False, 'mktDepthOptions': []}
2026-05-04 10:10:06,397 [INFO] SENDING reqMktDepth b'\x00\x00\x00)10\x005\x00100\x000\x00SQM\x00STK\x00\x000.0\x00\x00\x00SN\x00\x00CLP\x00\x00\x005\x000\x00\x00'
2026-05-04 10:10:06,591 [INFO] REQUEST reqMktDepth {'reqId': 101, 'contract': 4602689616: 0,COPEC,STK,,0.0,,,SN,,CLP,,,False,,combo:, 'numRows': 5, 'isSmartDepth': False, 'mktDepthOptions': []}
2026-05-04 10:10:06,594 [INFO] SENDING reqMktDepth b'\x00\x00\x00+10\x005\x00101\x000\x00COPEC\x00STK\x00\x000.0\x00\x00\x00SN\x00\x00CLP\x00\x00\x005\x000\x00\x00'
2026-05-04 10:10:06,865 [INFO] REQUEST reqMktDepth {'reqId': 102, 'contract': 4646633136: 0,BCI,STK,,0.0,,,SN,,CLP,,,False,,combo:, 'numRows': 5, 'isSmartDepth': False, 'mktDepthOptions': []}
2026-05-04 10:10:06,868 [INFO] SENDING reqMktDepth b'\x00\x00\x00)10\x005\x00102\x000\x00BCI\x00STK\x00\x000.0\x00\x00\x00SN\x00\x00CLP\x00\x00\x005\x000\x00\x00'
2026-05-04 10:10:07,053 [INFO] REQUEST reqMktDepth {'reqId': 103, 'contract': 4602690240: 0,BSAC,STK,,0.0,,,SMART,,USD,,,False,,combo:, 'numRows': 5, 'isSmartDepth': False, 'mktDepthOptions': []}
2026-05-04 10:10:07,057 [INFO] SENDING reqMktDepth b'\x00\x00\x00-10\x005\x00103\x000\x00BSAC\x00STK\x00\x000.0\x00\x00\x00SMART\x00\x00USD\x00\x00\x005\x000\x00\x00'
2026-05-04 10:10:07,214 [INFO] REQUEST reqMktDepth {'reqId': 104, 'contract': 4643487312: 0,BCH,STK,,0.0,,,SMART,,USD,,,False,,combo:, 'numRows': 5, 'isSmartDepth': False, 'mktDepthOptions': []}
2026-05-04 10:10:07,215 [INFO] SENDING reqMktDepth b'\x00\x00\x00,10\x005\x00104\x000\x00BCH\x00STK\x00\x000.0\x00\x00\x00SMART\x00\x00USD\x00\x00\x005\x000\x00\x00'
2026-05-04 10:10:07,348 [INFO] REQUEST reqMktDepth {'reqId': 105, 'contract': 4643485632: 0,FALABELLA,STK,,0.0,,,SN,,CLP,,,False,,combo:, 'numRows': 5, 'isSmartDepth': False, 'mktDepthOptions': []}
2026-05-04 10:10:07,351 [INFO] SENDING reqMktDepth b'\x00\x00\x00/10\x005\x00105\x000\x00FALABELLA\x00STK\x00\x000.0\x00\x00\x00SN\x00\x00CLP\x00\x00\x005\x000\x00\x00'
2026-05-04 10:10:07,530 [INFO] REQUEST reqMktDepth {'reqId': 106, 'contract': 4643486016: 0,CENCOSUD,STK,,0.0,,,SN,,CLP,,,False,,combo:, 'numRows': 5, 'isSmartDepth': False, 'mktDepthOptions': []}
2026-05-04 10:10:07,533 [INFO] SENDING reqMktDepth b'\x00\x00\x00.10\x005\x00106\x000\x00CENCOSUD\x00STK\x00\x000.0\x00\x00\x00SN\x00\x00CLP\x00\x00\x005\x000\x00\x00'
2026-05-04 10:10:07,692 [ERROR] $CFR.SN: possibly delisted; no price data found  (period=3mo)
2026-05-04 10:10:07,693 [INFO] REQUEST reqMktDepth {'reqId': 107, 'contract': 4646572144: 0,CMPC,STK,,0.0,,,SN,,CLP,,,False,,combo:, 'numRows': 5, 'isSmartDepth': False, 'mktDepthOptions': []}
2026-05-04 10:10:07,693 [INFO] SENDING reqMktDepth b'\x00\x00\x00*10\x005\x00107\x000\x00CMPC\x00STK\x00\x000.0\x00\x00\x00SN\x00\x00CLP\x00\x00\x005\x000\x00\x00'
2026-05-04 10:10:07,739 [ERROR] $ENDESA.SN: possibly delisted; no price data found  (period=3mo)
2026-05-04 10:10:07,867 [INFO] REQUEST reqMktDepth {'reqId': 108, 'contract': 4600783488: 0,COLBUN,STK,,0.0,,,SN,,CLP,,,False,,combo:, 'numRows': 5, 'isSmartDepth': False, 'mktDepthOptions': []}
2026-05-04 10:10:07,868 [INFO] SENDING reqMktDepth b'\x00\x00\x00,10\x005\x00108\x000\x00COLBUN\x00STK\x00\x000.0\x00\x00\x00SN\x00\x00CLP\x00\x00\x005\x000\x00\x00'
2026-05-04 10:10:08,037 [INFO] REQUEST reqMktDepth {'reqId': 109, 'contract': 4646558352: 0,ENELCHILE,STK,,0.0,,,SN,,CLP,,,False,,combo:, 'numRows': 5, 'isSmartDepth': False, 'mktDepthOptions': []}
2026-05-04 10:10:08,041 [INFO] SENDING reqMktDepth b'\x00\x00\x00/10\x005\x00109\x000\x00ENELCHILE\x00STK\x00\x000.0\x00\x00\x00SN\x00\x00CLP\x00\x00\x005\x000\x00\x00'
2026-05-04 10:10:08,199 [INFO] REQUEST reqMktDepth {'reqId': 110, 'contract': 4643482112: 0,ENELAM,STK,,0.0,,,SN,,CLP,,,False,,combo:, 'numRows': 5, 'isSmartDepth': False, 'mktDepthOptions': []}
2026-05-04 10:10:08,199 [INFO] SENDING reqMktDepth b'\x00\x00\x00,10\x005\x00110\x000\x00ENELAM\x00STK\x00\x000.0\x00\x00\x00SN\x00\x00CLP\x00\x00\x005\x000\x00\x00'
2026-05-04 10:10:08,344 [INFO] REQUEST reqMktDepth {'reqId': 111, 'contract': 4648123312: 0,ENTEL,STK,,0.0,,,SN,,CLP,,,False,,combo:, 'numRows': 5, 'isSmartDepth': False, 'mktDepthOptions': []}
2026-05-04 10:10:08,345 [INFO] SENDING reqMktDepth b'\x00\x00\x00+10\x005\x00111\x000\x00ENTEL\x00STK\x00\x000.0\x00\x00\x00SN\x00\x00CLP\x00\x00\x005\x000\x00\x00'
2026-05-04 10:10:08,525 [INFO] REQUEST reqMktDepth {'reqId': 112, 'contract': 4600271728: 0,LTM,STK,,0.0,,,SMART,,USD,,,False,,combo:, 'numRows': 5, 'isSmartDepth': False, 'mktDepthOptions': []}
2026-05-04 10:10:08,527 [INFO] SENDING reqMktDepth b'\x00\x00\x00,10\x005\x00112\x000\x00LTM\x00STK\x00\x000.0\x00\x00\x00SMART\x00\x00USD\x00\x00\x005\x000\x00\x00'
2026-05-04 10:10:08,691 [INFO] REQUEST reqMktDepth {'reqId': 113, 'contract': 4643589472: 0,CAP,STK,,0.0,,,SN,,CLP,,,False,,combo:, 'numRows': 5, 'isSmartDepth': False, 'mktDepthOptions': []}
2026-05-04 10:10:08,691 [INFO] SENDING reqMktDepth b'\x00\x00\x00)10\x005\x00113\x000\x00CAP\x00STK\x00\x000.0\x00\x00\x00SN\x00\x00CLP\x00\x00\x005\x000\x00\x00'
2026-05-04 10:10:08,859 [INFO] REQUEST reqMktDepth {'reqId': 114, 'contract': 4643517872: 0,CCU,STK,,0.0,,,SN,,CLP,,,False,,combo:, 'numRows': 5, 'isSmartDepth': False, 'mktDepthOptions': []}
2026-05-04 10:10:08,859 [INFO] SENDING reqMktDepth b'\x00\x00\x00)10\x005\x00114\x000\x00CCU\x00STK\x00\x000.0\x00\x00\x00SN\x00\x00CLP\x00\x00\x005\x000\x00\x00'
2026-05-04 10:10:10,966 [ERROR] $BANMEDICA.SN: possibly delisted; no price data found  (period=3mo) (Yahoo error = "No data found, symbol may be delisted")
2026-05-04 10:10:13,558 [INFO] disconnecting
2026-05-04 10:10:13,559 [INFO] ANSWER connectionClosed {}
2026-05-04 10:10:17,115 [INFO] disconnecting
2026-05-04 10:10:17,115 [INFO] ANSWER connectionClosed {}
2026-05-04 10:10:31,025 [ERROR] $COPEC.SN: possibly delisted; no price data found  (period=1d)
2026-05-04 10:10:31,427 [ERROR] $COPEC.SN: possibly delisted; no price data found  (period=1d)
2026-05-04 10:10:31,536 [INFO] sent startApi
2026-05-04 10:10:31,537 [INFO] REQUEST startApi {}
2026-05-04 10:10:31,537 [INFO] SENDING startApi b'\x00\x00\x00\t71\x002\x0030\x00\x00'
2026-05-04 10:10:31,537 [INFO] ANSWER connectAck {}
2026-05-04 10:10:31,540 [INFO] ANSWER managedAccounts {'accountsList': 'DUP838882'}
2026-05-04 10:10:32,551 [INFO] REQUEST placeOrder {'orderId': 10, 'contract': 4655144096: 0,COPEC,STK,,0.0,,,SMART,,USD,,,False,,combo:, 'order': 4655142752: 0,0,0: LMT BUY 1@6350.980000 }
2026-05-04 10:10:32,552 [INFO] SENDING placeOrder b'\x00\x00\x01=3\x0010\x000\x00COPEC\x00STK\x00\x000.0\x00\x00\x00SMART\x00\x00USD\x00\x00\x00\x00\x00BUY\x001\x00LMT\x006350.98\x00\x00\x00\x00\x00\x000\x00\x001\x000\x000\x000\x000\x000\x000\x000\x00\x000\x00\x00\x00\x00\x00\x00\x00\x000\x00\x00-1\x000\x00\x00\x000\x00\x00\x000\x000\x00\x000\x00\x00\x00\x00\x00\x000\x00\x00\x00\x00\x000\x00\x00\x00\x00\x00\x00\x00\x00\x00\x00\x000\x00\x00\x000\x000\x00\x00\x000\x00\x000\x000\x000\x000\x00\x001.7976931348623157e+308\x001.7976931348623157e+308\x001.7976931348623157e+308\x001.7976931348623157e+308\x001.7976931348623157e+308\x000\x00\x00\x00\x001.7976931348623157e+308\x00\x00\x00\x00\x000\x000\x000\x00\x00'
2026-05-04 10:10:35,571 [INFO] disconnecting
2026-05-04 10:10:35,572 [INFO] ANSWER connectionClosed {}
2026-05-04 10:10:36,791 [INFO] CIERRE: COPEC | TAKE PROFIT | PnL +0.00%
2026-05-04 10:10:46,289 [INFO] APERTURA: VENDER COPEC | Conv 78.7% | Riesgo 1/10
2026-05-04 10:10:46,321 [INFO] sent startApi
2026-05-04 10:10:46,321 [INFO] REQUEST startApi {}
2026-05-04 10:10:46,321 [INFO] SENDING startApi b'\x00\x00\x00\t71\x002\x0010\x00\x00'
2026-05-04 10:10:46,321 [INFO] ANSWER connectAck {}
2026-05-04 10:10:46,324 [INFO] ANSWER managedAccounts {'accountsList': 'DUP838882'}
2026-05-04 10:10:47,462 [INFO] REQUEST placeOrder {'orderId': 11, 'contract': 4655141696: 0,COPEC,STK,,0.0,,,SN,,CLP,,,False,,combo:, 'order': 4655143664: 0,0,0: MKT SELL 1@179769313486231570814527423731704356798070567525844996598917476803157260780028538760589558632766878171540458953514382464234321326889464182768467546703537516986049910576551282076245490090389328944075868508455133942304583236903222948165808559332123348274797826204144723168738177180919299881250404026184124858368.000000 }
2026-05-04 10:10:47,463 [INFO] SENDING placeOrder b'\x00\x00\x0143\x0011\x000\x00COPEC\x00STK\x00\x000.0\x00\x00\x00SN\x00\x00CLP\x00\x00\x00\x00\x00SELL\x001\x00MKT\x00\x00\x00\x00\x00\x00\x000\x00\x000\x000\x000\x000\x000\x000\x000\x000\x00\x000\x00\x00\x00\x00\x00\x00\x00\x000\x00\x00-1\x000\x00\x00\x000\x00\x00\x000\x000\x00\x000\x00\x00\x00\x00\x00\x000\x00\x00\x00\x00\x000\x00\x00\x00\x00\x00\x00\x00\x00\x00\x00\x000\x00\x00\x000\x000\x00\x00\x000\x00\x000\x000\x000\x000\x00\x001.7976931348623157e+308\x001.7976931348623157e+308\x001.7976931348623157e+308\x001.7976931348623157e+308\x001.7976931348623157e+308\x000\x00\x00\x00\x001.7976931348623157e+308\x00\x00\x00\x00\x000\x000\x000\x00\x00'
2026-05-04 10:10:47,811 [INFO] REQUEST placeOrder {'orderId': 12, 'contract': 4655141696: 0,COPEC,STK,,0.0,,,SN,,CLP,,,False,,combo:, 'order': 4655141168: 0,0,0: STP BUY 1@179769313486231570814527423731704356798070567525844996598917476803157260780028538760589558632766878171540458953514382464234321326889464182768467546703537516986049910576551282076245490090389328944075868508455133942304583236903222948165808559332123348274797826204144723168738177180919299881250404026184124858368.000000 }
2026-05-04 10:10:47,812 [INFO] SENDING placeOrder b'\x00\x00\x01;3\x0012\x000\x00COPEC\x00STK\x00\x000.0\x00\x00\x00SN\x00\x00CLP\x00\x00\x00\x00\x00BUY\x001\x00STP\x00\x006407.74\x00\x00\x00\x00\x000\x00\x000\x0011\x000\x000\x000\x000\x000\x000\x00\x000\x00\x00\x00\x00\x00\x00\x00\x000\x00\x00-1\x000\x00\x00\x000\x00\x00\x000\x000\x00\x000\x00\x00\x00\x00\x00\x000\x00\x00\x00\x00\x000\x00\x00\x00\x00\x00\x00\x00\x00\x00\x00\x000\x00\x00\x000\x000\x00\x00\x000\x00\x000\x000\x000\x000\x00\x001.7976931348623157e+308\x001.7976931348623157e+308\x001.7976931348623157e+308\x001.7976931348623157e+308\x001.7976931348623157e+308\x000\x00\x00\x00\x001.7976931348623157e+308\x00\x00\x00\x00\x000\x000\x000\x00\x00'
2026-05-04 10:10:48,099 [INFO] REQUEST placeOrder {'orderId': 13, 'contract': 4655141696: 0,COPEC,STK,,0.0,,,SN,,CLP,,,False,,combo:, 'order': 4655143520: 0,0,0: LMT BUY 1@6350.980000 }
2026-05-04 10:10:48,099 [INFO] SENDING placeOrder b'\x00\x00\x01;3\x0013\x000\x00COPEC\x00STK\x00\x000.0\x00\x00\x00SN\x00\x00CLP\x00\x00\x00\x00\x00BUY\x001\x00LMT\x006350.98\x00\x00\x00\x00\x00\x000\x00\x001\x0011\x000\x000\x000\x000\x000\x000\x00\x000\x00\x00\x00\x00\x00\x00\x00\x000\x00\x00-1\x000\x00\x00\x000\x00\x00\x000\x000\x00\x000\x00\x00\x00\x00\x00\x000\x00\x00\x00\x00\x000\x00\x00\x00\x00\x00\x00\x00\x00\x00\x00\x000\x00\x00\x000\x000\x00\x00\x000\x00\x000\x000\x000\x000\x00\x001.7976931348623157e+308\x001.7976931348623157e+308\x001.7976931348623157e+308\x001.7976931348623157e+308\x001.7976931348623157e+308\x000\x00\x00\x00\x001.7976931348623157e+308\x00\x00\x00\x00\x000\x000\x000\x00\x00'
2026-05-04 10:10:50,207 [INFO] disconnecting
2026-05-04 10:10:50,208 [INFO] ANSWER connectionClosed {}
2026-05-04 10:10:50,214 [INFO] Ciclo completado: 1 aperturas, 1 cierres
2026-05-04 10:10:50,214 [INFO] Ciclo completado: 1 aperturas, 1 cierres, 3 rechazadas
2026-05-04 10:12:54,910 [ERROR] $COPEC.SN: possibly delisted; no price data found  (period=1d)
2026-05-04 10:12:55,395 [ERROR] $COPEC.SN: possibly delisted; no price data found  (period=1d)
2026-05-04 10:12:55,549 [INFO] sent startApi
2026-05-04 10:12:55,550 [INFO] REQUEST startApi {}
2026-05-04 10:12:55,551 [INFO] SENDING startApi b'\x00\x00\x00\t71\x002\x0030\x00\x00'
2026-05-04 10:12:55,551 [INFO] ANSWER connectAck {}
2026-05-04 10:12:55,554 [INFO] ANSWER managedAccounts {'accountsList': 'DUP838882'}
2026-05-04 10:12:56,560 [INFO] REQUEST placeOrder {'orderId': 11, 'contract': 6294546944: 0,COPEC,STK,,0.0,,,SMART,,USD,,,False,,combo:, 'order': 6294544544: 0,0,0: LMT BUY 1@6350.980000 }
2026-05-04 10:12:56,561 [INFO] SENDING placeOrder b'\x00\x00\x01=3\x0011\x000\x00COPEC\x00STK\x00\x000.0\x00\x00\x00SMART\x00\x00USD\x00\x00\x00\x00\x00BUY\x001\x00LMT\x006350.98\x00\x00\x00\x00\x00\x000\x00\x001\x000\x000\x000\x000\x000\x000\x000\x00\x000\x00\x00\x00\x00\x00\x00\x00\x000\x00\x00-1\x000\x00\x00\x000\x00\x00\x000\x000\x00\x000\x00\x00\x00\x00\x00\x000\x00\x00\x00\x00\x000\x00\x00\x00\x00\x00\x00\x00\x00\x00\x00\x000\x00\x00\x000\x000\x00\x00\x000\x00\x000\x000\x000\x000\x00\x001.7976931348623157e+308\x001.7976931348623157e+308\x001.7976931348623157e+308\x001.7976931348623157e+308\x001.7976931348623157e+308\x000\x00\x00\x00\x001.7976931348623157e+308\x00\x00\x00\x00\x000\x000\x000\x00\x00'
2026-05-04 10:12:59,566 [INFO] disconnecting
2026-05-04 10:12:59,568 [INFO] ANSWER connectionClosed {}
2026-05-04 10:13:00,780 [INFO] CIERRE: COPEC | TAKE PROFIT | PnL +0.00%
2026-05-04 10:13:12,368 [INFO] APERTURA: VENDER COPEC | Conv 78.7% | Riesgo 1/10
2026-05-04 10:13:12,384 [INFO] sent startApi
2026-05-04 10:13:12,384 [INFO] REQUEST startApi {}
2026-05-04 10:13:12,384 [INFO] SENDING startApi b'\x00\x00\x00\t71\x002\x0010\x00\x00'
2026-05-04 10:13:12,384 [INFO] ANSWER connectAck {}
2026-05-04 10:13:12,388 [INFO] ANSWER managedAccounts {'accountsList': 'DUP838882'}
2026-05-04 10:13:13,395 [INFO] REQUEST placeOrder {'orderId': 11, 'contract': 6308938368: 0,COPEC,STK,,0.0,,,SN,,CLP,,,False,,combo:, 'order': 6308938080: 0,0,0: MKT SELL 1@179769313486231570814527423731704356798070567525844996598917476803157260780028538760589558632766878171540458953514382464234321326889464182768467546703537516986049910576551282076245490090389328944075868508455133942304583236903222948165808559332123348274797826204144723168738177180919299881250404026184124858368.000000 }
2026-05-04 10:13:13,395 [INFO] SENDING placeOrder b'\x00\x00\x0143\x0011\x000\x00COPEC\x00STK\x00\x000.0\x00\x00\x00SN\x00\x00CLP\x00\x00\x00\x00\x00SELL\x001\x00MKT\x00\x00\x00\x00\x00\x00\x000\x00\x000\x000\x000\x000\x000\x000\x000\x000\x00\x000\x00\x00\x00\x00\x00\x00\x00\x000\x00\x00-1\x000\x00\x00\x000\x00\x00\x000\x000\x00\x000\x00\x00\x00\x00\x00\x000\x00\x00\x00\x00\x000\x00\x00\x00\x00\x00\x00\x00\x00\x00\x00\x000\x00\x00\x000\x000\x00\x00\x000\x00\x000\x000\x000\x000\x00\x001.7976931348623157e+308\x001.7976931348623157e+308\x001.7976931348623157e+308\x001.7976931348623157e+308\x001.7976931348623157e+308\x000\x00\x00\x00\x001.7976931348623157e+308\x00\x00\x00\x00\x000\x000\x000\x00\x00'
2026-05-04 10:13:13,601 [INFO] REQUEST placeOrder {'orderId': 12, 'contract': 6308938368: 0,COPEC,STK,,0.0,,,SN,,CLP,,,False,,combo:, 'order': 6293952592: 0,0,0: STP BUY 1@179769313486231570814527423731704356798070567525844996598917476803157260780028538760589558632766878171540458953514382464234321326889464182768467546703537516986049910576551282076245490090389328944075868508455133942304583236903222948165808559332123348274797826204144723168738177180919299881250404026184124858368.000000 }
2026-05-04 10:13:13,601 [INFO] SENDING placeOrder b'\x00\x00\x01;3\x0012\x000\x00COPEC\x00STK\x00\x000.0\x00\x00\x00SN\x00\x00CLP\x00\x00\x00\x00\x00BUY\x001\x00STP\x00\x006407.74\x00\x00\x00\x00\x000\x00\x000\x0011\x000\x000\x000\x000\x000\x000\x00\x000\x00\x00\x00\x00\x00\x00\x00\x000\x00\x00-1\x000\x00\x00\x000\x00\x00\x000\x000\x00\x000\x00\x00\x00\x00\x00\x000\x00\x00\x00\x00\x000\x00\x00\x00\x00\x00\x00\x00\x00\x00\x00\x000\x00\x00\x000\x000\x00\x00\x000\x00\x000\x000\x000\x000\x00\x001.7976931348623157e+308\x001.7976931348623157e+308\x001.7976931348623157e+308\x001.7976931348623157e+308\x001.7976931348623157e+308\x000\x00\x00\x00\x001.7976931348623157e+308\x00\x00\x00\x00\x000\x000\x000\x00\x00'
2026-05-04 10:13:13,803 [INFO] REQUEST placeOrder {'orderId': 13, 'contract': 6308938368: 0,COPEC,STK,,0.0,,,SN,,CLP,,,False,,combo:, 'order': 6293952064: 0,0,0: LMT BUY 1@6350.980000 }
2026-05-04 10:13:13,803 [INFO] SENDING placeOrder b'\x00\x00\x01;3\x0013\x000\x00COPEC\x00STK\x00\x000.0\x00\x00\x00SN\x00\x00CLP\x00\x00\x00\x00\x00BUY\x001\x00LMT\x006350.98\x00\x00\x00\x00\x00\x000\x00\x001\x0011\x000\x000\x000\x000\x000\x000\x00\x000\x00\x00\x00\x00\x00\x00\x00\x000\x00\x00-1\x000\x00\x00\x000\x00\x00\x000\x000\x00\x000\x00\x00\x00\x00\x00\x000\x00\x00\x00\x00\x000\x00\x00\x00\x00\x00\x00\x00\x00\x00\x00\x000\x00\x00\x000\x000\x00\x00\x000\x00\x000\x000\x000\x000\x00\x001.7976931348623157e+308\x001.7976931348623157e+308\x001.7976931348623157e+308\x001.7976931348623157e+308\x001.7976931348623157e+308\x000\x00\x00\x00\x001.7976931348623157e+308\x00\x00\x00\x00\x000\x000\x000\x00\x00'
2026-05-04 10:13:15,511 [INFO] disconnecting
2026-05-04 10:13:15,512 [INFO] ANSWER connectionClosed {}
2026-05-04 10:13:15,520 [INFO] Ciclo completado: 1 aperturas, 1 cierres
2026-05-04 10:14:32,666 [INFO] sent startApi
2026-05-04 10:14:32,668 [INFO] REQUEST startApi {}
2026-05-04 10:14:32,669 [INFO] SENDING startApi b'\x00\x00\x00\t71\x002\x0050\x00\x00'
2026-05-04 10:14:32,669 [INFO] ANSWER connectAck {}
2026-05-04 10:14:32,673 [INFO] ANSWER managedAccounts {'accountsList': 'DUP838882'}
2026-05-04 10:14:33,179 [INFO] REQUEST reqMktData {'reqId': 1, 'contract': 6305042592: 0,SQM,STK,,0.0,,,NYSE,,USD,,,False,,combo:, 'genericTickList': '100,101,106,233', 'snapshot': False, 'regulatorySnapshot': False, 'mktDataOptions': []}
2026-05-04 10:14:33,179 [INFO] SENDING reqMktData b'\x00\x00\x00;1\x0011\x001\x000\x00SQM\x00STK\x00\x000.0\x00\x00\x00NYSE\x00\x00USD\x00\x00\x000\x00100,101,106,233\x000\x000\x00\x00'
2026-05-04 10:14:33,382 [INFO] REQUEST reqMktData {'reqId': 2, 'contract': 6293951008: 0,ECH,STK,,0.0,,,NYSE,,USD,,,False,,combo:, 'genericTickList': '100,101,106,233', 'snapshot': False, 'regulatorySnapshot': False, 'mktDataOptions': []}
2026-05-04 10:14:33,382 [INFO] SENDING reqMktData b'\x00\x00\x00;1\x0011\x002\x000\x00ECH\x00STK\x00\x000.0\x00\x00\x00NYSE\x00\x00USD\x00\x00\x000\x00100,101,106,233\x000\x000\x00\x00'
2026-05-04 10:14:33,588 [INFO] REQUEST reqMktData {'reqId': 3, 'contract': 6312630016: 0,GLD,STK,,0.0,,,NYSE,,USD,,,False,,combo:, 'genericTickList': '100,101,106,233', 'snapshot': False, 'regulatorySnapshot': False, 'mktDataOptions': []}
2026-05-04 10:14:33,589 [INFO] SENDING reqMktData b'\x00\x00\x00;1\x0011\x003\x000\x00GLD\x00STK\x00\x000.0\x00\x00\x00NYSE\x00\x00USD\x00\x00\x000\x00100,101,106,233\x000\x000\x00\x00'
2026-05-04 10:14:33,791 [INFO] REQUEST reqMktData {'reqId': 4, 'contract': 6293495968: 0,SPY,STK,,0.0,,,NYSE,,USD,,,False,,combo:, 'genericTickList': '100,101,106,233', 'snapshot': False, 'regulatorySnapshot': False, 'mktDataOptions': []}
2026-05-04 10:14:33,792 [INFO] SENDING reqMktData b'\x00\x00\x00;1\x0011\x004\x000\x00SPY\x00STK\x00\x000.0\x00\x00\x00NYSE\x00\x00USD\x00\x00\x000\x00100,101,106,233\x000\x000\x00\x00'
2026-05-04 10:14:33,995 [INFO] REQUEST reqMktData {'reqId': 5, 'contract': 6300223664: 0,GC,FUT,202606,0.0,,,COMEX,,USD,,,False,,combo:, 'genericTickList': '100,101,106,233', 'snapshot': False, 'regulatorySnapshot': False, 'mktDataOptions': []}
2026-05-04 10:14:33,996 [INFO] SENDING reqMktData b'\x00\x00\x00A1\x0011\x005\x000\x00GC\x00FUT\x00202606\x000.0\x00\x00\x00COMEX\x00\x00USD\x00\x00\x000\x00100,101,106,233\x000\x000\x00\x00'
2026-05-04 10:14:34,201 [INFO] REQUEST reqMktData {'reqId': 6, 'contract': 5092452720: 0,HG,FUT,202606,0.0,,,COMEX,,USD,,,False,,combo:, 'genericTickList': '100,101,106,233', 'snapshot': False, 'regulatorySnapshot': False, 'mktDataOptions': []}
2026-05-04 10:14:34,202 [INFO] SENDING reqMktData b'\x00\x00\x00A1\x0011\x006\x000\x00HG\x00FUT\x00202606\x000.0\x00\x00\x00COMEX\x00\x00USD\x00\x00\x000\x00100,101,106,233\x000\x000\x00\x00'
2026-05-04 10:14:42,408 [INFO] disconnecting
2026-05-04 10:14:42,408 [INFO] ANSWER connectionClosed {}
2026-05-04 10:14:43,662 [INFO] sent startApi
2026-05-04 10:14:43,669 [INFO] REQUEST startApi {}
2026-05-04 10:14:43,675 [INFO] SENDING startApi b'\x00\x00\x00\t71\x002\x0050\x00\x00'
2026-05-04 10:14:43,679 [INFO] ANSWER connectAck {}
2026-05-04 10:14:43,680 [INFO] ANSWER managedAccounts {'accountsList': 'DUP838882'}
2026-05-04 10:14:43,696 [INFO] sent startApi
2026-05-04 10:14:43,696 [INFO] REQUEST startApi {}
2026-05-04 10:14:43,696 [INFO] SENDING startApi b'\x00\x00\x00\t71\x002\x0070\x00\x00'
2026-05-04 10:14:43,696 [INFO] ANSWER connectAck {}
2026-05-04 10:14:43,696 [INFO] ANSWER managedAccounts {'accountsList': 'DUP838882'}
2026-05-04 10:14:44,185 [INFO] REQUEST reqMktData {'reqId': 1, 'contract': 6308396528: 0,SQM,STK,,0.0,,,NYSE,,USD,,,False,,combo:, 'genericTickList': '100,101,106,233', 'snapshot': False, 'regulatorySnapshot': False, 'mktDataOptions': []}
2026-05-04 10:14:44,186 [INFO] SENDING reqMktData b'\x00\x00\x00;1\x0011\x001\x000\x00SQM\x00STK\x00\x000.0\x00\x00\x00NYSE\x00\x00USD\x00\x00\x000\x00100,101,106,233\x000\x000\x00\x00'
2026-05-04 10:14:44,201 [INFO] REQUEST reqMktDepth {'reqId': 100, 'contract': 6308395808: 0,SQM,STK,,0.0,,,SN,,CLP,,,False,,combo:, 'numRows': 5, 'isSmartDepth': False, 'mktDepthOptions': []}
2026-05-04 10:14:44,202 [INFO] SENDING reqMktDepth b'\x00\x00\x00)10\x005\x00100\x000\x00SQM\x00STK\x00\x000.0\x00\x00\x00SN\x00\x00CLP\x00\x00\x005\x000\x00\x00'
2026-05-04 10:14:44,307 [INFO] REQUEST reqMktDepth {'reqId': 101, 'contract': 6308394560: 0,COPEC,STK,,0.0,,,SN,,CLP,,,False,,combo:, 'numRows': 5, 'isSmartDepth': False, 'mktDepthOptions': []}
2026-05-04 10:14:44,308 [INFO] SENDING reqMktDepth b'\x00\x00\x00+10\x005\x00101\x000\x00COPEC\x00STK\x00\x000.0\x00\x00\x00SN\x00\x00CLP\x00\x00\x005\x000\x00\x00'
2026-05-04 10:14:44,390 [INFO] REQUEST reqMktData {'reqId': 2, 'contract': 6296984592: 0,ECH,STK,,0.0,,,NYSE,,USD,,,False,,combo:, 'genericTickList': '100,101,106,233', 'snapshot': False, 'regulatorySnapshot': False, 'mktDataOptions': []}
2026-05-04 10:14:44,391 [INFO] SENDING reqMktData b'\x00\x00\x00;1\x0011\x002\x000\x00ECH\x00STK\x00\x000.0\x00\x00\x00NYSE\x00\x00USD\x00\x00\x000\x00100,101,106,233\x000\x000\x00\x00'
2026-05-04 10:14:44,412 [INFO] REQUEST reqMktDepth {'reqId': 102, 'contract': 6293951152: 0,BCI,STK,,0.0,,,SN,,CLP,,,False,,combo:, 'numRows': 5, 'isSmartDepth': False, 'mktDepthOptions': []}
2026-05-04 10:14:44,413 [INFO] SENDING reqMktDepth b'\x00\x00\x00)10\x005\x00102\x000\x00BCI\x00STK\x00\x000.0\x00\x00\x00SN\x00\x00CLP\x00\x00\x005\x000\x00\x00'
2026-05-04 10:14:44,518 [INFO] REQUEST reqMktDepth {'reqId': 103, 'contract': 6299850448: 0,BSAC,STK,,0.0,,,SMART,,USD,,,False,,combo:, 'numRows': 5, 'isSmartDepth': False, 'mktDepthOptions': []}
2026-05-04 10:14:44,519 [INFO] SENDING reqMktDepth b'\x00\x00\x00-10\x005\x00103\x000\x00BSAC\x00STK\x00\x000.0\x00\x00\x00SMART\x00\x00USD\x00\x00\x005\x000\x00\x00'
2026-05-04 10:14:44,593 [INFO] REQUEST reqMktData {'reqId': 3, 'contract': 6272106016: 0,GLD,STK,,0.0,,,NYSE,,USD,,,False,,combo:, 'genericTickList': '100,101,106,233', 'snapshot': False, 'regulatorySnapshot': False, 'mktDataOptions': []}
2026-05-04 10:14:44,594 [INFO] SENDING reqMktData b'\x00\x00\x00;1\x0011\x003\x000\x00GLD\x00STK\x00\x000.0\x00\x00\x00NYSE\x00\x00USD\x00\x00\x000\x00100,101,106,233\x000\x000\x00\x00'
2026-05-04 10:14:44,624 [INFO] REQUEST reqMktDepth {'reqId': 104, 'contract': 6299851456: 0,BCH,STK,,0.0,,,SMART,,USD,,,False,,combo:, 'numRows': 5, 'isSmartDepth': False, 'mktDepthOptions': []}
2026-05-04 10:14:44,624 [INFO] SENDING reqMktDepth b'\x00\x00\x00,10\x005\x00104\x000\x00BCH\x00STK\x00\x000.0\x00\x00\x00SMART\x00\x00USD\x00\x00\x005\x000\x00\x00'
2026-05-04 10:14:44,740 [INFO] REQUEST reqMktDepth {'reqId': 105, 'contract': 6296984448: 0,FALABELLA,STK,,0.0,,,SN,,CLP,,,False,,combo:, 'numRows': 5, 'isSmartDepth': False, 'mktDepthOptions': []}
2026-05-04 10:14:44,741 [INFO] SENDING reqMktDepth b'\x00\x00\x00/10\x005\x00105\x000\x00FALABELLA\x00STK\x00\x000.0\x00\x00\x00SN\x00\x00CLP\x00\x00\x005\x000\x00\x00'
2026-05-04 10:14:44,799 [INFO] REQUEST reqMktData {'reqId': 4, 'contract': 6295348896: 0,SPY,STK,,0.0,,,NYSE,,USD,,,False,,combo:, 'genericTickList': '100,101,106,233', 'snapshot': False, 'regulatorySnapshot': False, 'mktDataOptions': []}
2026-05-04 10:14:44,816 [INFO] SENDING reqMktData b'\x00\x00\x00;1\x0011\x004\x000\x00SPY\x00STK\x00\x000.0\x00\x00\x00NYSE\x00\x00USD\x00\x00\x000\x00100,101,106,233\x000\x000\x00\x00'
2026-05-04 10:14:44,850 [INFO] REQUEST reqMktDepth {'reqId': 106, 'contract': 6311249808: 0,CENCOSUD,STK,,0.0,,,SN,,CLP,,,False,,combo:, 'numRows': 5, 'isSmartDepth': False, 'mktDepthOptions': []}
2026-05-04 10:14:44,850 [INFO] SENDING reqMktDepth b'\x00\x00\x00.10\x005\x00106\x000\x00CENCOSUD\x00STK\x00\x000.0\x00\x00\x00SN\x00\x00CLP\x00\x00\x005\x000\x00\x00'
2026-05-04 10:14:44,955 [INFO] REQUEST reqMktDepth {'reqId': 107, 'contract': 6311828784: 0,CMPC,STK,,0.0,,,SN,,CLP,,,False,,combo:, 'numRows': 5, 'isSmartDepth': False, 'mktDepthOptions': []}
2026-05-04 10:14:44,955 [INFO] SENDING reqMktDepth b'\x00\x00\x00*10\x005\x00107\x000\x00CMPC\x00STK\x00\x000.0\x00\x00\x00SN\x00\x00CLP\x00\x00\x005\x000\x00\x00'
2026-05-04 10:14:45,021 [INFO] REQUEST reqMktData {'reqId': 5, 'contract': 6296985072: 0,GC,FUT,202606,0.0,,,COMEX,,USD,,,False,,combo:, 'genericTickList': '100,101,106,233', 'snapshot': False, 'regulatorySnapshot': False, 'mktDataOptions': []}
2026-05-04 10:14:45,021 [INFO] SENDING reqMktData b'\x00\x00\x00A1\x0011\x005\x000\x00GC\x00FUT\x00202606\x000.0\x00\x00\x00COMEX\x00\x00USD\x00\x00\x000\x00100,101,106,233\x000\x000\x00\x00'
2026-05-04 10:14:45,069 [INFO] REQUEST reqMktDepth {'reqId': 108, 'contract': 6296938144: 0,COLBUN,STK,,0.0,,,SN,,CLP,,,False,,combo:, 'numRows': 5, 'isSmartDepth': False, 'mktDepthOptions': []}
2026-05-04 10:14:45,069 [INFO] SENDING reqMktDepth b'\x00\x00\x00,10\x005\x00108\x000\x00COLBUN\x00STK\x00\x000.0\x00\x00\x00SN\x00\x00CLP\x00\x00\x005\x000\x00\x00'
2026-05-04 10:14:45,173 [INFO] REQUEST reqMktDepth {'reqId': 109, 'contract': 6313079472: 0,ENELCHILE,STK,,0.0,,,SN,,CLP,,,False,,combo:, 'numRows': 5, 'isSmartDepth': False, 'mktDepthOptions': []}
2026-05-04 10:14:45,173 [INFO] SENDING reqMktDepth b'\x00\x00\x00/10\x005\x00109\x000\x00ENELCHILE\x00STK\x00\x000.0\x00\x00\x00SN\x00\x00CLP\x00\x00\x005\x000\x00\x00'
2026-05-04 10:14:45,230 [INFO] REQUEST reqMktData {'reqId': 6, 'contract': 5088973392: 0,HG,FUT,202606,0.0,,,COMEX,,USD,,,False,,combo:, 'genericTickList': '100,101,106,233', 'snapshot': False, 'regulatorySnapshot': False, 'mktDataOptions': []}
2026-05-04 10:14:45,231 [INFO] SENDING reqMktData b'\x00\x00\x00A1\x0011\x006\x000\x00HG\x00FUT\x00202606\x000.0\x00\x00\x00COMEX\x00\x00USD\x00\x00\x000\x00100,101,106,233\x000\x000\x00\x00'
2026-05-04 10:14:45,276 [INFO] REQUEST reqMktDepth {'reqId': 110, 'contract': 6299905040: 0,ENELAM,STK,,0.0,,,SN,,CLP,,,False,,combo:, 'numRows': 5, 'isSmartDepth': False, 'mktDepthOptions': []}
2026-05-04 10:14:45,278 [INFO] SENDING reqMktDepth b'\x00\x00\x00,10\x005\x00110\x000\x00ENELAM\x00STK\x00\x000.0\x00\x00\x00SN\x00\x00CLP\x00\x00\x005\x000\x00\x00'
2026-05-04 10:14:45,381 [INFO] REQUEST reqMktDepth {'reqId': 111, 'contract': 6300223568: 0,ENTEL,STK,,0.0,,,SN,,CLP,,,False,,combo:, 'numRows': 5, 'isSmartDepth': False, 'mktDepthOptions': []}
2026-05-04 10:14:45,381 [INFO] SENDING reqMktDepth b'\x00\x00\x00+10\x005\x00111\x000\x00ENTEL\x00STK\x00\x000.0\x00\x00\x00SN\x00\x00CLP\x00\x00\x005\x000\x00\x00'
2026-05-04 10:14:45,481 [INFO] REQUEST reqMktDepth {'reqId': 112, 'contract': 6312136272: 0,LTM,STK,,0.0,,,SMART,,USD,,,False,,combo:, 'numRows': 5, 'isSmartDepth': False, 'mktDepthOptions': []}
2026-05-04 10:14:45,481 [INFO] SENDING reqMktDepth b'\x00\x00\x00,10\x005\x00112\x000\x00LTM\x00STK\x00\x000.0\x00\x00\x00SMART\x00\x00USD\x00\x00\x005\x000\x00\x00'
2026-05-04 10:14:45,582 [INFO] REQUEST reqMktDepth {'reqId': 113, 'contract': 6414972864: 0,CAP,STK,,0.0,,,SN,,CLP,,,False,,combo:, 'numRows': 5, 'isSmartDepth': False, 'mktDepthOptions': []}
2026-05-04 10:14:45,582 [INFO] SENDING reqMktDepth b'\x00\x00\x00)10\x005\x00113\x000\x00CAP\x00STK\x00\x000.0\x00\x00\x00SN\x00\x00CLP\x00\x00\x005\x000\x00\x00'
2026-05-04 10:14:45,687 [INFO] REQUEST reqMktDepth {'reqId': 114, 'contract': 6313125920: 0,CCU,STK,,0.0,,,SN,,CLP,,,False,,combo:, 'numRows': 5, 'isSmartDepth': False, 'mktDepthOptions': []}
2026-05-04 10:14:45,687 [INFO] SENDING reqMktDepth b'\x00\x00\x00)10\x005\x00114\x000\x00CCU\x00STK\x00\x000.0\x00\x00\x00SN\x00\x00CLP\x00\x00\x005\x000\x00\x00'
2026-05-04 10:14:45,738 [ERROR] $CFR.SN: possibly delisted; no price data found  (period=3mo)
2026-05-04 10:14:45,949 [ERROR] $ENDESA.SN: possibly delisted; no price data found  (period=3mo)
2026-05-04 10:14:46,272 [ERROR] $BANMEDICA.SN: possibly delisted; no price data found  (period=3mo) (Yahoo error = "No data found, symbol may be delisted")
2026-05-04 10:14:53,444 [INFO] disconnecting
2026-05-04 10:14:53,446 [INFO] ANSWER connectionClosed {}
2026-05-04 10:14:53,805 [INFO] disconnecting
2026-05-04 10:14:53,806 [INFO] ANSWER connectionClosed {}
2026-05-04 10:15:00,988 [INFO] === CICLO AUTOMÁTICO INICIADO ===
2026-05-04 10:15:04,106 [ERROR] $COPEC: possibly delisted; no price data found  (period=2d) (Yahoo error = "No data found, symbol may be delisted")
2026-05-04 10:15:06,098 [INFO] sent startApi
2026-05-04 10:15:06,099 [INFO] REQUEST startApi {}
2026-05-04 10:15:06,099 [INFO] SENDING startApi b'\x00\x00\x00\t71\x002\x0050\x00\x00'
2026-05-04 10:15:06,099 [INFO] ANSWER connectAck {}
2026-05-04 10:15:06,104 [INFO] ANSWER managedAccounts {'accountsList': 'DUP838882'}
2026-05-04 10:15:06,106 [INFO] sent startApi
2026-05-04 10:15:06,106 [INFO] REQUEST startApi {}
2026-05-04 10:15:06,106 [INFO] SENDING startApi b'\x00\x00\x00\t71\x002\x0070\x00\x00'
2026-05-04 10:15:06,106 [INFO] ANSWER connectAck {}
2026-05-04 10:15:06,107 [INFO] ANSWER managedAccounts {'accountsList': 'DUP838882'}
2026-05-04 10:15:06,609 [INFO] REQUEST reqMktData {'reqId': 1, 'contract': 4480565056: 0,SQM,STK,,0.0,,,NYSE,,USD,,,False,,combo:, 'genericTickList': '100,101,106,233', 'snapshot': False, 'regulatorySnapshot': False, 'mktDataOptions': []}
2026-05-04 10:15:06,610 [INFO] REQUEST reqMktDepth {'reqId': 100, 'contract': 4480564384: 0,SQM,STK,,0.0,,,SN,,CLP,,,False,,combo:, 'numRows': 5, 'isSmartDepth': False, 'mktDepthOptions': []}
2026-05-04 10:15:06,610 [INFO] SENDING reqMktData b'\x00\x00\x00;1\x0011\x001\x000\x00SQM\x00STK\x00\x000.0\x00\x00\x00NYSE\x00\x00USD\x00\x00\x000\x00100,101,106,233\x000\x000\x00\x00'
2026-05-04 10:15:06,610 [INFO] SENDING reqMktDepth b'\x00\x00\x00)10\x005\x00100\x000\x00SQM\x00STK\x00\x000.0\x00\x00\x00SN\x00\x00CLP\x00\x00\x005\x000\x00\x00'
2026-05-04 10:15:06,774 [INFO] REQUEST reqMktDepth {'reqId': 101, 'contract': 4480587904: 0,COPEC,STK,,0.0,,,SN,,CLP,,,False,,combo:, 'numRows': 5, 'isSmartDepth': False, 'mktDepthOptions': []}
2026-05-04 10:15:06,775 [INFO] SENDING reqMktDepth b'\x00\x00\x00+10\x005\x00101\x000\x00COPEC\x00STK\x00\x000.0\x00\x00\x00SN\x00\x00CLP\x00\x00\x005\x000\x00\x00'
2026-05-04 10:15:06,818 [INFO] REQUEST reqMktData {'reqId': 2, 'contract': 4480615184: 0,ECH,STK,,0.0,,,NYSE,,USD,,,False,,combo:, 'genericTickList': '100,101,106,233', 'snapshot': False, 'regulatorySnapshot': False, 'mktDataOptions': []}
2026-05-04 10:15:06,819 [INFO] SENDING reqMktData b'\x00\x00\x00;1\x0011\x002\x000\x00ECH\x00STK\x00\x000.0\x00\x00\x00NYSE\x00\x00USD\x00\x00\x000\x00100,101,106,233\x000\x000\x00\x00'
2026-05-04 10:15:06,994 [INFO] REQUEST reqMktDepth {'reqId': 102, 'contract': 4479970416: 0,BCI,STK,,0.0,,,SN,,CLP,,,False,,combo:, 'numRows': 5, 'isSmartDepth': False, 'mktDepthOptions': []}
2026-05-04 10:15:07,010 [INFO] SENDING reqMktDepth b'\x00\x00\x00)10\x005\x00102\x000\x00BCI\x00STK\x00\x000.0\x00\x00\x00SN\x00\x00CLP\x00\x00\x005\x000\x00\x00'
2026-05-04 10:15:07,090 [INFO] REQUEST reqMktData {'reqId': 3, 'contract': 4482448064: 0,GLD,STK,,0.0,,,NYSE,,USD,,,False,,combo:, 'genericTickList': '100,101,106,233', 'snapshot': False, 'regulatorySnapshot': False, 'mktDataOptions': []}
2026-05-04 10:15:07,092 [INFO] SENDING reqMktData b'\x00\x00\x00;1\x0011\x003\x000\x00GLD\x00STK\x00\x000.0\x00\x00\x00NYSE\x00\x00USD\x00\x00\x000\x00100,101,106,233\x000\x000\x00\x00'
2026-05-04 10:15:07,243 [INFO] REQUEST reqMktDepth {'reqId': 103, 'contract': 4479675888: 0,BSAC,STK,,0.0,,,SMART,,USD,,,False,,combo:, 'numRows': 5, 'isSmartDepth': False, 'mktDepthOptions': []}
2026-05-04 10:15:07,253 [INFO] SENDING reqMktDepth b'\x00\x00\x00-10\x005\x00103\x000\x00BSAC\x00STK\x00\x000.0\x00\x00\x00SMART\x00\x00USD\x00\x00\x005\x000\x00\x00'
2026-05-04 10:15:07,371 [INFO] REQUEST reqMktData {'reqId': 4, 'contract': 4480372688: 0,SPY,STK,,0.0,,,NYSE,,USD,,,False,,combo:, 'genericTickList': '100,101,106,233', 'snapshot': False, 'regulatorySnapshot': False, 'mktDataOptions': []}
2026-05-04 10:15:07,380 [INFO] SENDING reqMktData b'\x00\x00\x00;1\x0011\x004\x000\x00SPY\x00STK\x00\x000.0\x00\x00\x00NYSE\x00\x00USD\x00\x00\x000\x00100,101,106,233\x000\x000\x00\x00'
2026-05-04 10:15:07,469 [INFO] REQUEST reqMktDepth {'reqId': 104, 'contract': 4479941984: 0,BCH,STK,,0.0,,,SMART,,USD,,,False,,combo:, 'numRows': 5, 'isSmartDepth': False, 'mktDepthOptions': []}
2026-05-04 10:15:07,474 [INFO] SENDING reqMktDepth b'\x00\x00\x00,10\x005\x00104\x000\x00BCH\x00STK\x00\x000.0\x00\x00\x00SMART\x00\x00USD\x00\x00\x005\x000\x00\x00'
2026-05-04 10:15:07,685 [INFO] REQUEST reqMktDepth {'reqId': 105, 'contract': 4480464400: 0,FALABELLA,STK,,0.0,,,SN,,CLP,,,False,,combo:, 'numRows': 5, 'isSmartDepth': False, 'mktDepthOptions': []}
2026-05-04 10:15:07,690 [INFO] REQUEST reqMktData {'reqId': 5, 'contract': 4480206256: 0,GC,FUT,202606,0.0,,,COMEX,,USD,,,False,,combo:, 'genericTickList': '100,101,106,233', 'snapshot': False, 'regulatorySnapshot': False, 'mktDataOptions': []}
2026-05-04 10:15:07,713 [INFO] SENDING reqMktDepth b'\x00\x00\x00/10\x005\x00105\x000\x00FALABELLA\x00STK\x00\x000.0\x00\x00\x00SN\x00\x00CLP\x00\x00\x005\x000\x00\x00'
2026-05-04 10:15:07,734 [INFO] SENDING reqMktData b'\x00\x00\x00A1\x0011\x005\x000\x00GC\x00FUT\x00202606\x000.0\x00\x00\x00COMEX\x00\x00USD\x00\x00\x000\x00100,101,106,233\x000\x000\x00\x00'
2026-05-04 10:15:07,882 [INFO] REQUEST reqMktDepth {'reqId': 106, 'contract': 4469865872: 0,CENCOSUD,STK,,0.0,,,SN,,CLP,,,False,,combo:, 'numRows': 5, 'isSmartDepth': False, 'mktDepthOptions': []}
2026-05-04 10:15:07,886 [INFO] SENDING reqMktDepth b'\x00\x00\x00.10\x005\x00106\x000\x00CENCOSUD\x00STK\x00\x000.0\x00\x00\x00SN\x00\x00CLP\x00\x00\x005\x000\x00\x00'
2026-05-04 10:15:08,038 [INFO] REQUEST reqMktData {'reqId': 6, 'contract': 4479830288: 0,HG,FUT,202606,0.0,,,COMEX,,USD,,,False,,combo:, 'genericTickList': '100,101,106,233', 'snapshot': False, 'regulatorySnapshot': False, 'mktDataOptions': []}
2026-05-04 10:15:08,040 [INFO] SENDING reqMktData b'\x00\x00\x00A1\x0011\x006\x000\x00HG\x00FUT\x00202606\x000.0\x00\x00\x00COMEX\x00\x00USD\x00\x00\x000\x00100,101,106,233\x000\x000\x00\x00'
2026-05-04 10:15:08,080 [INFO] REQUEST reqMktDepth {'reqId': 107, 'contract': 4469398448: 0,CMPC,STK,,0.0,,,SN,,CLP,,,False,,combo:, 'numRows': 5, 'isSmartDepth': False, 'mktDepthOptions': []}
2026-05-04 10:15:08,080 [INFO] SENDING reqMktDepth b'\x00\x00\x00*10\x005\x00107\x000\x00CMPC\x00STK\x00\x000.0\x00\x00\x00SN\x00\x00CLP\x00\x00\x005\x000\x00\x00'
2026-05-04 10:15:08,231 [ERROR] $CFR.SN: possibly delisted; no price data found  (period=3mo)
2026-05-04 10:15:08,286 [INFO] REQUEST reqMktDepth {'reqId': 108, 'contract': 4479736752: 0,COLBUN,STK,,0.0,,,SN,,CLP,,,False,,combo:, 'numRows': 5, 'isSmartDepth': False, 'mktDepthOptions': []}
2026-05-04 10:15:08,288 [INFO] SENDING reqMktDepth b'\x00\x00\x00,10\x005\x00108\x000\x00COLBUN\x00STK\x00\x000.0\x00\x00\x00SN\x00\x00CLP\x00\x00\x005\x000\x00\x00'
2026-05-04 10:15:08,486 [INFO] REQUEST reqMktDepth {'reqId': 109, 'contract': 4480589056: 0,ENELCHILE,STK,,0.0,,,SN,,CLP,,,False,,combo:, 'numRows': 5, 'isSmartDepth': False, 'mktDepthOptions': []}
2026-05-04 10:15:08,508 [INFO] SENDING reqMktDepth b'\x00\x00\x00/10\x005\x00109\x000\x00ENELCHILE\x00STK\x00\x000.0\x00\x00\x00SN\x00\x00CLP\x00\x00\x005\x000\x00\x00'
2026-05-04 10:15:08,598 [ERROR] $ENDESA.SN: possibly delisted; no price data found  (period=3mo)
2026-05-04 10:15:08,641 [INFO] REQUEST reqMktDepth {'reqId': 110, 'contract': 4468874784: 0,ENELAM,STK,,0.0,,,SN,,CLP,,,False,,combo:, 'numRows': 5, 'isSmartDepth': False, 'mktDepthOptions': []}
2026-05-04 10:15:08,641 [INFO] SENDING reqMktDepth b'\x00\x00\x00,10\x005\x00110\x000\x00ENELAM\x00STK\x00\x000.0\x00\x00\x00SN\x00\x00CLP\x00\x00\x005\x000\x00\x00'
2026-05-04 10:15:08,831 [INFO] REQUEST reqMktDepth {'reqId': 111, 'contract': 4469398496: 0,ENTEL,STK,,0.0,,,SN,,CLP,,,False,,combo:, 'numRows': 5, 'isSmartDepth': False, 'mktDepthOptions': []}
2026-05-04 10:15:08,831 [INFO] SENDING reqMktDepth b'\x00\x00\x00+10\x005\x00111\x000\x00ENTEL\x00STK\x00\x000.0\x00\x00\x00SN\x00\x00CLP\x00\x00\x005\x000\x00\x00'
2026-05-04 10:15:08,955 [INFO] REQUEST reqMktDepth {'reqId': 112, 'contract': 4482385712: 0,LTM,STK,,0.0,,,SMART,,USD,,,False,,combo:, 'numRows': 5, 'isSmartDepth': False, 'mktDepthOptions': []}
2026-05-04 10:15:08,955 [INFO] SENDING reqMktDepth b'\x00\x00\x00,10\x005\x00112\x000\x00LTM\x00STK\x00\x000.0\x00\x00\x00SMART\x00\x00USD\x00\x00\x005\x000\x00\x00'
2026-05-04 10:15:09,124 [INFO] REQUEST reqMktDepth {'reqId': 113, 'contract': 4480587376: 0,CAP,STK,,0.0,,,SN,,CLP,,,False,,combo:, 'numRows': 5, 'isSmartDepth': False, 'mktDepthOptions': []}
2026-05-04 10:15:09,147 [INFO] SENDING reqMktDepth b'\x00\x00\x00)10\x005\x00113\x000\x00CAP\x00STK\x00\x000.0\x00\x00\x00SN\x00\x00CLP\x00\x00\x005\x000\x00\x00'
2026-05-04 10:15:09,307 [INFO] REQUEST reqMktDepth {'reqId': 114, 'contract': 4480526848: 0,CCU,STK,,0.0,,,SN,,CLP,,,False,,combo:, 'numRows': 5, 'isSmartDepth': False, 'mktDepthOptions': []}
2026-05-04 10:15:09,308 [INFO] SENDING reqMktDepth b'\x00\x00\x00)10\x005\x00114\x000\x00CCU\x00STK\x00\x000.0\x00\x00\x00SN\x00\x00CLP\x00\x00\x005\x000\x00\x00'
2026-05-04 10:15:10,535 [ERROR] $BANMEDICA.SN: possibly delisted; no price data found  (period=3mo) (Yahoo error = "No data found, symbol may be delisted")
2026-05-04 10:15:16,421 [INFO] disconnecting
2026-05-04 10:15:16,421 [INFO] ANSWER connectionClosed {}
2026-05-04 10:15:17,548 [INFO] disconnecting
2026-05-04 10:15:17,548 [INFO] ANSWER connectionClosed {}
2026-05-04 10:15:31,126 [ERROR] $COPEC.SN: possibly delisted; no price data found  (period=1d)
2026-05-04 10:15:31,681 [ERROR] $COPEC.SN: possibly delisted; no price data found  (period=1d)
2026-05-04 10:15:31,793 [INFO] sent startApi
2026-05-04 10:15:31,793 [INFO] REQUEST startApi {}
2026-05-04 10:15:31,794 [INFO] SENDING startApi b'\x00\x00\x00\t71\x002\x0030\x00\x00'
2026-05-04 10:15:31,794 [INFO] ANSWER connectAck {}
2026-05-04 10:15:31,797 [INFO] ANSWER managedAccounts {'accountsList': 'DUP838882'}
2026-05-04 10:15:32,832 [INFO] REQUEST placeOrder {'orderId': 12, 'contract': 4479646544: 0,COPEC,STK,,0.0,,,SMART,,USD,,,False,,combo:, 'order': 4479646112: 0,0,0: LMT BUY 1@6350.980000 }
2026-05-04 10:15:32,833 [INFO] SENDING placeOrder b'\x00\x00\x01=3\x0012\x000\x00COPEC\x00STK\x00\x000.0\x00\x00\x00SMART\x00\x00USD\x00\x00\x00\x00\x00BUY\x001\x00LMT\x006350.98\x00\x00\x00\x00\x00\x000\x00\x001\x000\x000\x000\x000\x000\x000\x000\x00\x000\x00\x00\x00\x00\x00\x00\x00\x000\x00\x00-1\x000\x00\x00\x000\x00\x00\x000\x000\x00\x000\x00\x00\x00\x00\x00\x000\x00\x00\x00\x00\x000\x00\x00\x00\x00\x00\x00\x00\x00\x00\x00\x000\x00\x00\x000\x000\x00\x00\x000\x00\x000\x000\x000\x000\x00\x001.7976931348623157e+308\x001.7976931348623157e+308\x001.7976931348623157e+308\x001.7976931348623157e+308\x001.7976931348623157e+308\x000\x00\x00\x00\x001.7976931348623157e+308\x00\x00\x00\x00\x000\x000\x000\x00\x00'
2026-05-04 10:15:35,852 [INFO] disconnecting
2026-05-04 10:15:35,853 [INFO] ANSWER connectionClosed {}
2026-05-04 10:15:37,106 [INFO] CIERRE: COPEC | TAKE PROFIT | PnL +0.00%
2026-05-04 10:15:50,337 [INFO] APERTURA: VENDER COPEC | Conv 78.7% | Riesgo 1/10
2026-05-04 10:15:50,363 [INFO] sent startApi
2026-05-04 10:15:50,363 [INFO] REQUEST startApi {}
2026-05-04 10:15:50,363 [INFO] SENDING startApi b'\x00\x00\x00\t71\x002\x0010\x00\x00'
2026-05-04 10:15:50,363 [INFO] ANSWER connectAck {}
2026-05-04 10:15:50,365 [INFO] ANSWER managedAccounts {'accountsList': 'DUP838882'}
2026-05-04 10:15:51,426 [INFO] REQUEST placeOrder {'orderId': 11, 'contract': 4466443648: 0,COPEC,STK,,0.0,,,SN,,CLP,,,False,,combo:, 'order': 4466446144: 0,0,0: MKT SELL 1@179769313486231570814527423731704356798070567525844996598917476803157260780028538760589558632766878171540458953514382464234321326889464182768467546703537516986049910576551282076245490090389328944075868508455133942304583236903222948165808559332123348274797826204144723168738177180919299881250404026184124858368.000000 }
2026-05-04 10:15:51,426 [INFO] SENDING placeOrder b'\x00\x00\x0143\x0011\x000\x00COPEC\x00STK\x00\x000.0\x00\x00\x00SN\x00\x00CLP\x00\x00\x00\x00\x00SELL\x001\x00MKT\x00\x00\x00\x00\x00\x00\x000\x00\x000\x000\x000\x000\x000\x000\x000\x000\x00\x000\x00\x00\x00\x00\x00\x00\x00\x000\x00\x00-1\x000\x00\x00\x000\x00\x00\x000\x000\x00\x000\x00\x00\x00\x00\x00\x000\x00\x00\x00\x00\x000\x00\x00\x00\x00\x00\x00\x00\x00\x00\x00\x000\x00\x00\x000\x000\x00\x00\x000\x00\x000\x000\x000\x000\x00\x001.7976931348623157e+308\x001.7976931348623157e+308\x001.7976931348623157e+308\x001.7976931348623157e+308\x001.7976931348623157e+308\x000\x00\x00\x00\x001.7976931348623157e+308\x00\x00\x00\x00\x000\x000\x000\x00\x00'
2026-05-04 10:15:51,700 [INFO] REQUEST placeOrder {'orderId': 12, 'contract': 4466443648: 0,COPEC,STK,,0.0,,,SN,,CLP,,,False,,combo:, 'order': 4466444512: 0,0,0: STP BUY 1@179769313486231570814527423731704356798070567525844996598917476803157260780028538760589558632766878171540458953514382464234321326889464182768467546703537516986049910576551282076245490090389328944075868508455133942304583236903222948165808559332123348274797826204144723168738177180919299881250404026184124858368.000000 }
2026-05-04 10:15:51,701 [INFO] SENDING placeOrder b'\x00\x00\x01;3\x0012\x000\x00COPEC\x00STK\x00\x000.0\x00\x00\x00SN\x00\x00CLP\x00\x00\x00\x00\x00BUY\x001\x00STP\x00\x006407.74\x00\x00\x00\x00\x000\x00\x000\x0011\x000\x000\x000\x000\x000\x000\x00\x000\x00\x00\x00\x00\x00\x00\x00\x000\x00\x00-1\x000\x00\x00\x000\x00\x00\x000\x000\x00\x000\x00\x00\x00\x00\x00\x000\x00\x00\x00\x00\x000\x00\x00\x00\x00\x00\x00\x00\x00\x00\x00\x000\x00\x00\x000\x000\x00\x00\x000\x00\x000\x000\x000\x000\x00\x001.7976931348623157e+308\x001.7976931348623157e+308\x001.7976931348623157e+308\x001.7976931348623157e+308\x001.7976931348623157e+308\x000\x00\x00\x00\x001.7976931348623157e+308\x00\x00\x00\x00\x000\x000\x000\x00\x00'
2026-05-04 10:15:51,957 [INFO] REQUEST placeOrder {'orderId': 13, 'contract': 4466443648: 0,COPEC,STK,,0.0,,,SN,,CLP,,,False,,combo:, 'order': 4466445712: 0,0,0: LMT BUY 1@6350.980000 }
2026-05-04 10:15:51,958 [INFO] SENDING placeOrder b'\x00\x00\x01;3\x0013\x000\x00COPEC\x00STK\x00\x000.0\x00\x00\x00SN\x00\x00CLP\x00\x00\x00\x00\x00BUY\x001\x00LMT\x006350.98\x00\x00\x00\x00\x00\x000\x00\x001\x0011\x000\x000\x000\x000\x000\x000\x00\x000\x00\x00\x00\x00\x00\x00\x00\x000\x00\x00-1\x000\x00\x00\x000\x00\x00\x000\x000\x00\x000\x00\x00\x00\x00\x00\x000\x00\x00\x00\x00\x000\x00\x00\x00\x00\x00\x00\x00\x00\x00\x00\x000\x00\x00\x000\x000\x00\x00\x000\x00\x000\x000\x000\x000\x00\x001.7976931348623157e+308\x001.7976931348623157e+308\x001.7976931348623157e+308\x001.7976931348623157e+308\x001.7976931348623157e+308\x000\x00\x00\x00\x001.7976931348623157e+308\x00\x00\x00\x00\x000\x000\x000\x00\x00'
2026-05-04 10:15:53,874 [INFO] disconnecting
2026-05-04 10:15:53,874 [INFO] ANSWER connectionClosed {}
2026-05-04 10:15:53,880 [INFO] Ciclo completado: 1 aperturas, 1 cierres
2026-05-04 10:15:53,881 [INFO] Ciclo completado: 1 aperturas, 1 cierres, 3 rechazadas
2026-05-04 10:20:00,851 [INFO] === CICLO AUTOMÁTICO INICIADO ===
2026-05-04 10:20:04,704 [INFO] sent startApi
2026-05-04 10:20:04,704 [INFO] REQUEST startApi {}
2026-05-04 10:20:04,704 [INFO] SENDING startApi b'\x00\x00\x00\t71\x002\x0050\x00\x00'
2026-05-04 10:20:04,705 [INFO] ANSWER connectAck {}
2026-05-04 10:20:04,722 [INFO] ANSWER managedAccounts {'accountsList': 'DUP838882'}
2026-05-04 10:20:05,294 [INFO] REQUEST reqMktData {'reqId': 1, 'contract': 4474809936: 0,SQM,STK,,0.0,,,NYSE,,USD,,,False,,combo:, 'genericTickList': '100,101,106,233', 'snapshot': False, 'regulatorySnapshot': False, 'mktDataOptions': []}
2026-05-04 10:20:05,295 [INFO] SENDING reqMktData b'\x00\x00\x00;1\x0011\x001\x000\x00SQM\x00STK\x00\x000.0\x00\x00\x00NYSE\x00\x00USD\x00\x00\x000\x00100,101,106,233\x000\x000\x00\x00'
2026-05-04 10:20:05,573 [INFO] REQUEST reqMktData {'reqId': 2, 'contract': 4474536768: 0,ECH,STK,,0.0,,,NYSE,,USD,,,False,,combo:, 'genericTickList': '100,101,106,233', 'snapshot': False, 'regulatorySnapshot': False, 'mktDataOptions': []}
2026-05-04 10:20:05,574 [INFO] SENDING reqMktData b'\x00\x00\x00;1\x0011\x002\x000\x00ECH\x00STK\x00\x000.0\x00\x00\x00NYSE\x00\x00USD\x00\x00\x000\x00100,101,106,233\x000\x000\x00\x00'
2026-05-04 10:20:05,594 [INFO] sent startApi
2026-05-04 10:20:05,597 [INFO] REQUEST startApi {}
2026-05-04 10:20:05,597 [INFO] SENDING startApi b'\x00\x00\x00\t71\x002\x0070\x00\x00'
2026-05-04 10:20:05,598 [INFO] ANSWER connectAck {}
2026-05-04 10:20:05,599 [INFO] ANSWER managedAccounts {'accountsList': 'DUP838882'}
2026-05-04 10:20:05,818 [INFO] REQUEST reqMktData {'reqId': 3, 'contract': 4474166000: 0,GLD,STK,,0.0,,,NYSE,,USD,,,False,,combo:, 'genericTickList': '100,101,106,233', 'snapshot': False, 'regulatorySnapshot': False, 'mktDataOptions': []}
2026-05-04 10:20:05,819 [INFO] SENDING reqMktData b'\x00\x00\x00;1\x0011\x003\x000\x00GLD\x00STK\x00\x000.0\x00\x00\x00NYSE\x00\x00USD\x00\x00\x000\x00100,101,106,233\x000\x000\x00\x00'
2026-05-04 10:20:06,044 [INFO] REQUEST reqMktData {'reqId': 4, 'contract': 4475619984: 0,SPY,STK,,0.0,,,NYSE,,USD,,,False,,combo:, 'genericTickList': '100,101,106,233', 'snapshot': False, 'regulatorySnapshot': False, 'mktDataOptions': []}
2026-05-04 10:20:06,044 [INFO] SENDING reqMktData b'\x00\x00\x00;1\x0011\x004\x000\x00SPY\x00STK\x00\x000.0\x00\x00\x00NYSE\x00\x00USD\x00\x00\x000\x00100,101,106,233\x000\x000\x00\x00'
2026-05-04 10:20:06,173 [INFO] REQUEST reqMktDepth {'reqId': 100, 'contract': 4475879920: 0,SQM,STK,,0.0,,,SN,,CLP,,,False,,combo:, 'numRows': 5, 'isSmartDepth': False, 'mktDepthOptions': []}
2026-05-04 10:20:06,173 [INFO] SENDING reqMktDepth b'\x00\x00\x00)10\x005\x00100\x000\x00SQM\x00STK\x00\x000.0\x00\x00\x00SN\x00\x00CLP\x00\x00\x005\x000\x00\x00'
2026-05-04 10:20:06,270 [INFO] REQUEST reqMktData {'reqId': 5, 'contract': 4473142576: 0,GC,FUT,202606,0.0,,,COMEX,,USD,,,False,,combo:, 'genericTickList': '100,101,106,233', 'snapshot': False, 'regulatorySnapshot': False, 'mktDataOptions': []}
2026-05-04 10:20:06,270 [INFO] SENDING reqMktData b'\x00\x00\x00A1\x0011\x005\x000\x00GC\x00FUT\x00202606\x000.0\x00\x00\x00COMEX\x00\x00USD\x00\x00\x000\x00100,101,106,233\x000\x000\x00\x00'
2026-05-04 10:20:06,285 [INFO] REQUEST reqMktDepth {'reqId': 101, 'contract': 4475880352: 0,COPEC,STK,,0.0,,,SN,,CLP,,,False,,combo:, 'numRows': 5, 'isSmartDepth': False, 'mktDepthOptions': []}
2026-05-04 10:20:06,286 [INFO] SENDING reqMktDepth b'\x00\x00\x00+10\x005\x00101\x000\x00COPEC\x00STK\x00\x000.0\x00\x00\x00SN\x00\x00CLP\x00\x00\x005\x000\x00\x00'
2026-05-04 10:20:06,414 [INFO] REQUEST reqMktDepth {'reqId': 102, 'contract': 4475621184: 0,BCI,STK,,0.0,,,SN,,CLP,,,False,,combo:, 'numRows': 5, 'isSmartDepth': False, 'mktDepthOptions': []}
2026-05-04 10:20:06,415 [INFO] SENDING reqMktDepth b'\x00\x00\x00)10\x005\x00102\x000\x00BCI\x00STK\x00\x000.0\x00\x00\x00SN\x00\x00CLP\x00\x00\x005\x000\x00\x00'
2026-05-04 10:20:06,558 [INFO] REQUEST reqMktData {'reqId': 6, 'contract': 4474976768: 0,HG,FUT,202606,0.0,,,COMEX,,USD,,,False,,combo:, 'genericTickList': '100,101,106,233', 'snapshot': False, 'regulatorySnapshot': False, 'mktDataOptions': []}
2026-05-04 10:20:06,562 [INFO] SENDING reqMktData b'\x00\x00\x00A1\x0011\x006\x000\x00HG\x00FUT\x00202606\x000.0\x00\x00\x00COMEX\x00\x00USD\x00\x00\x000\x00100,101,106,233\x000\x000\x00\x00'
2026-05-04 10:20:06,609 [INFO] REQUEST reqMktDepth {'reqId': 103, 'contract': 4475757424: 0,BSAC,STK,,0.0,,,SMART,,USD,,,False,,combo:, 'numRows': 5, 'isSmartDepth': False, 'mktDepthOptions': []}
2026-05-04 10:20:06,620 [INFO] SENDING reqMktDepth b'\x00\x00\x00-10\x005\x00103\x000\x00BSAC\x00STK\x00\x000.0\x00\x00\x00SMART\x00\x00USD\x00\x00\x005\x000\x00\x00'
2026-05-04 10:20:06,860 [INFO] REQUEST reqMktDepth {'reqId': 104, 'contract': 4474810032: 0,BCH,STK,,0.0,,,SMART,,USD,,,False,,combo:, 'numRows': 5, 'isSmartDepth': False, 'mktDepthOptions': []}
2026-05-04 10:20:06,861 [INFO] SENDING reqMktDepth b'\x00\x00\x00,10\x005\x00104\x000\x00BCH\x00STK\x00\x000.0\x00\x00\x00SMART\x00\x00USD\x00\x00\x005\x000\x00\x00'
2026-05-04 10:20:07,026 [INFO] REQUEST reqMktDepth {'reqId': 105, 'contract': 4475570592: 0,FALABELLA,STK,,0.0,,,SN,,CLP,,,False,,combo:, 'numRows': 5, 'isSmartDepth': False, 'mktDepthOptions': []}
2026-05-04 10:20:07,027 [INFO] SENDING reqMktDepth b'\x00\x00\x00/10\x005\x00105\x000\x00FALABELLA\x00STK\x00\x000.0\x00\x00\x00SN\x00\x00CLP\x00\x00\x005\x000\x00\x00'
2026-05-04 10:20:07,203 [INFO] REQUEST reqMktDepth {'reqId': 106, 'contract': 4475854704: 0,CENCOSUD,STK,,0.0,,,SN,,CLP,,,False,,combo:, 'numRows': 5, 'isSmartDepth': False, 'mktDepthOptions': []}
2026-05-04 10:20:07,219 [INFO] SENDING reqMktDepth b'\x00\x00\x00.10\x005\x00106\x000\x00CENCOSUD\x00STK\x00\x000.0\x00\x00\x00SN\x00\x00CLP\x00\x00\x005\x000\x00\x00'
2026-05-04 10:20:07,390 [INFO] REQUEST reqMktDepth {'reqId': 107, 'contract': 4475734336: 0,CMPC,STK,,0.0,,,SN,,CLP,,,False,,combo:, 'numRows': 5, 'isSmartDepth': False, 'mktDepthOptions': []}
2026-05-04 10:20:07,391 [INFO] SENDING reqMktDepth b'\x00\x00\x00*10\x005\x00107\x000\x00CMPC\x00STK\x00\x000.0\x00\x00\x00SN\x00\x00CLP\x00\x00\x005\x000\x00\x00'
2026-05-04 10:20:07,563 [INFO] REQUEST reqMktDepth {'reqId': 108, 'contract': 4475823296: 0,COLBUN,STK,,0.0,,,SN,,CLP,,,False,,combo:, 'numRows': 5, 'isSmartDepth': False, 'mktDepthOptions': []}
2026-05-04 10:20:07,564 [INFO] SENDING reqMktDepth b'\x00\x00\x00,10\x005\x00108\x000\x00COLBUN\x00STK\x00\x000.0\x00\x00\x00SN\x00\x00CLP\x00\x00\x005\x000\x00\x00'
2026-05-04 10:20:07,586 [ERROR] $CFR.SN: possibly delisted; no price data found  (period=3mo)
2026-05-04 10:20:07,741 [INFO] REQUEST reqMktDepth {'reqId': 109, 'contract': 4475732368: 0,ENELCHILE,STK,,0.0,,,SN,,CLP,,,False,,combo:, 'numRows': 5, 'isSmartDepth': False, 'mktDepthOptions': []}
2026-05-04 10:20:07,743 [INFO] SENDING reqMktDepth b'\x00\x00\x00/10\x005\x00109\x000\x00ENELCHILE\x00STK\x00\x000.0\x00\x00\x00SN\x00\x00CLP\x00\x00\x005\x000\x00\x00'
2026-05-04 10:20:07,781 [ERROR] $ENDESA.SN: possibly delisted; no price data found  (period=3mo)
2026-05-04 10:20:07,923 [INFO] REQUEST reqMktDepth {'reqId': 110, 'contract': 4475649952: 0,ENELAM,STK,,0.0,,,SN,,CLP,,,False,,combo:, 'numRows': 5, 'isSmartDepth': False, 'mktDepthOptions': []}
2026-05-04 10:20:07,923 [INFO] SENDING reqMktDepth b'\x00\x00\x00,10\x005\x00110\x000\x00ENELAM\x00STK\x00\x000.0\x00\x00\x00SN\x00\x00CLP\x00\x00\x005\x000\x00\x00'
2026-05-04 10:20:08,088 [INFO] REQUEST reqMktDepth {'reqId': 111, 'contract': 4474810272: 0,ENTEL,STK,,0.0,,,SN,,CLP,,,False,,combo:, 'numRows': 5, 'isSmartDepth': False, 'mktDepthOptions': []}
2026-05-04 10:20:08,088 [INFO] SENDING reqMktDepth b'\x00\x00\x00+10\x005\x00111\x000\x00ENTEL\x00STK\x00\x000.0\x00\x00\x00SN\x00\x00CLP\x00\x00\x005\x000\x00\x00'
2026-05-04 10:20:08,204 [INFO] REQUEST reqMktDepth {'reqId': 112, 'contract': 4475620992: 0,LTM,STK,,0.0,,,SMART,,USD,,,False,,combo:, 'numRows': 5, 'isSmartDepth': False, 'mktDepthOptions': []}
2026-05-04 10:20:08,204 [INFO] SENDING reqMktDepth b'\x00\x00\x00,10\x005\x00112\x000\x00LTM\x00STK\x00\x000.0\x00\x00\x00SMART\x00\x00USD\x00\x00\x005\x000\x00\x00'
2026-05-04 10:20:08,373 [INFO] REQUEST reqMktDepth {'reqId': 113, 'contract': 4465059440: 0,CAP,STK,,0.0,,,SN,,CLP,,,False,,combo:, 'numRows': 5, 'isSmartDepth': False, 'mktDepthOptions': []}
2026-05-04 10:20:08,383 [INFO] SENDING reqMktDepth b'\x00\x00\x00)10\x005\x00113\x000\x00CAP\x00STK\x00\x000.0\x00\x00\x00SN\x00\x00CLP\x00\x00\x005\x000\x00\x00'
2026-05-04 10:20:08,539 [INFO] REQUEST reqMktDepth {'reqId': 114, 'contract': 4474536192: 0,CCU,STK,,0.0,,,SN,,CLP,,,False,,combo:, 'numRows': 5, 'isSmartDepth': False, 'mktDepthOptions': []}
2026-05-04 10:20:08,540 [INFO] SENDING reqMktDepth b'\x00\x00\x00)10\x005\x00114\x000\x00CCU\x00STK\x00\x000.0\x00\x00\x00SN\x00\x00CLP\x00\x00\x005\x000\x00\x00'
2026-05-04 10:20:10,218 [ERROR] $BANMEDICA.SN: possibly delisted; no price data found  (period=3mo) (Yahoo error = "No data found, symbol may be delisted")
2026-05-04 10:20:14,913 [INFO] disconnecting
2026-05-04 10:20:14,914 [INFO] ANSWER connectionClosed {}
2026-05-04 10:20:16,733 [INFO] disconnecting
2026-05-04 10:20:16,734 [INFO] ANSWER connectionClosed {}
2026-05-04 10:20:20,739 [INFO] sent startApi
2026-05-04 10:20:20,741 [INFO] REQUEST startApi {}
2026-05-04 10:20:20,741 [INFO] SENDING startApi b'\x00\x00\x00\t71\x002\x0030\x00\x00'
2026-05-04 10:20:20,741 [INFO] ANSWER connectAck {}
2026-05-04 10:20:20,743 [INFO] ANSWER managedAccounts {'accountsList': 'DUP838882'}
2026-05-04 10:20:21,816 [INFO] REQUEST placeOrder {'orderId': 13, 'contract': 4475881984: 0,COPEC,STK,,0.0,,,SMART,,USD,,,False,,combo:, 'order': 4475881792: 0,0,0: LMT BUY 1@6350.980000 }
2026-05-04 10:20:21,816 [INFO] SENDING placeOrder b'\x00\x00\x01=3\x0013\x000\x00COPEC\x00STK\x00\x000.0\x00\x00\x00SMART\x00\x00USD\x00\x00\x00\x00\x00BUY\x001\x00LMT\x006350.98\x00\x00\x00\x00\x00\x000\x00\x001\x000\x000\x000\x000\x000\x000\x000\x00\x000\x00\x00\x00\x00\x00\x00\x00\x000\x00\x00-1\x000\x00\x00\x000\x00\x00\x000\x000\x00\x000\x00\x00\x00\x00\x00\x000\x00\x00\x00\x00\x000\x00\x00\x00\x00\x00\x00\x00\x00\x00\x00\x000\x00\x00\x000\x000\x00\x00\x000\x00\x000\x000\x000\x000\x00\x001.7976931348623157e+308\x001.7976931348623157e+308\x001.7976931348623157e+308\x001.7976931348623157e+308\x001.7976931348623157e+308\x000\x00\x00\x00\x001.7976931348623157e+308\x00\x00\x00\x00\x000\x000\x000\x00\x00'
2026-05-04 10:20:24,883 [INFO] disconnecting
2026-05-04 10:20:24,884 [INFO] ANSWER connectionClosed {}
2026-05-04 10:20:26,121 [INFO] CIERRE: COPEC | TAKE PROFIT | PnL +0.02%
2026-05-04 10:20:34,059 [INFO] APERTURA: VENDER COPEC | Conv 76.7% | Riesgo 1/10
2026-05-04 10:20:34,084 [INFO] sent startApi
2026-05-04 10:20:34,084 [INFO] REQUEST startApi {}
2026-05-04 10:20:34,084 [INFO] SENDING startApi b'\x00\x00\x00\t71\x002\x0010\x00\x00'
2026-05-04 10:20:34,084 [INFO] ANSWER connectAck {}
2026-05-04 10:20:34,088 [INFO] ANSWER managedAccounts {'accountsList': 'DUP838882'}
2026-05-04 10:20:35,166 [INFO] REQUEST placeOrder {'orderId': 11, 'contract': 4475404928: 0,COPEC,STK,,0.0,,,SN,,CLP,,,False,,combo:, 'order': 4475405312: 0,0,0: MKT SELL 1@179769313486231570814527423731704356798070567525844996598917476803157260780028538760589558632766878171540458953514382464234321326889464182768467546703537516986049910576551282076245490090389328944075868508455133942304583236903222948165808559332123348274797826204144723168738177180919299881250404026184124858368.000000 }
2026-05-04 10:20:35,166 [INFO] SENDING placeOrder b'\x00\x00\x0143\x0011\x000\x00COPEC\x00STK\x00\x000.0\x00\x00\x00SN\x00\x00CLP\x00\x00\x00\x00\x00SELL\x001\x00MKT\x00\x00\x00\x00\x00\x00\x000\x00\x000\x000\x000\x000\x000\x000\x000\x000\x00\x000\x00\x00\x00\x00\x00\x00\x00\x000\x00\x00-1\x000\x00\x00\x000\x00\x00\x000\x000\x00\x000\x00\x00\x00\x00\x00\x000\x00\x00\x00\x00\x000\x00\x00\x00\x00\x00\x00\x00\x00\x00\x00\x000\x00\x00\x000\x000\x00\x00\x000\x00\x000\x000\x000\x000\x00\x001.7976931348623157e+308\x001.7976931348623157e+308\x001.7976931348623157e+308\x001.7976931348623157e+308\x001.7976931348623157e+308\x000\x00\x00\x00\x001.7976931348623157e+308\x00\x00\x00\x00\x000\x000\x000\x00\x00'
2026-05-04 10:20:35,431 [INFO] REQUEST placeOrder {'orderId': 12, 'contract': 4475404928: 0,COPEC,STK,,0.0,,,SN,,CLP,,,False,,combo:, 'order': 4475405504: 0,0,0: STP BUY 1@179769313486231570814527423731704356798070567525844996598917476803157260780028538760589558632766878171540458953514382464234321326889464182768467546703537516986049910576551282076245490090389328944075868508455133942304583236903222948165808559332123348274797826204144723168738177180919299881250404026184124858368.000000 }
2026-05-04 10:20:35,431 [INFO] SENDING placeOrder b'\x00\x00\x01;3\x0012\x000\x00COPEC\x00STK\x00\x000.0\x00\x00\x00SN\x00\x00CLP\x00\x00\x00\x00\x00BUY\x001\x00STP\x00\x006407.04\x00\x00\x00\x00\x000\x00\x000\x0011\x000\x000\x000\x000\x000\x000\x00\x000\x00\x00\x00\x00\x00\x00\x00\x000\x00\x00-1\x000\x00\x00\x000\x00\x00\x000\x000\x00\x000\x00\x00\x00\x00\x00\x000\x00\x00\x00\x00\x000\x00\x00\x00\x00\x00\x00\x00\x00\x00\x00\x000\x00\x00\x000\x000\x00\x00\x000\x00\x000\x000\x000\x000\x00\x001.7976931348623157e+308\x001.7976931348623157e+308\x001.7976931348623157e+308\x001.7976931348623157e+308\x001.7976931348623157e+308\x000\x00\x00\x00\x001.7976931348623157e+308\x00\x00\x00\x00\x000\x000\x000\x00\x00'
2026-05-04 10:20:35,649 [INFO] REQUEST placeOrder {'orderId': 13, 'contract': 4475404928: 0,COPEC,STK,,0.0,,,SN,,CLP,,,False,,combo:, 'order': 4475407424: 0,0,0: LMT BUY 1@6350.980000 }
2026-05-04 10:20:35,649 [INFO] SENDING placeOrder b'\x00\x00\x01;3\x0013\x000\x00COPEC\x00STK\x00\x000.0\x00\x00\x00SN\x00\x00CLP\x00\x00\x00\x00\x00BUY\x001\x00LMT\x006350.98\x00\x00\x00\x00\x00\x000\x00\x001\x0011\x000\x000\x000\x000\x000\x000\x00\x000\x00\x00\x00\x00\x00\x00\x00\x000\x00\x00-1\x000\x00\x00\x000\x00\x00\x000\x000\x00\x000\x00\x00\x00\x00\x00\x000\x00\x00\x00\x00\x000\x00\x00\x00\x00\x00\x00\x00\x00\x00\x00\x000\x00\x00\x000\x000\x00\x00\x000\x00\x000\x000\x000\x000\x00\x001.7976931348623157e+308\x001.7976931348623157e+308\x001.7976931348623157e+308\x001.7976931348623157e+308\x001.7976931348623157e+308\x000\x00\x00\x00\x001.7976931348623157e+308\x00\x00\x00\x00\x000\x000\x000\x00\x00'
2026-05-04 10:20:37,550 [INFO] disconnecting
2026-05-04 10:20:37,551 [INFO] ANSWER connectionClosed {}
2026-05-04 10:20:37,559 [INFO] Ciclo completado: 1 aperturas, 1 cierres
2026-05-04 10:20:37,559 [INFO] Ciclo completado: 1 aperturas, 1 cierres, 3 rechazadas
2026-05-04 10:25:00,381 [INFO] === CICLO AUTOMÁTICO INICIADO ===
2026-05-04 10:25:04,085 [INFO] sent startApi
2026-05-04 10:25:04,091 [INFO] REQUEST startApi {}
2026-05-04 10:25:04,091 [INFO] SENDING startApi b'\x00\x00\x00\t71\x002\x0050\x00\x00'
2026-05-04 10:25:04,091 [INFO] ANSWER connectAck {}
2026-05-04 10:25:04,093 [INFO] ANSWER managedAccounts {'accountsList': 'DUP838882'}
2026-05-04 10:25:04,637 [INFO] REQUEST reqMktData {'reqId': 1, 'contract': 4681169792: 0,SQM,STK,,0.0,,,NYSE,,USD,,,False,,combo:, 'genericTickList': '100,101,106,233', 'snapshot': False, 'regulatorySnapshot': False, 'mktDataOptions': []}
2026-05-04 10:25:04,637 [INFO] SENDING reqMktData b'\x00\x00\x00;1\x0011\x001\x000\x00SQM\x00STK\x00\x000.0\x00\x00\x00NYSE\x00\x00USD\x00\x00\x000\x00100,101,106,233\x000\x000\x00\x00'
2026-05-04 10:25:04,904 [INFO] REQUEST reqMktData {'reqId': 2, 'contract': 4681404320: 0,ECH,STK,,0.0,,,NYSE,,USD,,,False,,combo:, 'genericTickList': '100,101,106,233', 'snapshot': False, 'regulatorySnapshot': False, 'mktDataOptions': []}
2026-05-04 10:25:04,905 [INFO] SENDING reqMktData b'\x00\x00\x00;1\x0011\x002\x000\x00ECH\x00STK\x00\x000.0\x00\x00\x00NYSE\x00\x00USD\x00\x00\x000\x00100,101,106,233\x000\x000\x00\x00'
2026-05-04 10:25:05,213 [INFO] REQUEST reqMktData {'reqId': 3, 'contract': 4679685312: 0,GLD,STK,,0.0,,,NYSE,,USD,,,False,,combo:, 'genericTickList': '100,101,106,233', 'snapshot': False, 'regulatorySnapshot': False, 'mktDataOptions': []}
2026-05-04 10:25:05,229 [INFO] SENDING reqMktData b'\x00\x00\x00;1\x0011\x003\x000\x00GLD\x00STK\x00\x000.0\x00\x00\x00NYSE\x00\x00USD\x00\x00\x000\x00100,101,106,233\x000\x000\x00\x00'
2026-05-04 10:25:05,457 [INFO] REQUEST reqMktData {'reqId': 4, 'contract': 4681192928: 0,SPY,STK,,0.0,,,NYSE,,USD,,,False,,combo:, 'genericTickList': '100,101,106,233', 'snapshot': False, 'regulatorySnapshot': False, 'mktDataOptions': []}
2026-05-04 10:25:05,483 [INFO] SENDING reqMktData b'\x00\x00\x00;1\x0011\x004\x000\x00SPY\x00STK\x00\x000.0\x00\x00\x00NYSE\x00\x00USD\x00\x00\x000\x00100,101,106,233\x000\x000\x00\x00'
2026-05-04 10:25:05,704 [INFO] REQUEST reqMktData {'reqId': 5, 'contract': 4679684928: 0,GC,FUT,202606,0.0,,,COMEX,,USD,,,False,,combo:, 'genericTickList': '100,101,106,233', 'snapshot': False, 'regulatorySnapshot': False, 'mktDataOptions': []}
2026-05-04 10:25:05,704 [INFO] SENDING reqMktData b'\x00\x00\x00A1\x0011\x005\x000\x00GC\x00FUT\x00202606\x000.0\x00\x00\x00COMEX\x00\x00USD\x00\x00\x000\x00100,101,106,233\x000\x000\x00\x00'
2026-05-04 10:25:05,817 [INFO] sent startApi
2026-05-04 10:25:05,818 [INFO] REQUEST startApi {}
2026-05-04 10:25:05,818 [INFO] SENDING startApi b'\x00\x00\x00\t71\x002\x0070\x00\x00'
2026-05-04 10:25:05,818 [INFO] ANSWER connectAck {}
2026-05-04 10:25:05,819 [INFO] ANSWER managedAccounts {'accountsList': 'DUP838882'}
2026-05-04 10:25:05,985 [INFO] REQUEST reqMktData {'reqId': 6, 'contract': 4679474048: 0,HG,FUT,202606,0.0,,,COMEX,,USD,,,False,,combo:, 'genericTickList': '100,101,106,233', 'snapshot': False, 'regulatorySnapshot': False, 'mktDataOptions': []}
2026-05-04 10:25:06,028 [INFO] SENDING reqMktData b'\x00\x00\x00A1\x0011\x006\x000\x00HG\x00FUT\x00202606\x000.0\x00\x00\x00COMEX\x00\x00USD\x00\x00\x000\x00100,101,106,233\x000\x000\x00\x00'
2026-05-04 10:25:06,357 [INFO] REQUEST reqMktDepth {'reqId': 100, 'contract': 4681752640: 0,SQM,STK,,0.0,,,SN,,CLP,,,False,,combo:, 'numRows': 5, 'isSmartDepth': False, 'mktDepthOptions': []}
2026-05-04 10:25:06,357 [INFO] SENDING reqMktDepth b'\x00\x00\x00)10\x005\x00100\x000\x00SQM\x00STK\x00\x000.0\x00\x00\x00SN\x00\x00CLP\x00\x00\x005\x000\x00\x00'
2026-05-04 10:25:06,535 [INFO] REQUEST reqMktDepth {'reqId': 101, 'contract': 4665484432: 0,COPEC,STK,,0.0,,,SN,,CLP,,,False,,combo:, 'numRows': 5, 'isSmartDepth': False, 'mktDepthOptions': []}
2026-05-04 10:25:06,549 [INFO] SENDING reqMktDepth b'\x00\x00\x00+10\x005\x00101\x000\x00COPEC\x00STK\x00\x000.0\x00\x00\x00SN\x00\x00CLP\x00\x00\x005\x000\x00\x00'
2026-05-04 10:25:06,746 [INFO] REQUEST reqMktDepth {'reqId': 102, 'contract': 4681432368: 0,BCI,STK,,0.0,,,SN,,CLP,,,False,,combo:, 'numRows': 5, 'isSmartDepth': False, 'mktDepthOptions': []}
2026-05-04 10:25:06,773 [INFO] SENDING reqMktDepth b'\x00\x00\x00)10\x005\x00102\x000\x00BCI\x00STK\x00\x000.0\x00\x00\x00SN\x00\x00CLP\x00\x00\x005\x000\x00\x00'
2026-05-04 10:25:06,969 [INFO] REQUEST reqMktDepth {'reqId': 103, 'contract': 4681655728: 0,BSAC,STK,,0.0,,,SMART,,USD,,,False,,combo:, 'numRows': 5, 'isSmartDepth': False, 'mktDepthOptions': []}
2026-05-04 10:25:06,973 [INFO] SENDING reqMktDepth b'\x00\x00\x00-10\x005\x00103\x000\x00BSAC\x00STK\x00\x000.0\x00\x00\x00SMART\x00\x00USD\x00\x00\x005\x000\x00\x00'
2026-05-04 10:25:07,140 [INFO] REQUEST reqMktDepth {'reqId': 104, 'contract': 4681607824: 0,BCH,STK,,0.0,,,SMART,,USD,,,False,,combo:, 'numRows': 5, 'isSmartDepth': False, 'mktDepthOptions': []}
2026-05-04 10:25:07,140 [INFO] SENDING reqMktDepth b'\x00\x00\x00,10\x005\x00104\x000\x00BCH\x00STK\x00\x000.0\x00\x00\x00SMART\x00\x00USD\x00\x00\x005\x000\x00\x00'
2026-05-04 10:25:07,312 [INFO] REQUEST reqMktDepth {'reqId': 105, 'contract': 4665428096: 0,FALABELLA,STK,,0.0,,,SN,,CLP,,,False,,combo:, 'numRows': 5, 'isSmartDepth': False, 'mktDepthOptions': []}
2026-05-04 10:25:07,312 [INFO] SENDING reqMktDepth b'\x00\x00\x00/10\x005\x00105\x000\x00FALABELLA\x00STK\x00\x000.0\x00\x00\x00SN\x00\x00CLP\x00\x00\x005\x000\x00\x00'
2026-05-04 10:25:07,472 [INFO] REQUEST reqMktDepth {'reqId': 106, 'contract': 4681785200: 0,CENCOSUD,STK,,0.0,,,SN,,CLP,,,False,,combo:, 'numRows': 5, 'isSmartDepth': False, 'mktDepthOptions': []}
2026-05-04 10:25:07,472 [INFO] SENDING reqMktDepth b'\x00\x00\x00.10\x005\x00106\x000\x00CENCOSUD\x00STK\x00\x000.0\x00\x00\x00SN\x00\x00CLP\x00\x00\x005\x000\x00\x00'
2026-05-04 10:25:07,586 [ERROR] $CFR.SN: possibly delisted; no price data found  (period=3mo)
2026-05-04 10:25:07,666 [INFO] REQUEST reqMktDepth {'reqId': 107, 'contract': 4665613712: 0,CMPC,STK,,0.0,,,SN,,CLP,,,False,,combo:, 'numRows': 5, 'isSmartDepth': False, 'mktDepthOptions': []}
2026-05-04 10:25:07,682 [INFO] SENDING reqMktDepth b'\x00\x00\x00*10\x005\x00107\x000\x00CMPC\x00STK\x00\x000.0\x00\x00\x00SN\x00\x00CLP\x00\x00\x005\x000\x00\x00'
2026-05-04 10:25:07,812 [ERROR] $ENDESA.SN: possibly delisted; no price data found  (period=3mo)
2026-05-04 10:25:07,816 [INFO] REQUEST reqMktDepth {'reqId': 108, 'contract': 4665359568: 0,COLBUN,STK,,0.0,,,SN,,CLP,,,False,,combo:, 'numRows': 5, 'isSmartDepth': False, 'mktDepthOptions': []}
2026-05-04 10:25:07,816 [INFO] SENDING reqMktDepth b'\x00\x00\x00,10\x005\x00108\x000\x00COLBUN\x00STK\x00\x000.0\x00\x00\x00SN\x00\x00CLP\x00\x00\x005\x000\x00\x00'
2026-05-04 10:25:07,962 [INFO] REQUEST reqMktDepth {'reqId': 109, 'contract': 4679462192: 0,ENELCHILE,STK,,0.0,,,SN,,CLP,,,False,,combo:, 'numRows': 5, 'isSmartDepth': False, 'mktDepthOptions': []}
2026-05-04 10:25:07,965 [INFO] SENDING reqMktDepth b'\x00\x00\x00/10\x005\x00109\x000\x00ENELCHILE\x00STK\x00\x000.0\x00\x00\x00SN\x00\x00CLP\x00\x00\x005\x000\x00\x00'
2026-05-04 10:25:08,157 [INFO] REQUEST reqMktDepth {'reqId': 110, 'contract': 4679687904: 0,ENELAM,STK,,0.0,,,SN,,CLP,,,False,,combo:, 'numRows': 5, 'isSmartDepth': False, 'mktDepthOptions': []}
2026-05-04 10:25:08,183 [INFO] SENDING reqMktDepth b'\x00\x00\x00,10\x005\x00110\x000\x00ENELAM\x00STK\x00\x000.0\x00\x00\x00SN\x00\x00CLP\x00\x00\x005\x000\x00\x00'
2026-05-04 10:25:08,359 [INFO] REQUEST reqMktDepth {'reqId': 111, 'contract': 4681859024: 0,ENTEL,STK,,0.0,,,SN,,CLP,,,False,,combo:, 'numRows': 5, 'isSmartDepth': False, 'mktDepthOptions': []}
2026-05-04 10:25:08,360 [INFO] SENDING reqMktDepth b'\x00\x00\x00+10\x005\x00111\x000\x00ENTEL\x00STK\x00\x000.0\x00\x00\x00SN\x00\x00CLP\x00\x00\x005\x000\x00\x00'
2026-05-04 10:25:08,528 [INFO] REQUEST reqMktDepth {'reqId': 112, 'contract': 4665426512: 0,LTM,STK,,0.0,,,SMART,,USD,,,False,,combo:, 'numRows': 5, 'isSmartDepth': False, 'mktDepthOptions': []}
2026-05-04 10:25:08,529 [INFO] SENDING reqMktDepth b'\x00\x00\x00,10\x005\x00112\x000\x00LTM\x00STK\x00\x000.0\x00\x00\x00SMART\x00\x00USD\x00\x00\x005\x000\x00\x00'
2026-05-04 10:25:08,669 [INFO] REQUEST reqMktDepth {'reqId': 113, 'contract': 4665125040: 0,CAP,STK,,0.0,,,SN,,CLP,,,False,,combo:, 'numRows': 5, 'isSmartDepth': False, 'mktDepthOptions': []}
2026-05-04 10:25:08,670 [INFO] SENDING reqMktDepth b'\x00\x00\x00)10\x005\x00113\x000\x00CAP\x00STK\x00\x000.0\x00\x00\x00SN\x00\x00CLP\x00\x00\x005\x000\x00\x00'
2026-05-04 10:25:08,853 [INFO] REQUEST reqMktDepth {'reqId': 114, 'contract': 4684246272: 0,CCU,STK,,0.0,,,SN,,CLP,,,False,,combo:, 'numRows': 5, 'isSmartDepth': False, 'mktDepthOptions': []}
2026-05-04 10:25:08,853 [INFO] SENDING reqMktDepth b'\x00\x00\x00)10\x005\x00114\x000\x00CCU\x00STK\x00\x000.0\x00\x00\x00SN\x00\x00CLP\x00\x00\x005\x000\x00\x00'
2026-05-04 10:25:10,016 [ERROR] $BANMEDICA.SN: possibly delisted; no price data found  (period=3mo) (Yahoo error = "No data found, symbol may be delisted")
2026-05-04 10:25:14,382 [INFO] disconnecting
2026-05-04 10:25:14,383 [INFO] ANSWER connectionClosed {}
2026-05-04 10:25:17,080 [INFO] disconnecting
2026-05-04 10:25:17,081 [INFO] ANSWER connectionClosed {}
2026-05-04 10:25:32,644 [INFO] sent startApi
2026-05-04 10:25:32,645 [INFO] REQUEST startApi {}
2026-05-04 10:25:32,645 [INFO] SENDING startApi b'\x00\x00\x00\t71\x002\x0030\x00\x00'
2026-05-04 10:25:32,645 [INFO] ANSWER connectAck {}
2026-05-04 10:25:32,647 [INFO] ANSWER managedAccounts {'accountsList': 'DUP838882'}
2026-05-04 10:25:33,668 [INFO] REQUEST placeOrder {'orderId': 14, 'contract': 4681736784: 0,COPEC,STK,,0.0,,,SMART,,USD,,,False,,combo:, 'order': 4681737072: 0,0,0: LMT BUY 1@6350.980000 }
2026-05-04 10:25:33,668 [INFO] SENDING placeOrder b'\x00\x00\x01=3\x0014\x000\x00COPEC\x00STK\x00\x000.0\x00\x00\x00SMART\x00\x00USD\x00\x00\x00\x00\x00BUY\x001\x00LMT\x006350.98\x00\x00\x00\x00\x00\x000\x00\x001\x000\x000\x000\x000\x000\x000\x000\x00\x000\x00\x00\x00\x00\x00\x00\x00\x000\x00\x00-1\x000\x00\x00\x000\x00\x00\x000\x000\x00\x000\x00\x00\x00\x00\x00\x000\x00\x00\x00\x00\x000\x00\x00\x00\x00\x00\x00\x00\x00\x00\x00\x000\x00\x00\x000\x000\x00\x00\x000\x00\x000\x000\x000\x000\x00\x001.7976931348623157e+308\x001.7976931348623157e+308\x001.7976931348623157e+308\x001.7976931348623157e+308\x001.7976931348623157e+308\x000\x00\x00\x00\x001.7976931348623157e+308\x00\x00\x00\x00\x000\x000\x000\x00\x00'
2026-05-04 10:25:36,733 [INFO] disconnecting
2026-05-04 10:25:36,734 [INFO] ANSWER connectionClosed {}
2026-05-04 10:25:38,122 [INFO] CIERRE: COPEC | TAKE PROFIT | PnL +0.00%
2026-05-04 10:25:46,270 [INFO] APERTURA: VENDER COPEC | Conv 78.7% | Riesgo 1/10
2026-05-04 10:25:46,289 [INFO] sent startApi
2026-05-04 10:25:46,289 [INFO] REQUEST startApi {}
2026-05-04 10:25:46,289 [INFO] SENDING startApi b'\x00\x00\x00\t71\x002\x0010\x00\x00'
2026-05-04 10:25:46,290 [INFO] ANSWER connectAck {}
2026-05-04 10:25:46,292 [INFO] ANSWER managedAccounts {'accountsList': 'DUP838882'}
2026-05-04 10:25:47,335 [INFO] REQUEST placeOrder {'orderId': 11, 'contract': 4665547312: 0,COPEC,STK,,0.0,,,SN,,CLP,,,False,,combo:, 'order': 4665547984: 0,0,0: MKT SELL 1@179769313486231570814527423731704356798070567525844996598917476803157260780028538760589558632766878171540458953514382464234321326889464182768467546703537516986049910576551282076245490090389328944075868508455133942304583236903222948165808559332123348274797826204144723168738177180919299881250404026184124858368.000000 }
2026-05-04 10:25:47,335 [INFO] SENDING placeOrder b'\x00\x00\x0143\x0011\x000\x00COPEC\x00STK\x00\x000.0\x00\x00\x00SN\x00\x00CLP\x00\x00\x00\x00\x00SELL\x001\x00MKT\x00\x00\x00\x00\x00\x00\x000\x00\x000\x000\x000\x000\x000\x000\x000\x000\x00\x000\x00\x00\x00\x00\x00\x00\x00\x000\x00\x00-1\x000\x00\x00\x000\x00\x00\x000\x000\x00\x000\x00\x00\x00\x00\x00\x000\x00\x00\x00\x00\x000\x00\x00\x00\x00\x00\x00\x00\x00\x00\x00\x000\x00\x00\x000\x000\x00\x00\x000\x00\x000\x000\x000\x000\x00\x001.7976931348623157e+308\x001.7976931348623157e+308\x001.7976931348623157e+308\x001.7976931348623157e+308\x001.7976931348623157e+308\x000\x00\x00\x00\x001.7976931348623157e+308\x00\x00\x00\x00\x000\x000\x000\x00\x00'
2026-05-04 10:25:47,548 [INFO] REQUEST placeOrder {'orderId': 12, 'contract': 4665547312: 0,COPEC,STK,,0.0,,,SN,,CLP,,,False,,combo:, 'order': 4665426128: 0,0,0: STP BUY 1@179769313486231570814527423731704356798070567525844996598917476803157260780028538760589558632766878171540458953514382464234321326889464182768467546703537516986049910576551282076245490090389328944075868508455133942304583236903222948165808559332123348274797826204144723168738177180919299881250404026184124858368.000000 }
2026-05-04 10:25:47,548 [INFO] SENDING placeOrder b'\x00\x00\x01;3\x0012\x000\x00COPEC\x00STK\x00\x000.0\x00\x00\x00SN\x00\x00CLP\x00\x00\x00\x00\x00BUY\x001\x00STP\x00\x006407.04\x00\x00\x00\x00\x000\x00\x000\x0011\x000\x000\x000\x000\x000\x000\x00\x000\x00\x00\x00\x00\x00\x00\x00\x000\x00\x00-1\x000\x00\x00\x000\x00\x00\x000\x000\x00\x000\x00\x00\x00\x00\x00\x000\x00\x00\x00\x00\x000\x00\x00\x00\x00\x00\x00\x00\x00\x00\x00\x000\x00\x00\x000\x000\x00\x00\x000\x00\x000\x000\x000\x000\x00\x001.7976931348623157e+308\x001.7976931348623157e+308\x001.7976931348623157e+308\x001.7976931348623157e+308\x001.7976931348623157e+308\x000\x00\x00\x00\x001.7976931348623157e+308\x00\x00\x00\x00\x000\x000\x000\x00\x00'
2026-05-04 10:25:47,799 [INFO] REQUEST placeOrder {'orderId': 13, 'contract': 4665547312: 0,COPEC,STK,,0.0,,,SN,,CLP,,,False,,combo:, 'order': 4665426656: 0,0,0: LMT BUY 1@6350.980000 }
2026-05-04 10:25:47,799 [INFO] SENDING placeOrder b'\x00\x00\x01;3\x0013\x000\x00COPEC\x00STK\x00\x000.0\x00\x00\x00SN\x00\x00CLP\x00\x00\x00\x00\x00BUY\x001\x00LMT\x006350.98\x00\x00\x00\x00\x00\x000\x00\x001\x0011\x000\x000\x000\x000\x000\x000\x00\x000\x00\x00\x00\x00\x00\x00\x00\x000\x00\x00-1\x000\x00\x00\x000\x00\x00\x000\x000\x00\x000\x00\x00\x00\x00\x00\x000\x00\x00\x00\x00\x000\x00\x00\x00\x00\x00\x00\x00\x00\x00\x00\x000\x00\x00\x000\x000\x00\x00\x000\x00\x000\x000\x000\x000\x00\x001.7976931348623157e+308\x001.7976931348623157e+308\x001.7976931348623157e+308\x001.7976931348623157e+308\x001.7976931348623157e+308\x000\x00\x00\x00\x001.7976931348623157e+308\x00\x00\x00\x00\x000\x000\x000\x00\x00'
2026-05-04 10:25:49,617 [INFO] disconnecting
2026-05-04 10:25:49,618 [INFO] ANSWER connectionClosed {}
2026-05-04 10:25:49,651 [INFO] Ciclo completado: 1 aperturas, 1 cierres
2026-05-04 10:25:49,651 [INFO] Ciclo completado: 1 aperturas, 1 cierres, 3 rechazadas
2026-05-04 10:27:55,733 [INFO] sent startApi
2026-05-04 10:27:55,734 [INFO] REQUEST startApi {}
2026-05-04 10:27:55,734 [INFO] SENDING startApi b'\x00\x00\x00\t71\x002\x0030\x00\x00'
2026-05-04 10:27:55,735 [INFO] ANSWER connectAck {}
2026-05-04 10:27:55,738 [INFO] ANSWER managedAccounts {'accountsList': 'DUP838882'}
2026-05-04 10:27:56,741 [INFO] REQUEST placeOrder {'orderId': 15, 'contract': 6310604752: 0,COPEC,STK,,0.0,,,SMART,,USD,,,False,,combo:, 'order': 6310601104: 0,0,0: LMT BUY 1@6350.980000 }
2026-05-04 10:27:56,742 [INFO] SENDING placeOrder b'\x00\x00\x01=3\x0015\x000\x00COPEC\x00STK\x00\x000.0\x00\x00\x00SMART\x00\x00USD\x00\x00\x00\x00\x00BUY\x001\x00LMT\x006350.98\x00\x00\x00\x00\x00\x000\x00\x001\x000\x000\x000\x000\x000\x000\x000\x00\x000\x00\x00\x00\x00\x00\x00\x00\x000\x00\x00-1\x000\x00\x00\x000\x00\x00\x000\x000\x00\x000\x00\x00\x00\x00\x00\x000\x00\x00\x00\x00\x000\x00\x00\x00\x00\x00\x00\x00\x00\x00\x00\x000\x00\x00\x000\x000\x00\x00\x000\x00\x000\x000\x000\x000\x00\x001.7976931348623157e+308\x001.7976931348623157e+308\x001.7976931348623157e+308\x001.7976931348623157e+308\x001.7976931348623157e+308\x000\x00\x00\x00\x001.7976931348623157e+308\x00\x00\x00\x00\x000\x000\x000\x00\x00'
2026-05-04 10:27:59,749 [INFO] disconnecting
2026-05-04 10:27:59,750 [INFO] ANSWER connectionClosed {}
2026-05-04 10:28:01,112 [INFO] CIERRE: COPEC | TAKE PROFIT | PnL +0.00%
2026-05-04 10:28:13,062 [INFO] APERTURA: VENDER COPEC | Conv 77.5% | Riesgo 1/10
2026-05-04 10:28:13,166 [INFO] sent startApi
2026-05-04 10:28:13,166 [INFO] REQUEST startApi {}
2026-05-04 10:28:13,166 [INFO] SENDING startApi b'\x00\x00\x00\t71\x002\x0010\x00\x00'
2026-05-04 10:28:13,166 [INFO] ANSWER connectAck {}
2026-05-04 10:28:13,184 [INFO] ANSWER managedAccounts {'accountsList': 'DUP838882'}
2026-05-04 10:28:14,189 [INFO] REQUEST placeOrder {'orderId': 11, 'contract': 5021183376: 0,COPEC,STK,,0.0,,,SN,,CLP,,,False,,combo:, 'order': 5021181216: 0,0,0: MKT SELL 1@179769313486231570814527423731704356798070567525844996598917476803157260780028538760589558632766878171540458953514382464234321326889464182768467546703537516986049910576551282076245490090389328944075868508455133942304583236903222948165808559332123348274797826204144723168738177180919299881250404026184124858368.000000 }
2026-05-04 10:28:14,190 [INFO] SENDING placeOrder b'\x00\x00\x0143\x0011\x000\x00COPEC\x00STK\x00\x000.0\x00\x00\x00SN\x00\x00CLP\x00\x00\x00\x00\x00SELL\x001\x00MKT\x00\x00\x00\x00\x00\x00\x000\x00\x000\x000\x000\x000\x000\x000\x000\x000\x00\x000\x00\x00\x00\x00\x00\x00\x00\x000\x00\x00-1\x000\x00\x00\x000\x00\x00\x000\x000\x00\x000\x00\x00\x00\x00\x00\x000\x00\x00\x00\x00\x000\x00\x00\x00\x00\x00\x00\x00\x00\x00\x00\x000\x00\x00\x000\x000\x00\x00\x000\x00\x000\x000\x000\x000\x00\x001.7976931348623157e+308\x001.7976931348623157e+308\x001.7976931348623157e+308\x001.7976931348623157e+308\x001.7976931348623157e+308\x000\x00\x00\x00\x001.7976931348623157e+308\x00\x00\x00\x00\x000\x000\x000\x00\x00'
2026-05-04 10:28:14,391 [INFO] REQUEST placeOrder {'orderId': 12, 'contract': 5021183376: 0,COPEC,STK,,0.0,,,SN,,CLP,,,False,,combo:, 'order': 6291888448: 0,0,0: STP BUY 1@179769313486231570814527423731704356798070567525844996598917476803157260780028538760589558632766878171540458953514382464234321326889464182768467546703537516986049910576551282076245490090389328944075868508455133942304583236903222948165808559332123348274797826204144723168738177180919299881250404026184124858368.000000 }
2026-05-04 10:28:14,391 [INFO] SENDING placeOrder b'\x00\x00\x01;3\x0012\x000\x00COPEC\x00STK\x00\x000.0\x00\x00\x00SN\x00\x00CLP\x00\x00\x00\x00\x00BUY\x001\x00STP\x00\x006407.04\x00\x00\x00\x00\x000\x00\x000\x0011\x000\x000\x000\x000\x000\x000\x00\x000\x00\x00\x00\x00\x00\x00\x00\x000\x00\x00-1\x000\x00\x00\x000\x00\x00\x000\x000\x00\x000\x00\x00\x00\x00\x00\x000\x00\x00\x00\x00\x000\x00\x00\x00\x00\x00\x00\x00\x00\x00\x00\x000\x00\x00\x000\x000\x00\x00\x000\x00\x000\x000\x000\x000\x00\x001.7976931348623157e+308\x001.7976931348623157e+308\x001.7976931348623157e+308\x001.7976931348623157e+308\x001.7976931348623157e+308\x000\x00\x00\x00\x001.7976931348623157e+308\x00\x00\x00\x00\x000\x000\x000\x00\x00'
2026-05-04 10:28:14,597 [INFO] REQUEST placeOrder {'orderId': 13, 'contract': 5021183376: 0,COPEC,STK,,0.0,,,SN,,CLP,,,False,,combo:, 'order': 6304931648: 0,0,0: LMT BUY 1@6350.980000 }
2026-05-04 10:28:14,597 [INFO] SENDING placeOrder b'\x00\x00\x01;3\x0013\x000\x00COPEC\x00STK\x00\x000.0\x00\x00\x00SN\x00\x00CLP\x00\x00\x00\x00\x00BUY\x001\x00LMT\x006350.98\x00\x00\x00\x00\x00\x000\x00\x001\x0011\x000\x000\x000\x000\x000\x000\x00\x000\x00\x00\x00\x00\x00\x00\x00\x000\x00\x00-1\x000\x00\x00\x000\x00\x00\x000\x000\x00\x000\x00\x00\x00\x00\x00\x000\x00\x00\x00\x00\x000\x00\x00\x00\x00\x00\x00\x00\x00\x00\x00\x000\x00\x00\x000\x000\x00\x00\x000\x00\x000\x000\x000\x000\x00\x001.7976931348623157e+308\x001.7976931348623157e+308\x001.7976931348623157e+308\x001.7976931348623157e+308\x001.7976931348623157e+308\x000\x00\x00\x00\x001.7976931348623157e+308\x00\x00\x00\x00\x000\x000\x000\x00\x00'
2026-05-04 10:28:16,313 [INFO] disconnecting
2026-05-04 10:28:16,315 [INFO] ANSWER connectionClosed {}
2026-05-04 10:28:16,331 [INFO] Ciclo completado: 1 aperturas, 1 cierres
2026-05-04 10:30:00,336 [INFO] === CICLO AUTOMÁTICO INICIADO ===
2026-05-04 10:30:05,946 [INFO] sent startApi
2026-05-04 10:30:05,947 [INFO] REQUEST startApi {}
2026-05-04 10:30:05,947 [INFO] SENDING startApi b'\x00\x00\x00\t71\x002\x0050\x00\x00'
2026-05-04 10:30:05,947 [INFO] ANSWER connectAck {}
2026-05-04 10:30:05,958 [INFO] ANSWER managedAccounts {'accountsList': 'DUP838882'}
2026-05-04 10:30:06,476 [INFO] REQUEST reqMktData {'reqId': 1, 'contract': 4516235248: 0,SQM,STK,,0.0,,,NYSE,,USD,,,False,,combo:, 'genericTickList': '100,101,106,233', 'snapshot': False, 'regulatorySnapshot': False, 'mktDataOptions': []}
2026-05-04 10:30:06,477 [INFO] SENDING reqMktData b'\x00\x00\x00;1\x0011\x001\x000\x00SQM\x00STK\x00\x000.0\x00\x00\x00NYSE\x00\x00USD\x00\x00\x000\x00100,101,106,233\x000\x000\x00\x00'
2026-05-04 10:30:06,726 [INFO] REQUEST reqMktData {'reqId': 2, 'contract': 4505717008: 0,ECH,STK,,0.0,,,NYSE,,USD,,,False,,combo:, 'genericTickList': '100,101,106,233', 'snapshot': False, 'regulatorySnapshot': False, 'mktDataOptions': []}
2026-05-04 10:30:06,727 [INFO] SENDING reqMktData b'\x00\x00\x00;1\x0011\x002\x000\x00ECH\x00STK\x00\x000.0\x00\x00\x00NYSE\x00\x00USD\x00\x00\x000\x00100,101,106,233\x000\x000\x00\x00'
2026-05-04 10:30:07,027 [INFO] REQUEST reqMktData {'reqId': 3, 'contract': 4516549056: 0,GLD,STK,,0.0,,,NYSE,,USD,,,False,,combo:, 'genericTickList': '100,101,106,233', 'snapshot': False, 'regulatorySnapshot': False, 'mktDataOptions': []}
2026-05-04 10:30:07,034 [INFO] SENDING reqMktData b'\x00\x00\x00;1\x0011\x003\x000\x00GLD\x00STK\x00\x000.0\x00\x00\x00NYSE\x00\x00USD\x00\x00\x000\x00100,101,106,233\x000\x000\x00\x00'
2026-05-04 10:30:07,064 [INFO] sent startApi
2026-05-04 10:30:07,064 [INFO] REQUEST startApi {}
2026-05-04 10:30:07,064 [INFO] SENDING startApi b'\x00\x00\x00\t71\x002\x0070\x00\x00'
2026-05-04 10:30:07,065 [INFO] ANSWER connectAck {}
2026-05-04 10:30:07,066 [INFO] ANSWER managedAccounts {'accountsList': 'DUP838882'}
2026-05-04 10:30:07,242 [INFO] REQUEST reqMktData {'reqId': 4, 'contract': 4505920848: 0,SPY,STK,,0.0,,,NYSE,,USD,,,False,,combo:, 'genericTickList': '100,101,106,233', 'snapshot': False, 'regulatorySnapshot': False, 'mktDataOptions': []}
2026-05-04 10:30:07,243 [INFO] SENDING reqMktData b'\x00\x00\x00;1\x0011\x004\x000\x00SPY\x00STK\x00\x000.0\x00\x00\x00NYSE\x00\x00USD\x00\x00\x000\x00100,101,106,233\x000\x000\x00\x00'
2026-05-04 10:30:07,525 [INFO] REQUEST reqMktData {'reqId': 5, 'contract': 4516897648: 0,GC,FUT,202606,0.0,,,COMEX,,USD,,,False,,combo:, 'genericTickList': '100,101,106,233', 'snapshot': False, 'regulatorySnapshot': False, 'mktDataOptions': []}
2026-05-04 10:30:07,532 [INFO] SENDING reqMktData b'\x00\x00\x00A1\x0011\x005\x000\x00GC\x00FUT\x00202606\x000.0\x00\x00\x00COMEX\x00\x00USD\x00\x00\x000\x00100,101,106,233\x000\x000\x00\x00'
2026-05-04 10:30:07,668 [INFO] REQUEST reqMktDepth {'reqId': 100, 'contract': 4518636368: 0,SQM,STK,,0.0,,,SN,,CLP,,,False,,combo:, 'numRows': 5, 'isSmartDepth': False, 'mktDepthOptions': []}
2026-05-04 10:30:07,669 [INFO] SENDING reqMktDepth b'\x00\x00\x00)10\x005\x00100\x000\x00SQM\x00STK\x00\x000.0\x00\x00\x00SN\x00\x00CLP\x00\x00\x005\x000\x00\x00'
2026-05-04 10:30:07,867 [INFO] REQUEST reqMktData {'reqId': 6, 'contract': 4516936144: 0,HG,FUT,202606,0.0,,,COMEX,,USD,,,False,,combo:, 'genericTickList': '100,101,106,233', 'snapshot': False, 'regulatorySnapshot': False, 'mktDataOptions': []}
2026-05-04 10:30:07,874 [INFO] SENDING reqMktData b'\x00\x00\x00A1\x0011\x006\x000\x00HG\x00FUT\x00202606\x000.0\x00\x00\x00COMEX\x00\x00USD\x00\x00\x000\x00100,101,106,233\x000\x000\x00\x00'
2026-05-04 10:30:07,876 [INFO] REQUEST reqMktDepth {'reqId': 101, 'contract': 4513612656: 0,COPEC,STK,,0.0,,,SN,,CLP,,,False,,combo:, 'numRows': 5, 'isSmartDepth': False, 'mktDepthOptions': []}
2026-05-04 10:30:07,909 [INFO] SENDING reqMktDepth b'\x00\x00\x00+10\x005\x00101\x000\x00COPEC\x00STK\x00\x000.0\x00\x00\x00SN\x00\x00CLP\x00\x00\x005\x000\x00\x00'
2026-05-04 10:30:08,126 [INFO] REQUEST reqMktDepth {'reqId': 102, 'contract': 4518616752: 0,BCI,STK,,0.0,,,SN,,CLP,,,False,,combo:, 'numRows': 5, 'isSmartDepth': False, 'mktDepthOptions': []}
2026-05-04 10:30:08,127 [INFO] SENDING reqMktDepth b'\x00\x00\x00)10\x005\x00102\x000\x00BCI\x00STK\x00\x000.0\x00\x00\x00SN\x00\x00CLP\x00\x00\x005\x000\x00\x00'
2026-05-04 10:30:08,326 [INFO] REQUEST reqMktDepth {'reqId': 103, 'contract': 4516946032: 0,BSAC,STK,,0.0,,,SMART,,USD,,,False,,combo:, 'numRows': 5, 'isSmartDepth': False, 'mktDepthOptions': []}
2026-05-04 10:30:08,366 [INFO] SENDING reqMktDepth b'\x00\x00\x00-10\x005\x00103\x000\x00BSAC\x00STK\x00\x000.0\x00\x00\x00SMART\x00\x00USD\x00\x00\x005\x000\x00\x00'
2026-05-04 10:30:08,533 [INFO] REQUEST reqMktDepth {'reqId': 104, 'contract': 4518583984: 0,BCH,STK,,0.0,,,SMART,,USD,,,False,,combo:, 'numRows': 5, 'isSmartDepth': False, 'mktDepthOptions': []}
2026-05-04 10:30:08,541 [INFO] SENDING reqMktDepth b'\x00\x00\x00,10\x005\x00104\x000\x00BCH\x00STK\x00\x000.0\x00\x00\x00SMART\x00\x00USD\x00\x00\x005\x000\x00\x00'
2026-05-04 10:30:08,709 [INFO] REQUEST reqMktDepth {'reqId': 105, 'contract': 4516919376: 0,FALABELLA,STK,,0.0,,,SN,,CLP,,,False,,combo:, 'numRows': 5, 'isSmartDepth': False, 'mktDepthOptions': []}
2026-05-04 10:30:08,710 [INFO] SENDING reqMktDepth b'\x00\x00\x00/10\x005\x00105\x000\x00FALABELLA\x00STK\x00\x000.0\x00\x00\x00SN\x00\x00CLP\x00\x00\x005\x000\x00\x00'
2026-05-04 10:30:08,918 [INFO] REQUEST reqMktDepth {'reqId': 106, 'contract': 4520015616: 0,CENCOSUD,STK,,0.0,,,SN,,CLP,,,False,,combo:, 'numRows': 5, 'isSmartDepth': False, 'mktDepthOptions': []}
2026-05-04 10:30:08,918 [INFO] SENDING reqMktDepth b'\x00\x00\x00.10\x005\x00106\x000\x00CENCOSUD\x00STK\x00\x000.0\x00\x00\x00SN\x00\x00CLP\x00\x00\x005\x000\x00\x00'
2026-05-04 10:30:09,100 [INFO] REQUEST reqMktDepth {'reqId': 107, 'contract': 4516919184: 0,CMPC,STK,,0.0,,,SN,,CLP,,,False,,combo:, 'numRows': 5, 'isSmartDepth': False, 'mktDepthOptions': []}
2026-05-04 10:30:09,117 [INFO] SENDING reqMktDepth b'\x00\x00\x00*10\x005\x00107\x000\x00CMPC\x00STK\x00\x000.0\x00\x00\x00SN\x00\x00CLP\x00\x00\x005\x000\x00\x00'
2026-05-04 10:30:09,146 [ERROR] $CFR.SN: possibly delisted; no price data found  (period=3mo)
2026-05-04 10:30:09,315 [INFO] REQUEST reqMktDepth {'reqId': 108, 'contract': 4516209904: 0,COLBUN,STK,,0.0,,,SN,,CLP,,,False,,combo:, 'numRows': 5, 'isSmartDepth': False, 'mktDepthOptions': []}
2026-05-04 10:30:09,315 [INFO] SENDING reqMktDepth b'\x00\x00\x00,10\x005\x00108\x000\x00COLBUN\x00STK\x00\x000.0\x00\x00\x00SN\x00\x00CLP\x00\x00\x005\x000\x00\x00'
2026-05-04 10:30:09,498 [INFO] REQUEST reqMktDepth {'reqId': 109, 'contract': 4516752928: 0,ENELCHILE,STK,,0.0,,,SN,,CLP,,,False,,combo:, 'numRows': 5, 'isSmartDepth': False, 'mktDepthOptions': []}
2026-05-04 10:30:09,508 [INFO] SENDING reqMktDepth b'\x00\x00\x00/10\x005\x00109\x000\x00ENELCHILE\x00STK\x00\x000.0\x00\x00\x00SN\x00\x00CLP\x00\x00\x005\x000\x00\x00'
2026-05-04 10:30:09,589 [ERROR] $ENDESA.SN: possibly delisted; no price data found  (period=3mo)
2026-05-04 10:30:09,684 [INFO] REQUEST reqMktDepth {'reqId': 110, 'contract': 4517017920: 0,ENELAM,STK,,0.0,,,SN,,CLP,,,False,,combo:, 'numRows': 5, 'isSmartDepth': False, 'mktDepthOptions': []}
2026-05-04 10:30:09,688 [INFO] SENDING reqMktDepth b'\x00\x00\x00,10\x005\x00110\x000\x00ENELAM\x00STK\x00\x000.0\x00\x00\x00SN\x00\x00CLP\x00\x00\x005\x000\x00\x00'
2026-05-04 10:30:09,860 [INFO] REQUEST reqMktDepth {'reqId': 111, 'contract': 4504251024: 0,ENTEL,STK,,0.0,,,SN,,CLP,,,False,,combo:, 'numRows': 5, 'isSmartDepth': False, 'mktDepthOptions': []}
2026-05-04 10:30:09,871 [INFO] SENDING reqMktDepth b'\x00\x00\x00+10\x005\x00111\x000\x00ENTEL\x00STK\x00\x000.0\x00\x00\x00SN\x00\x00CLP\x00\x00\x005\x000\x00\x00'
2026-05-04 10:30:10,090 [INFO] REQUEST reqMktDepth {'reqId': 112, 'contract': 4516751008: 0,LTM,STK,,0.0,,,SMART,,USD,,,False,,combo:, 'numRows': 5, 'isSmartDepth': False, 'mktDepthOptions': []}
2026-05-04 10:30:10,091 [INFO] SENDING reqMktDepth b'\x00\x00\x00,10\x005\x00112\x000\x00LTM\x00STK\x00\x000.0\x00\x00\x00SMART\x00\x00USD\x00\x00\x005\x000\x00\x00'
2026-05-04 10:30:10,296 [INFO] REQUEST reqMktDepth {'reqId': 113, 'contract': 4518615840: 0,CAP,STK,,0.0,,,SN,,CLP,,,False,,combo:, 'numRows': 5, 'isSmartDepth': False, 'mktDepthOptions': []}
2026-05-04 10:30:10,302 [INFO] SENDING reqMktDepth b'\x00\x00\x00)10\x005\x00113\x000\x00CAP\x00STK\x00\x000.0\x00\x00\x00SN\x00\x00CLP\x00\x00\x005\x000\x00\x00'
2026-05-04 10:30:10,476 [INFO] REQUEST reqMktDepth {'reqId': 114, 'contract': 4514414944: 0,CCU,STK,,0.0,,,SN,,CLP,,,False,,combo:, 'numRows': 5, 'isSmartDepth': False, 'mktDepthOptions': []}
2026-05-04 10:30:10,477 [INFO] SENDING reqMktDepth b'\x00\x00\x00)10\x005\x00114\x000\x00CCU\x00STK\x00\x000.0\x00\x00\x00SN\x00\x00CLP\x00\x00\x005\x000\x00\x00'
2026-05-04 10:30:12,287 [ERROR] $BANMEDICA.SN: possibly delisted; no price data found  (period=3mo) (Yahoo error = "No data found, symbol may be delisted")
2026-05-04 10:30:16,308 [INFO] disconnecting
2026-05-04 10:30:16,308 [INFO] ANSWER connectionClosed {}
2026-05-04 10:30:18,677 [INFO] disconnecting
2026-05-04 10:30:18,677 [INFO] ANSWER connectionClosed {}
2026-05-04 10:30:22,227 [INFO] sent startApi
2026-05-04 10:30:22,232 [INFO] REQUEST startApi {}
2026-05-04 10:30:22,232 [INFO] SENDING startApi b'\x00\x00\x00\t71\x002\x0050\x00\x00'
2026-05-04 10:30:22,232 [INFO] ANSWER connectAck {}
2026-05-04 10:30:22,236 [INFO] ANSWER managedAccounts {'accountsList': 'DUP838882'}
2026-05-04 10:30:22,740 [INFO] REQUEST reqMktData {'reqId': 1, 'contract': 5021182368: 0,SQM,STK,,0.0,,,NYSE,,USD,,,False,,combo:, 'genericTickList': '100,101,106,233', 'snapshot': False, 'regulatorySnapshot': False, 'mktDataOptions': []}
2026-05-04 10:30:22,740 [INFO] SENDING reqMktData b'\x00\x00\x00;1\x0011\x001\x000\x00SQM\x00STK\x00\x000.0\x00\x00\x00NYSE\x00\x00USD\x00\x00\x000\x00100,101,106,233\x000\x000\x00\x00'
2026-05-04 10:30:22,943 [INFO] REQUEST reqMktData {'reqId': 2, 'contract': 6299904368: 0,ECH,STK,,0.0,,,NYSE,,USD,,,False,,combo:, 'genericTickList': '100,101,106,233', 'snapshot': False, 'regulatorySnapshot': False, 'mktDataOptions': []}
2026-05-04 10:30:22,944 [INFO] SENDING reqMktData b'\x00\x00\x00;1\x0011\x002\x000\x00ECH\x00STK\x00\x000.0\x00\x00\x00NYSE\x00\x00USD\x00\x00\x000\x00100,101,106,233\x000\x000\x00\x00'
2026-05-04 10:30:23,149 [INFO] REQUEST reqMktData {'reqId': 3, 'contract': 5021180208: 0,GLD,STK,,0.0,,,NYSE,,USD,,,False,,combo:, 'genericTickList': '100,101,106,233', 'snapshot': False, 'regulatorySnapshot': False, 'mktDataOptions': []}
2026-05-04 10:30:23,149 [INFO] SENDING reqMktData b'\x00\x00\x00;1\x0011\x003\x000\x00GLD\x00STK\x00\x000.0\x00\x00\x00NYSE\x00\x00USD\x00\x00\x000\x00100,101,106,233\x000\x000\x00\x00'
2026-05-04 10:30:23,351 [INFO] REQUEST reqMktData {'reqId': 4, 'contract': 6312210384: 0,SPY,STK,,0.0,,,NYSE,,USD,,,False,,combo:, 'genericTickList': '100,101,106,233', 'snapshot': False, 'regulatorySnapshot': False, 'mktDataOptions': []}
2026-05-04 10:30:23,352 [INFO] SENDING reqMktData b'\x00\x00\x00;1\x0011\x004\x000\x00SPY\x00STK\x00\x000.0\x00\x00\x00NYSE\x00\x00USD\x00\x00\x000\x00100,101,106,233\x000\x000\x00\x00'
2026-05-04 10:30:23,557 [INFO] REQUEST reqMktData {'reqId': 5, 'contract': 6294333040: 0,GC,FUT,202606,0.0,,,COMEX,,USD,,,False,,combo:, 'genericTickList': '100,101,106,233', 'snapshot': False, 'regulatorySnapshot': False, 'mktDataOptions': []}
2026-05-04 10:30:23,558 [INFO] SENDING reqMktData b'\x00\x00\x00A1\x0011\x005\x000\x00GC\x00FUT\x00202606\x000.0\x00\x00\x00COMEX\x00\x00USD\x00\x00\x000\x00100,101,106,233\x000\x000\x00\x00'
2026-05-04 10:30:23,763 [INFO] REQUEST reqMktData {'reqId': 6, 'contract': 5021180208: 0,HG,FUT,202606,0.0,,,COMEX,,USD,,,False,,combo:, 'genericTickList': '100,101,106,233', 'snapshot': False, 'regulatorySnapshot': False, 'mktDataOptions': []}
2026-05-04 10:30:23,763 [INFO] SENDING reqMktData b'\x00\x00\x00A1\x0011\x006\x000\x00HG\x00FUT\x00202606\x000.0\x00\x00\x00COMEX\x00\x00USD\x00\x00\x000\x00100,101,106,233\x000\x000\x00\x00'
2026-05-04 10:30:25,370 [INFO] sent startApi
2026-05-04 10:30:25,407 [INFO] REQUEST startApi {}
2026-05-04 10:30:25,407 [INFO] SENDING startApi b'\x00\x00\x00\t71\x002\x0030\x00\x00'
2026-05-04 10:30:25,407 [INFO] ANSWER connectAck {}
2026-05-04 10:30:25,416 [INFO] ANSWER managedAccounts {'accountsList': 'DUP838882'}
2026-05-04 10:30:26,489 [INFO] REQUEST placeOrder {'orderId': 16, 'contract': 4515683776: 0,COPEC,STK,,0.0,,,SMART,,USD,,,False,,combo:, 'order': 4515683728: 0,0,0: LMT BUY 1@6350.980000 }
2026-05-04 10:30:26,490 [INFO] SENDING placeOrder b'\x00\x00\x01=3\x0016\x000\x00COPEC\x00STK\x00\x000.0\x00\x00\x00SMART\x00\x00USD\x00\x00\x00\x00\x00BUY\x001\x00LMT\x006350.98\x00\x00\x00\x00\x00\x000\x00\x001\x000\x000\x000\x000\x000\x000\x000\x00\x000\x00\x00\x00\x00\x00\x00\x00\x000\x00\x00-1\x000\x00\x00\x000\x00\x00\x000\x000\x00\x000\x00\x00\x00\x00\x00\x000\x00\x00\x00\x00\x000\x00\x00\x00\x00\x00\x00\x00\x00\x00\x00\x000\x00\x00\x000\x000\x00\x00\x000\x00\x000\x000\x000\x000\x00\x001.7976931348623157e+308\x001.7976931348623157e+308\x001.7976931348623157e+308\x001.7976931348623157e+308\x001.7976931348623157e+308\x000\x00\x00\x00\x001.7976931348623157e+308\x00\x00\x00\x00\x000\x000\x000\x00\x00'
2026-05-04 10:30:29,493 [INFO] disconnecting
2026-05-04 10:30:29,494 [INFO] ANSWER connectionClosed {}
2026-05-04 10:30:30,925 [INFO] CIERRE: COPEC | TAKE PROFIT | PnL -0.58%
2026-05-04 10:30:31,294 [INFO] sent startApi
2026-05-04 10:30:31,295 [INFO] REQUEST startApi {}
2026-05-04 10:30:31,295 [INFO] SENDING startApi b'\x00\x00\x00\t71\x002\x0050\x00\x00'
2026-05-04 10:30:31,295 [INFO] ANSWER connectAck {}
2026-05-04 10:30:31,919 [INFO] disconnecting
2026-05-04 10:30:31,919 [INFO] ANSWER connectionClosed {}
2026-05-04 10:30:31,966 [INFO] disconnecting
2026-05-04 10:30:31,966 [INFO] ANSWER connectionClosed {}
2026-05-04 10:30:32,200 [INFO] sent startApi
2026-05-04 10:30:32,200 [INFO] REQUEST startApi {}
2026-05-04 10:30:32,200 [INFO] SENDING startApi b'\x00\x00\x00\t71\x002\x0050\x00\x00'
2026-05-04 10:30:32,200 [INFO] ANSWER connectAck {}
2026-05-04 10:30:32,202 [INFO] ANSWER managedAccounts {'accountsList': 'DUP838882'}
2026-05-04 10:30:32,713 [INFO] REQUEST reqMktData {'reqId': 1, 'contract': 5013420352: 0,SQM,STK,,0.0,,,NYSE,,USD,,,False,,combo:, 'genericTickList': '100,101,106,233', 'snapshot': False, 'regulatorySnapshot': False, 'mktDataOptions': []}
2026-05-04 10:30:32,714 [INFO] SENDING reqMktData b'\x00\x00\x00;1\x0011\x001\x000\x00SQM\x00STK\x00\x000.0\x00\x00\x00NYSE\x00\x00USD\x00\x00\x000\x00100,101,106,233\x000\x000\x00\x00'
2026-05-04 10:30:32,918 [INFO] REQUEST reqMktData {'reqId': 2, 'contract': 6291542512: 0,ECH,STK,,0.0,,,NYSE,,USD,,,False,,combo:, 'genericTickList': '100,101,106,233', 'snapshot': False, 'regulatorySnapshot': False, 'mktDataOptions': []}
2026-05-04 10:30:32,918 [INFO] SENDING reqMktData b'\x00\x00\x00;1\x0011\x002\x000\x00ECH\x00STK\x00\x000.0\x00\x00\x00NYSE\x00\x00USD\x00\x00\x000\x00100,101,106,233\x000\x000\x00\x00'
2026-05-04 10:30:33,134 [INFO] REQUEST reqMktData {'reqId': 3, 'contract': 6307125472: 0,GLD,STK,,0.0,,,NYSE,,USD,,,False,,combo:, 'genericTickList': '100,101,106,233', 'snapshot': False, 'regulatorySnapshot': False, 'mktDataOptions': []}
2026-05-04 10:30:33,136 [INFO] SENDING reqMktData b'\x00\x00\x00;1\x0011\x003\x000\x00GLD\x00STK\x00\x000.0\x00\x00\x00NYSE\x00\x00USD\x00\x00\x000\x00100,101,106,233\x000\x000\x00\x00'
2026-05-04 10:30:33,341 [INFO] REQUEST reqMktData {'reqId': 4, 'contract': 6292558224: 0,SPY,STK,,0.0,,,NYSE,,USD,,,False,,combo:, 'genericTickList': '100,101,106,233', 'snapshot': False, 'regulatorySnapshot': False, 'mktDataOptions': []}
2026-05-04 10:30:33,342 [INFO] SENDING reqMktData b'\x00\x00\x00;1\x0011\x004\x000\x00SPY\x00STK\x00\x000.0\x00\x00\x00NYSE\x00\x00USD\x00\x00\x000\x00100,101,106,233\x000\x000\x00\x00'
2026-05-04 10:30:33,543 [INFO] REQUEST reqMktData {'reqId': 5, 'contract': 6308453680: 0,GC,FUT,202606,0.0,,,COMEX,,USD,,,False,,combo:, 'genericTickList': '100,101,106,233', 'snapshot': False, 'regulatorySnapshot': False, 'mktDataOptions': []}
2026-05-04 10:30:33,543 [INFO] SENDING reqMktData b'\x00\x00\x00A1\x0011\x005\x000\x00GC\x00FUT\x00202606\x000.0\x00\x00\x00COMEX\x00\x00USD\x00\x00\x000\x00100,101,106,233\x000\x000\x00\x00'
2026-05-04 10:30:33,613 [INFO] sent startApi
2026-05-04 10:30:33,614 [INFO] REQUEST startApi {}
2026-05-04 10:30:33,614 [INFO] SENDING startApi b'\x00\x00\x00\t71\x002\x0070\x00\x00'
2026-05-04 10:30:33,614 [INFO] ANSWER connectAck {}
2026-05-04 10:30:33,615 [INFO] ANSWER managedAccounts {'accountsList': 'DUP838882'}
2026-05-04 10:30:33,748 [INFO] REQUEST reqMktData {'reqId': 6, 'contract': 6310602736: 0,HG,FUT,202606,0.0,,,COMEX,,USD,,,False,,combo:, 'genericTickList': '100,101,106,233', 'snapshot': False, 'regulatorySnapshot': False, 'mktDataOptions': []}
2026-05-04 10:30:33,748 [INFO] SENDING reqMktData b'\x00\x00\x00A1\x0011\x006\x000\x00HG\x00FUT\x00202606\x000.0\x00\x00\x00COMEX\x00\x00USD\x00\x00\x000\x00100,101,106,233\x000\x000\x00\x00'
2026-05-04 10:30:34,124 [INFO] REQUEST reqMktDepth {'reqId': 100, 'contract': 6313106400: 0,SQM,STK,,0.0,,,SN,,CLP,,,False,,combo:, 'numRows': 5, 'isSmartDepth': False, 'mktDepthOptions': []}
2026-05-04 10:30:34,124 [INFO] SENDING reqMktDepth b'\x00\x00\x00)10\x005\x00100\x000\x00SQM\x00STK\x00\x000.0\x00\x00\x00SN\x00\x00CLP\x00\x00\x005\x000\x00\x00'
2026-05-04 10:30:34,243 [INFO] REQUEST reqMktDepth {'reqId': 101, 'contract': 6309814080: 0,COPEC,STK,,0.0,,,SN,,CLP,,,False,,combo:, 'numRows': 5, 'isSmartDepth': False, 'mktDepthOptions': []}
2026-05-04 10:30:34,244 [INFO] SENDING reqMktDepth b'\x00\x00\x00+10\x005\x00101\x000\x00COPEC\x00STK\x00\x000.0\x00\x00\x00SN\x00\x00CLP\x00\x00\x005\x000\x00\x00'
2026-05-04 10:30:34,352 [INFO] REQUEST reqMktDepth {'reqId': 102, 'contract': 6308779440: 0,BCI,STK,,0.0,,,SN,,CLP,,,False,,combo:, 'numRows': 5, 'isSmartDepth': False, 'mktDepthOptions': []}
2026-05-04 10:30:34,353 [INFO] SENDING reqMktDepth b'\x00\x00\x00)10\x005\x00102\x000\x00BCI\x00STK\x00\x000.0\x00\x00\x00SN\x00\x00CLP\x00\x00\x005\x000\x00\x00'
2026-05-04 10:30:34,478 [INFO] REQUEST reqMktDepth {'reqId': 103, 'contract': 6292754688: 0,BSAC,STK,,0.0,,,SMART,,USD,,,False,,combo:, 'numRows': 5, 'isSmartDepth': False, 'mktDepthOptions': []}
2026-05-04 10:30:34,478 [INFO] SENDING reqMktDepth b'\x00\x00\x00-10\x005\x00103\x000\x00BSAC\x00STK\x00\x000.0\x00\x00\x00SMART\x00\x00USD\x00\x00\x005\x000\x00\x00'
2026-05-04 10:30:34,578 [INFO] REQUEST reqMktDepth {'reqId': 104, 'contract': 6292754880: 0,BCH,STK,,0.0,,,SMART,,USD,,,False,,combo:, 'numRows': 5, 'isSmartDepth': False, 'mktDepthOptions': []}
2026-05-04 10:30:34,578 [INFO] SENDING reqMktDepth b'\x00\x00\x00,10\x005\x00104\x000\x00BCH\x00STK\x00\x000.0\x00\x00\x00SMART\x00\x00USD\x00\x00\x005\x000\x00\x00'
2026-05-04 10:30:34,684 [INFO] REQUEST reqMktDepth {'reqId': 105, 'contract': 6298510576: 0,FALABELLA,STK,,0.0,,,SN,,CLP,,,False,,combo:, 'numRows': 5, 'isSmartDepth': False, 'mktDepthOptions': []}
2026-05-04 10:30:34,690 [INFO] SENDING reqMktDepth b'\x00\x00\x00/10\x005\x00105\x000\x00FALABELLA\x00STK\x00\x000.0\x00\x00\x00SN\x00\x00CLP\x00\x00\x005\x000\x00\x00'
2026-05-04 10:30:34,800 [INFO] REQUEST reqMktDepth {'reqId': 106, 'contract': 6290985504: 0,CENCOSUD,STK,,0.0,,,SN,,CLP,,,False,,combo:, 'numRows': 5, 'isSmartDepth': False, 'mktDepthOptions': []}
2026-05-04 10:30:34,800 [INFO] SENDING reqMktDepth b'\x00\x00\x00.10\x005\x00106\x000\x00CENCOSUD\x00STK\x00\x000.0\x00\x00\x00SN\x00\x00CLP\x00\x00\x005\x000\x00\x00'
2026-05-04 10:30:34,912 [INFO] REQUEST reqMktDepth {'reqId': 107, 'contract': 6308781744: 0,CMPC,STK,,0.0,,,SN,,CLP,,,False,,combo:, 'numRows': 5, 'isSmartDepth': False, 'mktDepthOptions': []}
2026-05-04 10:30:34,912 [INFO] SENDING reqMktDepth b'\x00\x00\x00*10\x005\x00107\x000\x00CMPC\x00STK\x00\x000.0\x00\x00\x00SN\x00\x00CLP\x00\x00\x005\x000\x00\x00'
2026-05-04 10:30:35,017 [INFO] REQUEST reqMktDepth {'reqId': 108, 'contract': 6291063040: 0,COLBUN,STK,,0.0,,,SN,,CLP,,,False,,combo:, 'numRows': 5, 'isSmartDepth': False, 'mktDepthOptions': []}
2026-05-04 10:30:35,017 [INFO] SENDING reqMktDepth b'\x00\x00\x00,10\x005\x00108\x000\x00COLBUN\x00STK\x00\x000.0\x00\x00\x00SN\x00\x00CLP\x00\x00\x005\x000\x00\x00'
2026-05-04 10:30:35,123 [INFO] REQUEST reqMktDepth {'reqId': 109, 'contract': 6292666304: 0,ENELCHILE,STK,,0.0,,,SN,,CLP,,,False,,combo:, 'numRows': 5, 'isSmartDepth': False, 'mktDepthOptions': []}
2026-05-04 10:30:35,123 [INFO] SENDING reqMktDepth b'\x00\x00\x00/10\x005\x00109\x000\x00ENELCHILE\x00STK\x00\x000.0\x00\x00\x00SN\x00\x00CLP\x00\x00\x005\x000\x00\x00'
2026-05-04 10:30:35,228 [INFO] REQUEST reqMktDepth {'reqId': 110, 'contract': 6292666256: 0,ENELAM,STK,,0.0,,,SN,,CLP,,,False,,combo:, 'numRows': 5, 'isSmartDepth': False, 'mktDepthOptions': []}
2026-05-04 10:30:35,230 [INFO] SENDING reqMktDepth b'\x00\x00\x00,10\x005\x00110\x000\x00ENELAM\x00STK\x00\x000.0\x00\x00\x00SN\x00\x00CLP\x00\x00\x005\x000\x00\x00'
2026-05-04 10:30:35,335 [INFO] REQUEST reqMktDepth {'reqId': 111, 'contract': 6292575808: 0,ENTEL,STK,,0.0,,,SN,,CLP,,,False,,combo:, 'numRows': 5, 'isSmartDepth': False, 'mktDepthOptions': []}
2026-05-04 10:30:35,335 [INFO] SENDING reqMktDepth b'\x00\x00\x00+10\x005\x00111\x000\x00ENTEL\x00STK\x00\x000.0\x00\x00\x00SN\x00\x00CLP\x00\x00\x005\x000\x00\x00'
2026-05-04 10:30:35,446 [INFO] REQUEST reqMktDepth {'reqId': 112, 'contract': 6291544144: 0,LTM,STK,,0.0,,,SMART,,USD,,,False,,combo:, 'numRows': 5, 'isSmartDepth': False, 'mktDepthOptions': []}
2026-05-04 10:30:35,447 [INFO] SENDING reqMktDepth b'\x00\x00\x00,10\x005\x00112\x000\x00LTM\x00STK\x00\x000.0\x00\x00\x00SMART\x00\x00USD\x00\x00\x005\x000\x00\x00'
2026-05-04 10:30:35,552 [INFO] REQUEST reqMktDepth {'reqId': 113, 'contract': 6292754784: 0,CAP,STK,,0.0,,,SN,,CLP,,,False,,combo:, 'numRows': 5, 'isSmartDepth': False, 'mktDepthOptions': []}
2026-05-04 10:30:35,553 [INFO] SENDING reqMktDepth b'\x00\x00\x00)10\x005\x00113\x000\x00CAP\x00STK\x00\x000.0\x00\x00\x00SN\x00\x00CLP\x00\x00\x005\x000\x00\x00'
2026-05-04 10:30:35,658 [INFO] REQUEST reqMktDepth {'reqId': 114, 'contract': 6313106592: 0,CCU,STK,,0.0,,,SN,,CLP,,,False,,combo:, 'numRows': 5, 'isSmartDepth': False, 'mktDepthOptions': []}
2026-05-04 10:30:35,658 [INFO] SENDING reqMktDepth b'\x00\x00\x00)10\x005\x00114\x000\x00CCU\x00STK\x00\x000.0\x00\x00\x00SN\x00\x00CLP\x00\x00\x005\x000\x00\x00'
2026-05-04 10:30:35,680 [ERROR] $CFR.SN: possibly delisted; no price data found  (period=3mo)
2026-05-04 10:30:35,890 [ERROR] $ENDESA.SN: possibly delisted; no price data found  (period=3mo)
2026-05-04 10:30:36,805 [ERROR] $BANMEDICA.SN: possibly delisted; no price data found  (period=3mo) (Yahoo error = "No data found, symbol may be delisted")
2026-05-04 10:30:39,548 [INFO] APERTURA: VENDER COPEC | Conv 78.8% | Riesgo 1/10
2026-05-04 10:30:39,568 [INFO] sent startApi
2026-05-04 10:30:39,568 [INFO] REQUEST startApi {}
2026-05-04 10:30:39,569 [INFO] SENDING startApi b'\x00\x00\x00\t71\x002\x0010\x00\x00'
2026-05-04 10:30:39,569 [INFO] ANSWER connectAck {}
2026-05-04 10:30:39,570 [INFO] ANSWER managedAccounts {'accountsList': 'DUP838882'}
2026-05-04 10:30:39,714 [INFO] sent startApi
2026-05-04 10:30:39,715 [INFO] REQUEST startApi {}
2026-05-04 10:30:39,715 [INFO] SENDING startApi b'\x00\x00\x00\t71\x002\x0050\x00\x00'
2026-05-04 10:30:39,715 [INFO] ANSWER connectAck {}
2026-05-04 10:30:40,218 [INFO] sent startApi
2026-05-04 10:30:40,218 [INFO] REQUEST startApi {}
2026-05-04 10:30:40,218 [INFO] SENDING startApi b'\x00\x00\x00\t71\x002\x0070\x00\x00'
2026-05-04 10:30:40,218 [INFO] ANSWER connectAck {}
2026-05-04 10:30:40,331 [INFO] disconnecting
2026-05-04 10:30:40,332 [INFO] ANSWER connectionClosed {}
2026-05-04 10:30:40,648 [INFO] REQUEST placeOrder {'orderId': 11, 'contract': 4518557824: 0,COPEC,STK,,0.0,,,SN,,CLP,,,False,,combo:, 'order': 4518558448: 0,0,0: MKT SELL 1@179769313486231570814527423731704356798070567525844996598917476803157260780028538760589558632766878171540458953514382464234321326889464182768467546703537516986049910576551282076245490090389328944075868508455133942304583236903222948165808559332123348274797826204144723168738177180919299881250404026184124858368.000000 }
2026-05-04 10:30:40,649 [INFO] SENDING placeOrder b'\x00\x00\x0143\x0011\x000\x00COPEC\x00STK\x00\x000.0\x00\x00\x00SN\x00\x00CLP\x00\x00\x00\x00\x00SELL\x001\x00MKT\x00\x00\x00\x00\x00\x00\x000\x00\x000\x000\x000\x000\x000\x000\x000\x000\x00\x000\x00\x00\x00\x00\x00\x00\x00\x000\x00\x00-1\x000\x00\x00\x000\x00\x00\x000\x000\x00\x000\x00\x00\x00\x00\x00\x000\x00\x00\x00\x00\x000\x00\x00\x00\x00\x00\x00\x00\x00\x00\x00\x000\x00\x00\x000\x000\x00\x00\x000\x00\x000\x000\x000\x000\x00\x001.7976931348623157e+308\x001.7976931348623157e+308\x001.7976931348623157e+308\x001.7976931348623157e+308\x001.7976931348623157e+308\x000\x00\x00\x00\x001.7976931348623157e+308\x00\x00\x00\x00\x000\x000\x000\x00\x00'
2026-05-04 10:30:40,832 [INFO] disconnecting
2026-05-04 10:30:40,833 [INFO] ANSWER connectionClosed {}
2026-05-04 10:30:40,924 [INFO] REQUEST placeOrder {'orderId': 12, 'contract': 4518557824: 0,COPEC,STK,,0.0,,,SN,,CLP,,,False,,combo:, 'order': 4518558640: 0,0,0: STP BUY 1@179769313486231570814527423731704356798070567525844996598917476803157260780028538760589558632766878171540458953514382464234321326889464182768467546703537516986049910576551282076245490090389328944075868508455133942304583236903222948165808559332123348274797826204144723168738177180919299881250404026184124858368.000000 }
2026-05-04 10:30:40,925 [INFO] SENDING placeOrder b'\x00\x00\x01;3\x0012\x000\x00COPEC\x00STK\x00\x000.0\x00\x00\x00SN\x00\x00CLP\x00\x00\x00\x00\x00BUY\x001\x00STP\x00\x006407.04\x00\x00\x00\x00\x000\x00\x000\x0011\x000\x000\x000\x000\x000\x000\x00\x000\x00\x00\x00\x00\x00\x00\x00\x000\x00\x00-1\x000\x00\x00\x000\x00\x00\x000\x000\x00\x000\x00\x00\x00\x00\x00\x000\x00\x00\x00\x00\x000\x00\x00\x00\x00\x00\x00\x00\x00\x00\x00\x000\x00\x00\x000\x000\x00\x00\x000\x00\x000\x000\x000\x000\x00\x001.7976931348623157e+308\x001.7976931348623157e+308\x001.7976931348623157e+308\x001.7976931348623157e+308\x001.7976931348623157e+308\x000\x00\x00\x00\x001.7976931348623157e+308\x00\x00\x00\x00\x000\x000\x000\x00\x00'
2026-05-04 10:30:41,164 [INFO] REQUEST placeOrder {'orderId': 13, 'contract': 4518557824: 0,COPEC,STK,,0.0,,,SN,,CLP,,,False,,combo:, 'order': 4518559264: 0,0,0: LMT BUY 1@6350.980000 }
2026-05-04 10:30:41,165 [INFO] SENDING placeOrder b'\x00\x00\x01;3\x0013\x000\x00COPEC\x00STK\x00\x000.0\x00\x00\x00SN\x00\x00CLP\x00\x00\x00\x00\x00BUY\x001\x00LMT\x006350.98\x00\x00\x00\x00\x00\x000\x00\x001\x0011\x000\x000\x000\x000\x000\x000\x00\x000\x00\x00\x00\x00\x00\x00\x00\x000\x00\x00-1\x000\x00\x00\x000\x00\x00\x000\x000\x00\x000\x00\x00\x00\x00\x00\x000\x00\x00\x00\x00\x000\x00\x00\x00\x00\x00\x00\x00\x00\x00\x00\x000\x00\x00\x000\x000\x00\x00\x000\x00\x000\x000\x000\x000\x00\x001.7976931348623157e+308\x001.7976931348623157e+308\x001.7976931348623157e+308\x001.7976931348623157e+308\x001.7976931348623157e+308\x000\x00\x00\x00\x001.7976931348623157e+308\x00\x00\x00\x00\x000\x000\x000\x00\x00'
2026-05-04 10:30:41,651 [ERROR] $CFR.SN: possibly delisted; no price data found  (period=3mo)
2026-05-04 10:30:41,954 [INFO] disconnecting
2026-05-04 10:30:41,954 [INFO] ANSWER connectionClosed {}
2026-05-04 10:30:41,968 [ERROR] $ENDESA.SN: possibly delisted; no price data found  (period=3mo)
2026-05-04 10:30:42,366 [ERROR] $BANMEDICA.SN: possibly delisted; no price data found  (period=3mo) (Yahoo error = "No data found, symbol may be delisted")
2026-05-04 10:30:43,032 [INFO] disconnecting
2026-05-04 10:30:43,032 [INFO] ANSWER connectionClosed {}
2026-05-04 10:30:43,041 [INFO] Ciclo completado: 1 aperturas, 1 cierres
2026-05-04 10:30:43,041 [INFO] Ciclo completado: 1 aperturas, 1 cierres, 3 rechazadas
2026-05-04 10:30:43,769 [INFO] disconnecting
2026-05-04 10:30:43,770 [INFO] ANSWER connectionClosed {}
2026-05-04 10:30:57,969 [ERROR] $COPEC: possibly delisted; no price data found  (period=2d) (Yahoo error = "No data found, symbol may be delisted")
2026-05-04 10:35:00,956 [INFO] === CICLO AUTOMÁTICO INICIADO ===
2026-05-04 10:35:03,451 [INFO] sent startApi
2026-05-04 10:35:03,451 [INFO] REQUEST startApi {}
2026-05-04 10:35:03,451 [INFO] SENDING startApi b'\x00\x00\x00\t71\x002\x0050\x00\x00'
2026-05-04 10:35:03,451 [INFO] ANSWER connectAck {}
2026-05-04 10:35:03,455 [INFO] ANSWER managedAccounts {'accountsList': 'DUP838882'}
2026-05-04 10:35:04,031 [INFO] REQUEST reqMktData {'reqId': 1, 'contract': 4473660368: 0,SQM,STK,,0.0,,,NYSE,,USD,,,False,,combo:, 'genericTickList': '100,101,106,233', 'snapshot': False, 'regulatorySnapshot': False, 'mktDataOptions': []}
2026-05-04 10:35:04,031 [INFO] SENDING reqMktData b'\x00\x00\x00;1\x0011\x001\x000\x00SQM\x00STK\x00\x000.0\x00\x00\x00NYSE\x00\x00USD\x00\x00\x000\x00100,101,106,233\x000\x000\x00\x00'
2026-05-04 10:35:04,311 [INFO] REQUEST reqMktData {'reqId': 2, 'contract': 4474370368: 0,ECH,STK,,0.0,,,NYSE,,USD,,,False,,combo:, 'genericTickList': '100,101,106,233', 'snapshot': False, 'regulatorySnapshot': False, 'mktDataOptions': []}
2026-05-04 10:35:04,312 [INFO] SENDING reqMktData b'\x00\x00\x00;1\x0011\x002\x000\x00ECH\x00STK\x00\x000.0\x00\x00\x00NYSE\x00\x00USD\x00\x00\x000\x00100,101,106,233\x000\x000\x00\x00'
2026-05-04 10:35:04,585 [INFO] REQUEST reqMktData {'reqId': 3, 'contract': 4473353072: 0,GLD,STK,,0.0,,,NYSE,,USD,,,False,,combo:, 'genericTickList': '100,101,106,233', 'snapshot': False, 'regulatorySnapshot': False, 'mktDataOptions': []}
2026-05-04 10:35:04,585 [INFO] SENDING reqMktData b'\x00\x00\x00;1\x0011\x003\x000\x00GLD\x00STK\x00\x000.0\x00\x00\x00NYSE\x00\x00USD\x00\x00\x000\x00100,101,106,233\x000\x000\x00\x00'
2026-05-04 10:35:04,853 [INFO] REQUEST reqMktData {'reqId': 4, 'contract': 4473446352: 0,SPY,STK,,0.0,,,NYSE,,USD,,,False,,combo:, 'genericTickList': '100,101,106,233', 'snapshot': False, 'regulatorySnapshot': False, 'mktDataOptions': []}
2026-05-04 10:35:04,854 [INFO] SENDING reqMktData b'\x00\x00\x00;1\x0011\x004\x000\x00SPY\x00STK\x00\x000.0\x00\x00\x00NYSE\x00\x00USD\x00\x00\x000\x00100,101,106,233\x000\x000\x00\x00'
2026-05-04 10:35:05,131 [INFO] REQUEST reqMktData {'reqId': 5, 'contract': 4474412528: 0,GC,FUT,202606,0.0,,,COMEX,,USD,,,False,,combo:, 'genericTickList': '100,101,106,233', 'snapshot': False, 'regulatorySnapshot': False, 'mktDataOptions': []}
2026-05-04 10:35:05,132 [INFO] SENDING reqMktData b'\x00\x00\x00A1\x0011\x005\x000\x00GC\x00FUT\x00202606\x000.0\x00\x00\x00COMEX\x00\x00USD\x00\x00\x000\x00100,101,106,233\x000\x000\x00\x00'
2026-05-04 10:35:05,415 [INFO] REQUEST reqMktData {'reqId': 6, 'contract': 4473660608: 0,HG,FUT,202606,0.0,,,COMEX,,USD,,,False,,combo:, 'genericTickList': '100,101,106,233', 'snapshot': False, 'regulatorySnapshot': False, 'mktDataOptions': []}
2026-05-04 10:35:05,421 [INFO] SENDING reqMktData b'\x00\x00\x00A1\x0011\x006\x000\x00HG\x00FUT\x00202606\x000.0\x00\x00\x00COMEX\x00\x00USD\x00\x00\x000\x00100,101,106,233\x000\x000\x00\x00'
2026-05-04 10:35:06,000 [INFO] sent startApi
2026-05-04 10:35:06,000 [INFO] REQUEST startApi {}
2026-05-04 10:35:06,000 [INFO] SENDING startApi b'\x00\x00\x00\t71\x002\x0070\x00\x00'
2026-05-04 10:35:06,000 [INFO] ANSWER connectAck {}
2026-05-04 10:35:06,002 [INFO] ANSWER managedAccounts {'accountsList': 'DUP838882'}
2026-05-04 10:35:06,572 [INFO] REQUEST reqMktDepth {'reqId': 100, 'contract': 4473380096: 0,SQM,STK,,0.0,,,SN,,CLP,,,False,,combo:, 'numRows': 5, 'isSmartDepth': False, 'mktDepthOptions': []}
2026-05-04 10:35:06,572 [INFO] SENDING reqMktDepth b'\x00\x00\x00)10\x005\x00100\x000\x00SQM\x00STK\x00\x000.0\x00\x00\x00SN\x00\x00CLP\x00\x00\x005\x000\x00\x00'
2026-05-04 10:35:06,771 [INFO] REQUEST reqMktDepth {'reqId': 101, 'contract': 4474301264: 0,COPEC,STK,,0.0,,,SN,,CLP,,,False,,combo:, 'numRows': 5, 'isSmartDepth': False, 'mktDepthOptions': []}
2026-05-04 10:35:06,787 [INFO] SENDING reqMktDepth b'\x00\x00\x00+10\x005\x00101\x000\x00COPEC\x00STK\x00\x000.0\x00\x00\x00SN\x00\x00CLP\x00\x00\x005\x000\x00\x00'
2026-05-04 10:35:06,931 [INFO] REQUEST reqMktDepth {'reqId': 102, 'contract': 4461530032: 0,BCI,STK,,0.0,,,SN,,CLP,,,False,,combo:, 'numRows': 5, 'isSmartDepth': False, 'mktDepthOptions': []}
2026-05-04 10:35:06,931 [INFO] SENDING reqMktDepth b'\x00\x00\x00)10\x005\x00102\x000\x00BCI\x00STK\x00\x000.0\x00\x00\x00SN\x00\x00CLP\x00\x00\x005\x000\x00\x00'
2026-05-04 10:35:07,079 [INFO] REQUEST reqMktDepth {'reqId': 103, 'contract': 4461528736: 0,BSAC,STK,,0.0,,,SMART,,USD,,,False,,combo:, 'numRows': 5, 'isSmartDepth': False, 'mktDepthOptions': []}
2026-05-04 10:35:07,079 [INFO] SENDING reqMktDepth b'\x00\x00\x00-10\x005\x00103\x000\x00BSAC\x00STK\x00\x000.0\x00\x00\x00SMART\x00\x00USD\x00\x00\x005\x000\x00\x00'
2026-05-04 10:35:07,232 [INFO] REQUEST reqMktDepth {'reqId': 104, 'contract': 4474735440: 0,BCH,STK,,0.0,,,SMART,,USD,,,False,,combo:, 'numRows': 5, 'isSmartDepth': False, 'mktDepthOptions': []}
2026-05-04 10:35:07,233 [INFO] SENDING reqMktDepth b'\x00\x00\x00,10\x005\x00104\x000\x00BCH\x00STK\x00\x000.0\x00\x00\x00SMART\x00\x00USD\x00\x00\x005\x000\x00\x00'
2026-05-04 10:35:07,389 [INFO] REQUEST reqMktDepth {'reqId': 105, 'contract': 4474793600: 0,FALABELLA,STK,,0.0,,,SN,,CLP,,,False,,combo:, 'numRows': 5, 'isSmartDepth': False, 'mktDepthOptions': []}
2026-05-04 10:35:07,390 [INFO] SENDING reqMktDepth b'\x00\x00\x00/10\x005\x00105\x000\x00FALABELLA\x00STK\x00\x000.0\x00\x00\x00SN\x00\x00CLP\x00\x00\x005\x000\x00\x00'
2026-05-04 10:35:07,548 [INFO] REQUEST reqMktDepth {'reqId': 106, 'contract': 4473660320: 0,CENCOSUD,STK,,0.0,,,SN,,CLP,,,False,,combo:, 'numRows': 5, 'isSmartDepth': False, 'mktDepthOptions': []}
2026-05-04 10:35:07,548 [INFO] SENDING reqMktDepth b'\x00\x00\x00.10\x005\x00106\x000\x00CENCOSUD\x00STK\x00\x000.0\x00\x00\x00SN\x00\x00CLP\x00\x00\x005\x000\x00\x00'
2026-05-04 10:35:07,662 [INFO] REQUEST reqMktDepth {'reqId': 107, 'contract': 4474209904: 0,CMPC,STK,,0.0,,,SN,,CLP,,,False,,combo:, 'numRows': 5, 'isSmartDepth': False, 'mktDepthOptions': []}
2026-05-04 10:35:07,665 [INFO] SENDING reqMktDepth b'\x00\x00\x00*10\x005\x00107\x000\x00CMPC\x00STK\x00\x000.0\x00\x00\x00SN\x00\x00CLP\x00\x00\x005\x000\x00\x00'
2026-05-04 10:35:07,840 [INFO] REQUEST reqMktDepth {'reqId': 108, 'contract': 4476254384: 0,COLBUN,STK,,0.0,,,SN,,CLP,,,False,,combo:, 'numRows': 5, 'isSmartDepth': False, 'mktDepthOptions': []}
2026-05-04 10:35:07,871 [INFO] SENDING reqMktDepth b'\x00\x00\x00,10\x005\x00108\x000\x00COLBUN\x00STK\x00\x000.0\x00\x00\x00SN\x00\x00CLP\x00\x00\x005\x000\x00\x00'
2026-05-04 10:35:08,047 [INFO] REQUEST reqMktDepth {'reqId': 109, 'contract': 4474926944: 0,ENELCHILE,STK,,0.0,,,SN,,CLP,,,False,,combo:, 'numRows': 5, 'isSmartDepth': False, 'mktDepthOptions': []}
2026-05-04 10:35:08,073 [INFO] SENDING reqMktDepth b'\x00\x00\x00/10\x005\x00109\x000\x00ENELCHILE\x00STK\x00\x000.0\x00\x00\x00SN\x00\x00CLP\x00\x00\x005\x000\x00\x00'
2026-05-04 10:35:08,258 [INFO] REQUEST reqMktDepth {'reqId': 110, 'contract': 4475166096: 0,ENELAM,STK,,0.0,,,SN,,CLP,,,False,,combo:, 'numRows': 5, 'isSmartDepth': False, 'mktDepthOptions': []}
2026-05-04 10:35:08,261 [INFO] SENDING reqMktDepth b'\x00\x00\x00,10\x005\x00110\x000\x00ENELAM\x00STK\x00\x000.0\x00\x00\x00SN\x00\x00CLP\x00\x00\x005\x000\x00\x00'
2026-05-04 10:35:08,455 [INFO] REQUEST reqMktDepth {'reqId': 111, 'contract': 4475048480: 0,ENTEL,STK,,0.0,,,SN,,CLP,,,False,,combo:, 'numRows': 5, 'isSmartDepth': False, 'mktDepthOptions': []}
2026-05-04 10:35:08,459 [INFO] SENDING reqMktDepth b'\x00\x00\x00+10\x005\x00111\x000\x00ENTEL\x00STK\x00\x000.0\x00\x00\x00SN\x00\x00CLP\x00\x00\x005\x000\x00\x00'
2026-05-04 10:35:08,646 [INFO] REQUEST reqMktDepth {'reqId': 112, 'contract': 4474525488: 0,LTM,STK,,0.0,,,SMART,,USD,,,False,,combo:, 'numRows': 5, 'isSmartDepth': False, 'mktDepthOptions': []}
2026-05-04 10:35:08,666 [INFO] SENDING reqMktDepth b'\x00\x00\x00,10\x005\x00112\x000\x00LTM\x00STK\x00\x000.0\x00\x00\x00SMART\x00\x00USD\x00\x00\x005\x000\x00\x00'
2026-05-04 10:35:08,851 [INFO] REQUEST reqMktDepth {'reqId': 113, 'contract': 4474445776: 0,CAP,STK,,0.0,,,SN,,CLP,,,False,,combo:, 'numRows': 5, 'isSmartDepth': False, 'mktDepthOptions': []}
2026-05-04 10:35:08,860 [INFO] SENDING reqMktDepth b'\x00\x00\x00)10\x005\x00113\x000\x00CAP\x00STK\x00\x000.0\x00\x00\x00SN\x00\x00CLP\x00\x00\x005\x000\x00\x00'
2026-05-04 10:35:08,956 [ERROR] $CFR.SN: possibly delisted; no price data found  (period=3mo)
2026-05-04 10:35:09,027 [INFO] REQUEST reqMktDepth {'reqId': 114, 'contract': 4476409360: 0,CCU,STK,,0.0,,,SN,,CLP,,,False,,combo:, 'numRows': 5, 'isSmartDepth': False, 'mktDepthOptions': []}
2026-05-04 10:35:09,028 [INFO] SENDING reqMktDepth b'\x00\x00\x00)10\x005\x00114\x000\x00CCU\x00STK\x00\x000.0\x00\x00\x00SN\x00\x00CLP\x00\x00\x005\x000\x00\x00'
2026-05-04 10:35:09,155 [ERROR] $ENDESA.SN: possibly delisted; no price data found  (period=3mo)
2026-05-04 10:35:11,323 [ERROR] $BANMEDICA.SN: possibly delisted; no price data found  (period=3mo) (Yahoo error = "No data found, symbol may be delisted")
2026-05-04 10:35:13,757 [INFO] disconnecting
2026-05-04 10:35:13,765 [INFO] ANSWER connectionClosed {}
2026-05-04 10:35:17,255 [INFO] disconnecting
2026-05-04 10:35:17,256 [INFO] ANSWER connectionClosed {}
2026-05-04 10:35:23,761 [INFO] sent startApi
2026-05-04 10:35:23,762 [INFO] REQUEST startApi {}
2026-05-04 10:35:23,762 [INFO] SENDING startApi b'\x00\x00\x00\t71\x002\x0030\x00\x00'
2026-05-04 10:35:23,762 [INFO] ANSWER connectAck {}
2026-05-04 10:35:23,764 [INFO] ANSWER managedAccounts {'accountsList': 'DUP838882'}
2026-05-04 10:35:24,825 [INFO] REQUEST placeOrder {'orderId': 17, 'contract': 4474364448: 0,COPEC,STK,,0.0,,,SMART,,USD,,,False,,combo:, 'order': 4474365600: 0,0,0: LMT BUY 1@6350.980000 }
2026-05-04 10:35:24,825 [INFO] SENDING placeOrder b'\x00\x00\x01=3\x0017\x000\x00COPEC\x00STK\x00\x000.0\x00\x00\x00SMART\x00\x00USD\x00\x00\x00\x00\x00BUY\x001\x00LMT\x006350.98\x00\x00\x00\x00\x00\x000\x00\x001\x000\x000\x000\x000\x000\x000\x000\x00\x000\x00\x00\x00\x00\x00\x00\x00\x000\x00\x00-1\x000\x00\x00\x000\x00\x00\x000\x000\x00\x000\x00\x00\x00\x00\x00\x000\x00\x00\x00\x00\x000\x00\x00\x00\x00\x00\x00\x00\x00\x00\x00\x000\x00\x00\x000\x000\x00\x00\x000\x00\x000\x000\x000\x000\x00\x001.7976931348623157e+308\x001.7976931348623157e+308\x001.7976931348623157e+308\x001.7976931348623157e+308\x001.7976931348623157e+308\x000\x00\x00\x00\x001.7976931348623157e+308\x00\x00\x00\x00\x000\x000\x000\x00\x00'
2026-05-04 10:35:27,878 [INFO] disconnecting
2026-05-04 10:35:27,879 [INFO] ANSWER connectionClosed {}
2026-05-04 10:35:29,149 [INFO] CIERRE: COPEC | TAKE PROFIT | PnL +0.00%
2026-05-04 10:35:38,501 [INFO] APERTURA: VENDER COPEC | Conv 78.5% | Riesgo 1/10
2026-05-04 10:35:38,523 [INFO] sent startApi
2026-05-04 10:35:38,524 [INFO] REQUEST startApi {}
2026-05-04 10:35:38,524 [INFO] SENDING startApi b'\x00\x00\x00\t71\x002\x0010\x00\x00'
2026-05-04 10:35:38,524 [INFO] ANSWER connectAck {}
2026-05-04 10:35:38,526 [INFO] ANSWER managedAccounts {'accountsList': 'DUP838882'}
2026-05-04 10:35:39,599 [INFO] REQUEST placeOrder {'orderId': 11, 'contract': 4464968512: 0,COPEC,STK,,0.0,,,SN,,CLP,,,False,,combo:, 'order': 4464968320: 0,0,0: MKT SELL 1@179769313486231570814527423731704356798070567525844996598917476803157260780028538760589558632766878171540458953514382464234321326889464182768467546703537516986049910576551282076245490090389328944075868508455133942304583236903222948165808559332123348274797826204144723168738177180919299881250404026184124858368.000000 }
2026-05-04 10:35:39,599 [INFO] SENDING placeOrder b'\x00\x00\x0143\x0011\x000\x00COPEC\x00STK\x00\x000.0\x00\x00\x00SN\x00\x00CLP\x00\x00\x00\x00\x00SELL\x001\x00MKT\x00\x00\x00\x00\x00\x00\x000\x00\x000\x000\x000\x000\x000\x000\x000\x000\x00\x000\x00\x00\x00\x00\x00\x00\x00\x000\x00\x00-1\x000\x00\x00\x000\x00\x00\x000\x000\x00\x000\x00\x00\x00\x00\x00\x000\x00\x00\x00\x00\x000\x00\x00\x00\x00\x00\x00\x00\x00\x00\x00\x000\x00\x00\x000\x000\x00\x00\x000\x00\x000\x000\x000\x000\x00\x001.7976931348623157e+308\x001.7976931348623157e+308\x001.7976931348623157e+308\x001.7976931348623157e+308\x001.7976931348623157e+308\x000\x00\x00\x00\x001.7976931348623157e+308\x00\x00\x00\x00\x000\x000\x000\x00\x00'
2026-05-04 10:35:39,835 [INFO] REQUEST placeOrder {'orderId': 12, 'contract': 4464968512: 0,COPEC,STK,,0.0,,,SN,,CLP,,,False,,combo:, 'order': 4464968128: 0,0,0: STP BUY 1@179769313486231570814527423731704356798070567525844996598917476803157260780028538760589558632766878171540458953514382464234321326889464182768467546703537516986049910576551282076245490090389328944075868508455133942304583236903222948165808559332123348274797826204144723168738177180919299881250404026184124858368.000000 }
2026-05-04 10:35:39,836 [INFO] SENDING placeOrder b'\x00\x00\x01;3\x0012\x000\x00COPEC\x00STK\x00\x000.0\x00\x00\x00SN\x00\x00CLP\x00\x00\x00\x00\x00BUY\x001\x00STP\x00\x006407.04\x00\x00\x00\x00\x000\x00\x000\x0011\x000\x000\x000\x000\x000\x000\x00\x000\x00\x00\x00\x00\x00\x00\x00\x000\x00\x00-1\x000\x00\x00\x000\x00\x00\x000\x000\x00\x000\x00\x00\x00\x00\x00\x000\x00\x00\x00\x00\x000\x00\x00\x00\x00\x00\x00\x00\x00\x00\x00\x000\x00\x00\x000\x000\x00\x00\x000\x00\x000\x000\x000\x000\x00\x001.7976931348623157e+308\x001.7976931348623157e+308\x001.7976931348623157e+308\x001.7976931348623157e+308\x001.7976931348623157e+308\x000\x00\x00\x00\x001.7976931348623157e+308\x00\x00\x00\x00\x000\x000\x000\x00\x00'
2026-05-04 10:35:40,106 [INFO] REQUEST placeOrder {'orderId': 13, 'contract': 4464968512: 0,COPEC,STK,,0.0,,,SN,,CLP,,,False,,combo:, 'order': 4464969088: 0,0,0: LMT BUY 1@6350.980000 }
2026-05-04 10:35:40,106 [INFO] SENDING placeOrder b'\x00\x00\x01;3\x0013\x000\x00COPEC\x00STK\x00\x000.0\x00\x00\x00SN\x00\x00CLP\x00\x00\x00\x00\x00BUY\x001\x00LMT\x006350.98\x00\x00\x00\x00\x00\x000\x00\x001\x0011\x000\x000\x000\x000\x000\x000\x00\x000\x00\x00\x00\x00\x00\x00\x00\x000\x00\x00-1\x000\x00\x00\x000\x00\x00\x000\x000\x00\x000\x00\x00\x00\x00\x00\x000\x00\x00\x00\x00\x000\x00\x00\x00\x00\x00\x00\x00\x00\x00\x00\x000\x00\x00\x000\x000\x00\x00\x000\x00\x000\x000\x000\x000\x00\x001.7976931348623157e+308\x001.7976931348623157e+308\x001.7976931348623157e+308\x001.7976931348623157e+308\x001.7976931348623157e+308\x000\x00\x00\x00\x001.7976931348623157e+308\x00\x00\x00\x00\x000\x000\x000\x00\x00'
2026-05-04 10:35:41,941 [INFO] disconnecting
2026-05-04 10:35:41,941 [INFO] ANSWER connectionClosed {}
2026-05-04 10:35:41,952 [INFO] Ciclo completado: 1 aperturas, 1 cierres
2026-05-04 10:35:41,953 [INFO] Ciclo completado: 1 aperturas, 1 cierres, 2 rechazadas
2026-05-04 10:40:01,039 [INFO] === CICLO AUTOMÁTICO INICIADO ===
2026-05-04 10:40:05,352 [INFO] sent startApi
2026-05-04 10:40:05,353 [INFO] REQUEST startApi {}
2026-05-04 10:40:05,355 [INFO] SENDING startApi b'\x00\x00\x00\t71\x002\x0050\x00\x00'
2026-05-04 10:40:05,355 [INFO] ANSWER connectAck {}
2026-05-04 10:40:05,392 [INFO] ANSWER managedAccounts {'accountsList': 'DUP838882'}
2026-05-04 10:40:05,959 [INFO] REQUEST reqMktData {'reqId': 1, 'contract': 4537986448: 0,SQM,STK,,0.0,,,NYSE,,USD,,,False,,combo:, 'genericTickList': '100,101,106,233', 'snapshot': False, 'regulatorySnapshot': False, 'mktDataOptions': []}
2026-05-04 10:40:05,994 [INFO] SENDING reqMktData b'\x00\x00\x00;1\x0011\x001\x000\x00SQM\x00STK\x00\x000.0\x00\x00\x00NYSE\x00\x00USD\x00\x00\x000\x00100,101,106,233\x000\x000\x00\x00'
2026-05-04 10:40:06,049 [INFO] sent startApi
2026-05-04 10:40:06,050 [INFO] REQUEST startApi {}
2026-05-04 10:40:06,050 [INFO] SENDING startApi b'\x00\x00\x00\t71\x002\x0070\x00\x00'
2026-05-04 10:40:06,050 [INFO] ANSWER connectAck {}
2026-05-04 10:40:06,052 [INFO] ANSWER managedAccounts {'accountsList': 'DUP838882'}
2026-05-04 10:40:06,263 [INFO] REQUEST reqMktData {'reqId': 2, 'contract': 4547808368: 0,ECH,STK,,0.0,,,NYSE,,USD,,,False,,combo:, 'genericTickList': '100,101,106,233', 'snapshot': False, 'regulatorySnapshot': False, 'mktDataOptions': []}
2026-05-04 10:40:06,264 [INFO] SENDING reqMktData b'\x00\x00\x00;1\x0011\x002\x000\x00ECH\x00STK\x00\x000.0\x00\x00\x00NYSE\x00\x00USD\x00\x00\x000\x00100,101,106,233\x000\x000\x00\x00'
2026-05-04 10:40:06,540 [INFO] REQUEST reqMktData {'reqId': 3, 'contract': 4540815824: 0,GLD,STK,,0.0,,,NYSE,,USD,,,False,,combo:, 'genericTickList': '100,101,106,233', 'snapshot': False, 'regulatorySnapshot': False, 'mktDataOptions': []}
2026-05-04 10:40:06,541 [INFO] SENDING reqMktData b'\x00\x00\x00;1\x0011\x003\x000\x00GLD\x00STK\x00\x000.0\x00\x00\x00NYSE\x00\x00USD\x00\x00\x000\x00100,101,106,233\x000\x000\x00\x00'
2026-05-04 10:40:06,611 [INFO] REQUEST reqMktDepth {'reqId': 100, 'contract': 4547474048: 0,SQM,STK,,0.0,,,SN,,CLP,,,False,,combo:, 'numRows': 5, 'isSmartDepth': False, 'mktDepthOptions': []}
2026-05-04 10:40:06,611 [INFO] SENDING reqMktDepth b'\x00\x00\x00)10\x005\x00100\x000\x00SQM\x00STK\x00\x000.0\x00\x00\x00SN\x00\x00CLP\x00\x00\x005\x000\x00\x00'
2026-05-04 10:40:06,729 [INFO] REQUEST reqMktDepth {'reqId': 101, 'contract': 4540735248: 0,COPEC,STK,,0.0,,,SN,,CLP,,,False,,combo:, 'numRows': 5, 'isSmartDepth': False, 'mktDepthOptions': []}
2026-05-04 10:40:06,732 [INFO] SENDING reqMktDepth b'\x00\x00\x00+10\x005\x00101\x000\x00COPEC\x00STK\x00\x000.0\x00\x00\x00SN\x00\x00CLP\x00\x00\x005\x000\x00\x00'
2026-05-04 10:40:06,792 [INFO] REQUEST reqMktData {'reqId': 4, 'contract': 4540682496: 0,SPY,STK,,0.0,,,NYSE,,USD,,,False,,combo:, 'genericTickList': '100,101,106,233', 'snapshot': False, 'regulatorySnapshot': False, 'mktDataOptions': []}
2026-05-04 10:40:06,795 [INFO] SENDING reqMktData b'\x00\x00\x00;1\x0011\x004\x000\x00SPY\x00STK\x00\x000.0\x00\x00\x00NYSE\x00\x00USD\x00\x00\x000\x00100,101,106,233\x000\x000\x00\x00'
2026-05-04 10:40:06,952 [INFO] REQUEST reqMktDepth {'reqId': 102, 'contract': 4547533696: 0,BCI,STK,,0.0,,,SN,,CLP,,,False,,combo:, 'numRows': 5, 'isSmartDepth': False, 'mktDepthOptions': []}
2026-05-04 10:40:06,981 [INFO] SENDING reqMktDepth b'\x00\x00\x00)10\x005\x00102\x000\x00BCI\x00STK\x00\x000.0\x00\x00\x00SN\x00\x00CLP\x00\x00\x005\x000\x00\x00'
2026-05-04 10:40:07,116 [INFO] REQUEST reqMktDepth {'reqId': 103, 'contract': 4540685856: 0,BSAC,STK,,0.0,,,SMART,,USD,,,False,,combo:, 'numRows': 5, 'isSmartDepth': False, 'mktDepthOptions': []}
2026-05-04 10:40:07,125 [INFO] SENDING reqMktDepth b'\x00\x00\x00-10\x005\x00103\x000\x00BSAC\x00STK\x00\x000.0\x00\x00\x00SMART\x00\x00USD\x00\x00\x005\x000\x00\x00'
2026-05-04 10:40:07,126 [INFO] REQUEST reqMktData {'reqId': 5, 'contract': 4549044160: 0,GC,FUT,202606,0.0,,,COMEX,,USD,,,False,,combo:, 'genericTickList': '100,101,106,233', 'snapshot': False, 'regulatorySnapshot': False, 'mktDataOptions': []}
2026-05-04 10:40:07,131 [INFO] SENDING reqMktData b'\x00\x00\x00A1\x0011\x005\x000\x00GC\x00FUT\x00202606\x000.0\x00\x00\x00COMEX\x00\x00USD\x00\x00\x000\x00100,101,106,233\x000\x000\x00\x00'
2026-05-04 10:40:07,309 [INFO] REQUEST reqMktDepth {'reqId': 104, 'contract': 4542320992: 0,BCH,STK,,0.0,,,SMART,,USD,,,False,,combo:, 'numRows': 5, 'isSmartDepth': False, 'mktDepthOptions': []}
2026-05-04 10:40:07,316 [INFO] SENDING reqMktDepth b'\x00\x00\x00,10\x005\x00104\x000\x00BCH\x00STK\x00\x000.0\x00\x00\x00SMART\x00\x00USD\x00\x00\x005\x000\x00\x00'
2026-05-04 10:40:07,349 [ERROR] $CFR.SN: possibly delisted; no price data found  (period=3mo)
2026-05-04 10:40:07,379 [INFO] REQUEST reqMktData {'reqId': 6, 'contract': 4547473520: 0,HG,FUT,202606,0.0,,,COMEX,,USD,,,False,,combo:, 'genericTickList': '100,101,106,233', 'snapshot': False, 'regulatorySnapshot': False, 'mktDataOptions': []}
2026-05-04 10:40:07,379 [INFO] SENDING reqMktData b'\x00\x00\x00A1\x0011\x006\x000\x00HG\x00FUT\x00202606\x000.0\x00\x00\x00COMEX\x00\x00USD\x00\x00\x000\x00100,101,106,233\x000\x000\x00\x00'
2026-05-04 10:40:07,481 [INFO] REQUEST reqMktDepth {'reqId': 105, 'contract': 4547746640: 0,FALABELLA,STK,,0.0,,,SN,,CLP,,,False,,combo:, 'numRows': 5, 'isSmartDepth': False, 'mktDepthOptions': []}
2026-05-04 10:40:07,482 [INFO] SENDING reqMktDepth b'\x00\x00\x00/10\x005\x00105\x000\x00FALABELLA\x00STK\x00\x000.0\x00\x00\x00SN\x00\x00CLP\x00\x00\x005\x000\x00\x00'
2026-05-04 10:40:07,649 [INFO] REQUEST reqMktDepth {'reqId': 106, 'contract': 4538733664: 0,CENCOSUD,STK,,0.0,,,SN,,CLP,,,False,,combo:, 'numRows': 5, 'isSmartDepth': False, 'mktDepthOptions': []}
2026-05-04 10:40:07,650 [INFO] SENDING reqMktDepth b'\x00\x00\x00.10\x005\x00106\x000\x00CENCOSUD\x00STK\x00\x000.0\x00\x00\x00SN\x00\x00CLP\x00\x00\x005\x000\x00\x00'
2026-05-04 10:40:07,681 [ERROR] $ENDESA.SN: possibly delisted; no price data found  (period=3mo)
2026-05-04 10:40:07,829 [INFO] REQUEST reqMktDepth {'reqId': 107, 'contract': 4537983136: 0,CMPC,STK,,0.0,,,SN,,CLP,,,False,,combo:, 'numRows': 5, 'isSmartDepth': False, 'mktDepthOptions': []}
2026-05-04 10:40:07,830 [INFO] SENDING reqMktDepth b'\x00\x00\x00*10\x005\x00107\x000\x00CMPC\x00STK\x00\x000.0\x00\x00\x00SN\x00\x00CLP\x00\x00\x005\x000\x00\x00'
2026-05-04 10:40:08,027 [INFO] REQUEST reqMktDepth {'reqId': 108, 'contract': 4547567040: 0,COLBUN,STK,,0.0,,,SN,,CLP,,,False,,combo:, 'numRows': 5, 'isSmartDepth': False, 'mktDepthOptions': []}
2026-05-04 10:40:08,039 [INFO] SENDING reqMktDepth b'\x00\x00\x00,10\x005\x00108\x000\x00COLBUN\x00STK\x00\x000.0\x00\x00\x00SN\x00\x00CLP\x00\x00\x005\x000\x00\x00'
2026-05-04 10:40:08,205 [INFO] REQUEST reqMktDepth {'reqId': 109, 'contract': 4547341088: 0,ENELCHILE,STK,,0.0,,,SN,,CLP,,,False,,combo:, 'numRows': 5, 'isSmartDepth': False, 'mktDepthOptions': []}
2026-05-04 10:40:08,206 [INFO] SENDING reqMktDepth b'\x00\x00\x00/10\x005\x00109\x000\x00ENELCHILE\x00STK\x00\x000.0\x00\x00\x00SN\x00\x00CLP\x00\x00\x005\x000\x00\x00'
2026-05-04 10:40:08,377 [INFO] REQUEST reqMktDepth {'reqId': 110, 'contract': 4547473952: 0,ENELAM,STK,,0.0,,,SN,,CLP,,,False,,combo:, 'numRows': 5, 'isSmartDepth': False, 'mktDepthOptions': []}
2026-05-04 10:40:08,378 [INFO] SENDING reqMktDepth b'\x00\x00\x00,10\x005\x00110\x000\x00ENELAM\x00STK\x00\x000.0\x00\x00\x00SN\x00\x00CLP\x00\x00\x005\x000\x00\x00'
2026-05-04 10:40:08,549 [INFO] REQUEST reqMktDepth {'reqId': 111, 'contract': 4547565552: 0,ENTEL,STK,,0.0,,,SN,,CLP,,,False,,combo:, 'numRows': 5, 'isSmartDepth': False, 'mktDepthOptions': []}
2026-05-04 10:40:08,561 [INFO] SENDING reqMktDepth b'\x00\x00\x00+10\x005\x00111\x000\x00ENTEL\x00STK\x00\x000.0\x00\x00\x00SN\x00\x00CLP\x00\x00\x005\x000\x00\x00'
2026-05-04 10:40:08,763 [INFO] REQUEST reqMktDepth {'reqId': 112, 'contract': 4549118944: 0,LTM,STK,,0.0,,,SMART,,USD,,,False,,combo:, 'numRows': 5, 'isSmartDepth': False, 'mktDepthOptions': []}
2026-05-04 10:40:08,763 [INFO] SENDING reqMktDepth b'\x00\x00\x00,10\x005\x00112\x000\x00LTM\x00STK\x00\x000.0\x00\x00\x00SMART\x00\x00USD\x00\x00\x005\x000\x00\x00'
2026-05-04 10:40:08,873 [INFO] REQUEST reqMktDepth {'reqId': 113, 'contract': 4549118320: 0,CAP,STK,,0.0,,,SN,,CLP,,,False,,combo:, 'numRows': 5, 'isSmartDepth': False, 'mktDepthOptions': []}
2026-05-04 10:40:08,874 [INFO] SENDING reqMktDepth b'\x00\x00\x00)10\x005\x00113\x000\x00CAP\x00STK\x00\x000.0\x00\x00\x00SN\x00\x00CLP\x00\x00\x005\x000\x00\x00'
2026-05-04 10:40:09,022 [INFO] REQUEST reqMktDepth {'reqId': 114, 'contract': 4549090464: 0,CCU,STK,,0.0,,,SN,,CLP,,,False,,combo:, 'numRows': 5, 'isSmartDepth': False, 'mktDepthOptions': []}
2026-05-04 10:40:09,027 [INFO] SENDING reqMktDepth b'\x00\x00\x00)10\x005\x00114\x000\x00CCU\x00STK\x00\x000.0\x00\x00\x00SN\x00\x00CLP\x00\x00\x005\x000\x00\x00'
2026-05-04 10:40:09,647 [ERROR] $BANMEDICA.SN: possibly delisted; no price data found  (period=3mo) (Yahoo error = "No data found, symbol may be delisted")
2026-05-04 10:40:15,716 [INFO] disconnecting
2026-05-04 10:40:15,717 [INFO] ANSWER connectionClosed {}
2026-05-04 10:40:17,317 [INFO] disconnecting
2026-05-04 10:40:17,317 [INFO] ANSWER connectionClosed {}
2026-05-04 10:40:29,028 [INFO] sent startApi
2026-05-04 10:40:29,028 [INFO] REQUEST startApi {}
2026-05-04 10:40:29,029 [INFO] SENDING startApi b'\x00\x00\x00\t71\x002\x0030\x00\x00'
2026-05-04 10:40:29,029 [INFO] ANSWER connectAck {}
2026-05-04 10:40:29,032 [INFO] ANSWER managedAccounts {'accountsList': 'DUP838882'}
2026-05-04 10:40:30,056 [INFO] REQUEST placeOrder {'orderId': 18, 'contract': 4547340704: 0,BTC,CRYPTO,,0.0,,,PAXOS,,USD,,,False,,combo:, 'order': 4547338544: 0,0,0: LMT BUY 1@77624.410000 }
2026-05-04 10:40:30,056 [INFO] SENDING placeOrder b'\x00\x00\x01?3\x0018\x000\x00BTC\x00CRYPTO\x00\x000.0\x00\x00\x00PAXOS\x00\x00USD\x00\x00\x00\x00\x00BUY\x001\x00LMT\x0077624.41\x00\x00\x00\x00\x00\x000\x00\x001\x000\x000\x000\x000\x000\x000\x000\x00\x000\x00\x00\x00\x00\x00\x00\x00\x000\x00\x00-1\x000\x00\x00\x000\x00\x00\x000\x000\x00\x000\x00\x00\x00\x00\x00\x000\x00\x00\x00\x00\x000\x00\x00\x00\x00\x00\x00\x00\x00\x00\x00\x000\x00\x00\x000\x000\x00\x00\x000\x00\x000\x000\x000\x000\x00\x001.7976931348623157e+308\x001.7976931348623157e+308\x001.7976931348623157e+308\x001.7976931348623157e+308\x001.7976931348623157e+308\x000\x00\x00\x00\x001.7976931348623157e+308\x00\x00\x00\x00\x000\x000\x000\x00\x00'
2026-05-04 10:40:33,128 [INFO] disconnecting
2026-05-04 10:40:33,129 [INFO] ANSWER connectionClosed {}
2026-05-04 10:40:35,060 [INFO] sent startApi
2026-05-04 10:40:35,060 [INFO] REQUEST startApi {}
2026-05-04 10:40:35,060 [INFO] SENDING startApi b'\x00\x00\x00\t71\x002\x0030\x00\x00'
2026-05-04 10:40:35,060 [INFO] ANSWER connectAck {}
2026-05-04 10:40:35,062 [INFO] ANSWER managedAccounts {'accountsList': 'DUP838882'}
2026-05-04 10:40:36,136 [INFO] REQUEST placeOrder {'orderId': 18, 'contract': 4547785536: 0,COPEC,STK,,0.0,,,SMART,,USD,,,False,,combo:, 'order': 4547786784: 0,0,0: LMT BUY 1@6350.980000 }
2026-05-04 10:40:36,137 [INFO] SENDING placeOrder b'\x00\x00\x01=3\x0018\x000\x00COPEC\x00STK\x00\x000.0\x00\x00\x00SMART\x00\x00USD\x00\x00\x00\x00\x00BUY\x001\x00LMT\x006350.98\x00\x00\x00\x00\x00\x000\x00\x001\x000\x000\x000\x000\x000\x000\x000\x00\x000\x00\x00\x00\x00\x00\x00\x00\x000\x00\x00-1\x000\x00\x00\x000\x00\x00\x000\x000\x00\x000\x00\x00\x00\x00\x00\x000\x00\x00\x00\x00\x000\x00\x00\x00\x00\x00\x00\x00\x00\x00\x00\x000\x00\x00\x000\x000\x00\x00\x000\x00\x000\x000\x000\x000\x00\x001.7976931348623157e+308\x001.7976931348623157e+308\x001.7976931348623157e+308\x001.7976931348623157e+308\x001.7976931348623157e+308\x000\x00\x00\x00\x001.7976931348623157e+308\x00\x00\x00\x00\x000\x000\x000\x00\x00'
2026-05-04 10:40:39,144 [INFO] disconnecting
2026-05-04 10:40:39,145 [INFO] ANSWER connectionClosed {}
2026-05-04 10:40:40,537 [INFO] CIERRE: BTC | TRAILING STOP | PnL -2.21%
2026-05-04 10:40:40,543 [INFO] CIERRE: COPEC | TAKE PROFIT | PnL +0.00%
2026-05-04 10:40:51,547 [INFO] APERTURA: VENDER BTC | Conv 95.0% | Riesgo 4/10
2026-05-04 10:40:51,574 [INFO] sent startApi
2026-05-04 10:40:51,574 [INFO] REQUEST startApi {}
2026-05-04 10:40:51,574 [INFO] SENDING startApi b'\x00\x00\x00\t71\x002\x0010\x00\x00'
2026-05-04 10:40:51,574 [INFO] ANSWER connectAck {}
2026-05-04 10:40:51,577 [INFO] ANSWER managedAccounts {'accountsList': 'DUP838882'}
2026-05-04 10:40:52,639 [INFO] REQUEST placeOrder {'orderId': 11, 'contract': 4547806832: 0,BTC,CRYPTO,,0.0,,,PAXOS,,USD,,,False,,combo:, 'order': 4547806496: 0,0,0: MKT SELL 1@179769313486231570814527423731704356798070567525844996598917476803157260780028538760589558632766878171540458953514382464234321326889464182768467546703537516986049910576551282076245490090389328944075868508455133942304583236903222948165808559332123348274797826204144723168738177180919299881250404026184124858368.000000 }
2026-05-04 10:40:52,639 [INFO] SENDING placeOrder b'\x00\x00\x0183\x0011\x000\x00BTC\x00CRYPTO\x00\x000.0\x00\x00\x00PAXOS\x00\x00USD\x00\x00\x00\x00\x00SELL\x001\x00MKT\x00\x00\x00\x00\x00\x00\x000\x00\x000\x000\x000\x000\x000\x000\x000\x000\x00\x000\x00\x00\x00\x00\x00\x00\x00\x000\x00\x00-1\x000\x00\x00\x000\x00\x00\x000\x000\x00\x000\x00\x00\x00\x00\x00\x000\x00\x00\x00\x00\x000\x00\x00\x00\x00\x00\x00\x00\x00\x00\x00\x000\x00\x00\x000\x000\x00\x00\x000\x00\x000\x000\x000\x000\x00\x001.7976931348623157e+308\x001.7976931348623157e+308\x001.7976931348623157e+308\x001.7976931348623157e+308\x001.7976931348623157e+308\x000\x00\x00\x00\x001.7976931348623157e+308\x00\x00\x00\x00\x000\x000\x000\x00\x00'
2026-05-04 10:40:52,903 [INFO] REQUEST placeOrder {'orderId': 12, 'contract': 4547806832: 0,BTC,CRYPTO,,0.0,,,PAXOS,,USD,,,False,,combo:, 'order': 4547745344: 0,0,0: STP BUY 1@179769313486231570814527423731704356798070567525844996598917476803157260780028538760589558632766878171540458953514382464234321326889464182768467546703537516986049910576551282076245490090389328944075868508455133942304583236903222948165808559332123348274797826204144723168738177180919299881250404026184124858368.000000 }
2026-05-04 10:40:52,903 [INFO] SENDING placeOrder b'\x00\x00\x01?3\x0012\x000\x00BTC\x00CRYPTO\x00\x000.0\x00\x00\x00PAXOS\x00\x00USD\x00\x00\x00\x00\x00BUY\x001\x00STP\x00\x0080800.0\x00\x00\x00\x00\x000\x00\x000\x0011\x000\x000\x000\x000\x000\x000\x00\x000\x00\x00\x00\x00\x00\x00\x00\x000\x00\x00-1\x000\x00\x00\x000\x00\x00\x000\x000\x00\x000\x00\x00\x00\x00\x00\x000\x00\x00\x00\x00\x000\x00\x00\x00\x00\x00\x00\x00\x00\x00\x00\x000\x00\x00\x000\x000\x00\x00\x000\x00\x000\x000\x000\x000\x00\x001.7976931348623157e+308\x001.7976931348623157e+308\x001.7976931348623157e+308\x001.7976931348623157e+308\x001.7976931348623157e+308\x000\x00\x00\x00\x001.7976931348623157e+308\x00\x00\x00\x00\x000\x000\x000\x00\x00'
2026-05-04 10:40:53,154 [INFO] REQUEST placeOrder {'orderId': 13, 'contract': 4547806832: 0,BTC,CRYPTO,,0.0,,,PAXOS,,USD,,,False,,combo:, 'order': 4547745728: 0,0,0: LMT BUY 1@77624.410000 }
2026-05-04 10:40:53,155 [INFO] SENDING placeOrder b'\x00\x00\x01@3\x0013\x000\x00BTC\x00CRYPTO\x00\x000.0\x00\x00\x00PAXOS\x00\x00USD\x00\x00\x00\x00\x00BUY\x001\x00LMT\x0077624.41\x00\x00\x00\x00\x00\x000\x00\x001\x0011\x000\x000\x000\x000\x000\x000\x00\x000\x00\x00\x00\x00\x00\x00\x00\x000\x00\x00-1\x000\x00\x00\x000\x00\x00\x000\x000\x00\x000\x00\x00\x00\x00\x00\x000\x00\x00\x00\x00\x000\x00\x00\x00\x00\x00\x00\x00\x00\x00\x00\x000\x00\x00\x000\x000\x00\x00\x000\x00\x000\x000\x000\x000\x00\x001.7976931348623157e+308\x001.7976931348623157e+308\x001.7976931348623157e+308\x001.7976931348623157e+308\x001.7976931348623157e+308\x000\x00\x00\x00\x001.7976931348623157e+308\x00\x00\x00\x00\x000\x000\x000\x00\x00'
2026-05-04 10:40:54,999 [INFO] disconnecting
2026-05-04 10:40:54,999 [INFO] ANSWER connectionClosed {}
2026-05-04 10:40:55,008 [INFO] APERTURA: VENDER COPEC | Conv 80.6% | Riesgo 1/10
2026-05-04 10:40:55,025 [INFO] sent startApi
2026-05-04 10:40:55,025 [INFO] REQUEST startApi {}
2026-05-04 10:40:55,025 [INFO] SENDING startApi b'\x00\x00\x00\t71\x002\x0010\x00\x00'
2026-05-04 10:40:55,025 [INFO] ANSWER connectAck {}
2026-05-04 10:40:55,026 [INFO] ANSWER managedAccounts {'accountsList': 'DUP838882'}
2026-05-04 10:40:56,102 [INFO] REQUEST placeOrder {'orderId': 12, 'contract': 4541713040: 0,COPEC,STK,,0.0,,,SN,,CLP,,,False,,combo:, 'order': 4541713424: 0,0,0: MKT SELL 1@179769313486231570814527423731704356798070567525844996598917476803157260780028538760589558632766878171540458953514382464234321326889464182768467546703537516986049910576551282076245490090389328944075868508455133942304583236903222948165808559332123348274797826204144723168738177180919299881250404026184124858368.000000 }
2026-05-04 10:40:56,102 [INFO] SENDING placeOrder b'\x00\x00\x0143\x0012\x000\x00COPEC\x00STK\x00\x000.0\x00\x00\x00SN\x00\x00CLP\x00\x00\x00\x00\x00SELL\x001\x00MKT\x00\x00\x00\x00\x00\x00\x000\x00\x000\x000\x000\x000\x000\x000\x000\x000\x00\x000\x00\x00\x00\x00\x00\x00\x00\x000\x00\x00-1\x000\x00\x00\x000\x00\x00\x000\x000\x00\x000\x00\x00\x00\x00\x00\x000\x00\x00\x00\x00\x000\x00\x00\x00\x00\x00\x00\x00\x00\x00\x00\x000\x00\x00\x000\x000\x00\x00\x000\x00\x000\x000\x000\x000\x00\x001.7976931348623157e+308\x001.7976931348623157e+308\x001.7976931348623157e+308\x001.7976931348623157e+308\x001.7976931348623157e+308\x000\x00\x00\x00\x001.7976931348623157e+308\x00\x00\x00\x00\x000\x000\x000\x00\x00'
2026-05-04 10:40:56,363 [INFO] REQUEST placeOrder {'orderId': 13, 'contract': 4541713040: 0,COPEC,STK,,0.0,,,SN,,CLP,,,False,,combo:, 'order': 4541712944: 0,0,0: STP BUY 1@179769313486231570814527423731704356798070567525844996598917476803157260780028538760589558632766878171540458953514382464234321326889464182768467546703537516986049910576551282076245490090389328944075868508455133942304583236903222948165808559332123348274797826204144723168738177180919299881250404026184124858368.000000 }
2026-05-04 10:40:56,365 [INFO] SENDING placeOrder b'\x00\x00\x01;3\x0013\x000\x00COPEC\x00STK\x00\x000.0\x00\x00\x00SN\x00\x00CLP\x00\x00\x00\x00\x00BUY\x001\x00STP\x00\x006407.04\x00\x00\x00\x00\x000\x00\x000\x0012\x000\x000\x000\x000\x000\x000\x00\x000\x00\x00\x00\x00\x00\x00\x00\x000\x00\x00-1\x000\x00\x00\x000\x00\x00\x000\x000\x00\x000\x00\x00\x00\x00\x00\x000\x00\x00\x00\x00\x000\x00\x00\x00\x00\x00\x00\x00\x00\x00\x00\x000\x00\x00\x000\x000\x00\x00\x000\x00\x000\x000\x000\x000\x00\x001.7976931348623157e+308\x001.7976931348623157e+308\x001.7976931348623157e+308\x001.7976931348623157e+308\x001.7976931348623157e+308\x000\x00\x00\x00\x001.7976931348623157e+308\x00\x00\x00\x00\x000\x000\x000\x00\x00'
2026-05-04 10:40:56,638 [INFO] REQUEST placeOrder {'orderId': 14, 'contract': 4541713040: 0,COPEC,STK,,0.0,,,SN,,CLP,,,False,,combo:, 'order': 4547808656: 0,0,0: LMT BUY 1@6350.980000 }
2026-05-04 10:40:56,639 [INFO] SENDING placeOrder b'\x00\x00\x01;3\x0014\x000\x00COPEC\x00STK\x00\x000.0\x00\x00\x00SN\x00\x00CLP\x00\x00\x00\x00\x00BUY\x001\x00LMT\x006350.98\x00\x00\x00\x00\x00\x000\x00\x001\x0012\x000\x000\x000\x000\x000\x000\x00\x000\x00\x00\x00\x00\x00\x00\x00\x000\x00\x00-1\x000\x00\x00\x000\x00\x00\x000\x000\x00\x000\x00\x00\x00\x00\x00\x000\x00\x00\x00\x00\x000\x00\x00\x00\x00\x00\x00\x00\x00\x00\x00\x000\x00\x00\x000\x000\x00\x00\x000\x00\x000\x000\x000\x000\x00\x001.7976931348623157e+308\x001.7976931348623157e+308\x001.7976931348623157e+308\x001.7976931348623157e+308\x001.7976931348623157e+308\x000\x00\x00\x00\x001.7976931348623157e+308\x00\x00\x00\x00\x000\x000\x000\x00\x00'
2026-05-04 10:40:58,486 [INFO] disconnecting
2026-05-04 10:40:58,518 [INFO] ANSWER connectionClosed {}
2026-05-04 10:40:58,628 [INFO] Ciclo completado: 2 aperturas, 2 cierres
2026-05-04 10:40:58,631 [INFO] Ciclo completado: 2 aperturas, 2 cierres, 2 rechazadas
2026-05-04 10:44:04,707 [INFO] sent startApi
2026-05-04 10:44:04,709 [INFO] REQUEST startApi {}
2026-05-04 10:44:04,709 [INFO] SENDING startApi b'\x00\x00\x00\t71\x002\x0030\x00\x00'
2026-05-04 10:44:04,710 [INFO] ANSWER connectAck {}
2026-05-04 10:44:04,718 [INFO] ANSWER managedAccounts {'accountsList': 'DUP838882'}
2026-05-04 10:44:05,723 [INFO] REQUEST placeOrder {'orderId': 19, 'contract': 6294639952: 0,BTC,CRYPTO,,0.0,,,PAXOS,,USD,,,False,,combo:, 'order': 6312631648: 0,0,0: LMT BUY 1@77624.410000 }
2026-05-04 10:44:05,724 [INFO] SENDING placeOrder b'\x00\x00\x01?3\x0019\x000\x00BTC\x00CRYPTO\x00\x000.0\x00\x00\x00PAXOS\x00\x00USD\x00\x00\x00\x00\x00BUY\x001\x00LMT\x0077624.41\x00\x00\x00\x00\x00\x000\x00\x001\x000\x000\x000\x000\x000\x000\x000\x00\x000\x00\x00\x00\x00\x00\x00\x00\x000\x00\x00-1\x000\x00\x00\x000\x00\x00\x000\x000\x00\x000\x00\x00\x00\x00\x00\x000\x00\x00\x00\x00\x000\x00\x00\x00\x00\x00\x00\x00\x00\x00\x00\x000\x00\x00\x000\x000\x00\x00\x000\x00\x000\x000\x000\x000\x00\x001.7976931348623157e+308\x001.7976931348623157e+308\x001.7976931348623157e+308\x001.7976931348623157e+308\x001.7976931348623157e+308\x000\x00\x00\x00\x001.7976931348623157e+308\x00\x00\x00\x00\x000\x000\x000\x00\x00'
2026-05-04 10:44:08,728 [INFO] disconnecting
2026-05-04 10:44:08,728 [INFO] ANSWER connectionClosed {}
2026-05-04 10:44:10,189 [INFO] sent startApi
2026-05-04 10:44:10,189 [INFO] REQUEST startApi {}
2026-05-04 10:44:10,189 [INFO] SENDING startApi b'\x00\x00\x00\t71\x002\x0030\x00\x00'
2026-05-04 10:44:10,189 [INFO] ANSWER connectAck {}
2026-05-04 10:44:10,190 [INFO] ANSWER managedAccounts {'accountsList': 'DUP838882'}
2026-05-04 10:44:11,191 [INFO] REQUEST placeOrder {'orderId': 19, 'contract': 6293464400: 0,COPEC,STK,,0.0,,,SMART,,USD,,,False,,combo:, 'order': 6293464064: 0,0,0: LMT BUY 1@6350.980000 }
2026-05-04 10:44:11,191 [INFO] SENDING placeOrder b'\x00\x00\x01=3\x0019\x000\x00COPEC\x00STK\x00\x000.0\x00\x00\x00SMART\x00\x00USD\x00\x00\x00\x00\x00BUY\x001\x00LMT\x006350.98\x00\x00\x00\x00\x00\x000\x00\x001\x000\x000\x000\x000\x000\x000\x000\x00\x000\x00\x00\x00\x00\x00\x00\x00\x000\x00\x00-1\x000\x00\x00\x000\x00\x00\x000\x000\x00\x000\x00\x00\x00\x00\x00\x000\x00\x00\x00\x00\x000\x00\x00\x00\x00\x00\x00\x00\x00\x00\x00\x000\x00\x00\x000\x000\x00\x00\x000\x00\x000\x000\x000\x000\x00\x001.7976931348623157e+308\x001.7976931348623157e+308\x001.7976931348623157e+308\x001.7976931348623157e+308\x001.7976931348623157e+308\x000\x00\x00\x00\x001.7976931348623157e+308\x00\x00\x00\x00\x000\x000\x000\x00\x00'
2026-05-04 10:44:14,196 [INFO] disconnecting
2026-05-04 10:44:14,197 [INFO] ANSWER connectionClosed {}
2026-05-04 10:44:15,363 [INFO] CIERRE: BTC | TRAILING STOP | PnL -2.30%
2026-05-04 10:44:15,372 [INFO] CIERRE: COPEC | TAKE PROFIT | PnL +0.00%
2026-05-04 10:44:27,401 [INFO] APERTURA: VENDER BTC | Conv 95.0% | Riesgo 4/10
2026-05-04 10:44:27,422 [INFO] sent startApi
2026-05-04 10:44:27,422 [INFO] REQUEST startApi {}
2026-05-04 10:44:27,422 [INFO] SENDING startApi b'\x00\x00\x00\t71\x002\x0010\x00\x00'
2026-05-04 10:44:27,422 [INFO] ANSWER connectAck {}
2026-05-04 10:44:27,424 [INFO] ANSWER managedAccounts {'accountsList': 'DUP838882'}
2026-05-04 10:44:28,428 [INFO] REQUEST placeOrder {'orderId': 12, 'contract': 6298112064: 0,BTC,CRYPTO,,0.0,,,PAXOS,,USD,,,False,,combo:, 'order': 6298112592: 0,0,0: MKT SELL 1@179769313486231570814527423731704356798070567525844996598917476803157260780028538760589558632766878171540458953514382464234321326889464182768467546703537516986049910576551282076245490090389328944075868508455133942304583236903222948165808559332123348274797826204144723168738177180919299881250404026184124858368.000000 }
2026-05-04 10:44:28,429 [INFO] SENDING placeOrder b'\x00\x00\x0183\x0012\x000\x00BTC\x00CRYPTO\x00\x000.0\x00\x00\x00PAXOS\x00\x00USD\x00\x00\x00\x00\x00SELL\x001\x00MKT\x00\x00\x00\x00\x00\x00\x000\x00\x000\x000\x000\x000\x000\x000\x000\x000\x00\x000\x00\x00\x00\x00\x00\x00\x00\x000\x00\x00-1\x000\x00\x00\x000\x00\x00\x000\x000\x00\x000\x00\x00\x00\x00\x00\x000\x00\x00\x00\x00\x000\x00\x00\x00\x00\x00\x00\x00\x00\x00\x00\x000\x00\x00\x000\x000\x00\x00\x000\x00\x000\x000\x000\x000\x00\x001.7976931348623157e+308\x001.7976931348623157e+308\x001.7976931348623157e+308\x001.7976931348623157e+308\x001.7976931348623157e+308\x000\x00\x00\x00\x001.7976931348623157e+308\x00\x00\x00\x00\x000\x000\x000\x00\x00'
2026-05-04 10:44:28,633 [INFO] REQUEST placeOrder {'orderId': 13, 'contract': 6298112064: 0,BTC,CRYPTO,,0.0,,,PAXOS,,USD,,,False,,combo:, 'order': 6297546512: 0,0,0: STP BUY 1@179769313486231570814527423731704356798070567525844996598917476803157260780028538760589558632766878171540458953514382464234321326889464182768467546703537516986049910576551282076245490090389328944075868508455133942304583236903222948165808559332123348274797826204144723168738177180919299881250404026184124858368.000000 }
2026-05-04 10:44:28,634 [INFO] SENDING placeOrder b'\x00\x00\x01?3\x0013\x000\x00BTC\x00CRYPTO\x00\x000.0\x00\x00\x00PAXOS\x00\x00USD\x00\x00\x00\x00\x00BUY\x001\x00STP\x00\x0080800.0\x00\x00\x00\x00\x000\x00\x000\x0012\x000\x000\x000\x000\x000\x000\x00\x000\x00\x00\x00\x00\x00\x00\x00\x000\x00\x00-1\x000\x00\x00\x000\x00\x00\x000\x000\x00\x000\x00\x00\x00\x00\x00\x000\x00\x00\x00\x00\x000\x00\x00\x00\x00\x00\x00\x00\x00\x00\x00\x000\x00\x00\x000\x000\x00\x00\x000\x00\x000\x000\x000\x000\x00\x001.7976931348623157e+308\x001.7976931348623157e+308\x001.7976931348623157e+308\x001.7976931348623157e+308\x001.7976931348623157e+308\x000\x00\x00\x00\x001.7976931348623157e+308\x00\x00\x00\x00\x000\x000\x000\x00\x00'
2026-05-04 10:44:28,836 [INFO] REQUEST placeOrder {'orderId': 14, 'contract': 6298112064: 0,BTC,CRYPTO,,0.0,,,PAXOS,,USD,,,False,,combo:, 'order': 6419341568: 0,0,0: LMT BUY 1@77624.410000 }
2026-05-04 10:44:28,836 [INFO] SENDING placeOrder b'\x00\x00\x01@3\x0014\x000\x00BTC\x00CRYPTO\x00\x000.0\x00\x00\x00PAXOS\x00\x00USD\x00\x00\x00\x00\x00BUY\x001\x00LMT\x0077624.41\x00\x00\x00\x00\x00\x000\x00\x001\x0012\x000\x000\x000\x000\x000\x000\x00\x000\x00\x00\x00\x00\x00\x00\x00\x000\x00\x00-1\x000\x00\x00\x000\x00\x00\x000\x000\x00\x000\x00\x00\x00\x00\x00\x000\x00\x00\x00\x00\x000\x00\x00\x00\x00\x00\x00\x00\x00\x00\x00\x000\x00\x00\x000\x000\x00\x00\x000\x00\x000\x000\x000\x000\x00\x001.7976931348623157e+308\x001.7976931348623157e+308\x001.7976931348623157e+308\x001.7976931348623157e+308\x001.7976931348623157e+308\x000\x00\x00\x00\x001.7976931348623157e+308\x00\x00\x00\x00\x000\x000\x000\x00\x00'
2026-05-04 10:44:30,549 [INFO] disconnecting
2026-05-04 10:44:30,549 [INFO] ANSWER connectionClosed {}
2026-05-04 10:44:30,560 [INFO] APERTURA: VENDER COPEC | Conv 75.3% | Riesgo 1/10
2026-05-04 10:44:30,578 [INFO] sent startApi
2026-05-04 10:44:30,578 [INFO] REQUEST startApi {}
2026-05-04 10:44:30,578 [INFO] SENDING startApi b'\x00\x00\x00\t71\x002\x0010\x00\x00'
2026-05-04 10:44:30,578 [INFO] ANSWER connectAck {}
2026-05-04 10:44:30,579 [INFO] ANSWER managedAccounts {'accountsList': 'DUP838882'}
2026-05-04 10:44:31,583 [INFO] REQUEST placeOrder {'orderId': 13, 'contract': 6294117152: 0,COPEC,STK,,0.0,,,SN,,CLP,,,False,,combo:, 'order': 6291887056: 0,0,0: MKT SELL 1@179769313486231570814527423731704356798070567525844996598917476803157260780028538760589558632766878171540458953514382464234321326889464182768467546703537516986049910576551282076245490090389328944075868508455133942304583236903222948165808559332123348274797826204144723168738177180919299881250404026184124858368.000000 }
2026-05-04 10:44:31,583 [INFO] SENDING placeOrder b'\x00\x00\x0143\x0013\x000\x00COPEC\x00STK\x00\x000.0\x00\x00\x00SN\x00\x00CLP\x00\x00\x00\x00\x00SELL\x001\x00MKT\x00\x00\x00\x00\x00\x00\x000\x00\x000\x000\x000\x000\x000\x000\x000\x000\x00\x000\x00\x00\x00\x00\x00\x00\x00\x000\x00\x00-1\x000\x00\x00\x000\x00\x00\x000\x000\x00\x000\x00\x00\x00\x00\x00\x000\x00\x00\x00\x00\x000\x00\x00\x00\x00\x00\x00\x00\x00\x00\x00\x000\x00\x00\x000\x000\x00\x00\x000\x00\x000\x000\x000\x000\x00\x001.7976931348623157e+308\x001.7976931348623157e+308\x001.7976931348623157e+308\x001.7976931348623157e+308\x001.7976931348623157e+308\x000\x00\x00\x00\x001.7976931348623157e+308\x00\x00\x00\x00\x000\x000\x000\x00\x00'
2026-05-04 10:44:31,786 [INFO] REQUEST placeOrder {'orderId': 14, 'contract': 6294117152: 0,COPEC,STK,,0.0,,,SN,,CLP,,,False,,combo:, 'order': 6297544448: 0,0,0: STP BUY 1@179769313486231570814527423731704356798070567525844996598917476803157260780028538760589558632766878171540458953514382464234321326889464182768467546703537516986049910576551282076245490090389328944075868508455133942304583236903222948165808559332123348274797826204144723168738177180919299881250404026184124858368.000000 }
2026-05-04 10:44:31,787 [INFO] SENDING placeOrder b'\x00\x00\x01;3\x0014\x000\x00COPEC\x00STK\x00\x000.0\x00\x00\x00SN\x00\x00CLP\x00\x00\x00\x00\x00BUY\x001\x00STP\x00\x006407.04\x00\x00\x00\x00\x000\x00\x000\x0013\x000\x000\x000\x000\x000\x000\x00\x000\x00\x00\x00\x00\x00\x00\x00\x000\x00\x00-1\x000\x00\x00\x000\x00\x00\x000\x000\x00\x000\x00\x00\x00\x00\x00\x000\x00\x00\x00\x00\x000\x00\x00\x00\x00\x00\x00\x00\x00\x00\x00\x000\x00\x00\x000\x000\x00\x00\x000\x00\x000\x000\x000\x000\x00\x001.7976931348623157e+308\x001.7976931348623157e+308\x001.7976931348623157e+308\x001.7976931348623157e+308\x001.7976931348623157e+308\x000\x00\x00\x00\x001.7976931348623157e+308\x00\x00\x00\x00\x000\x000\x000\x00\x00'
2026-05-04 10:44:31,992 [INFO] REQUEST placeOrder {'orderId': 15, 'contract': 6294117152: 0,COPEC,STK,,0.0,,,SN,,CLP,,,False,,combo:, 'order': 6299902544: 0,0,0: LMT BUY 1@6350.980000 }
2026-05-04 10:44:31,993 [INFO] SENDING placeOrder b'\x00\x00\x01;3\x0015\x000\x00COPEC\x00STK\x00\x000.0\x00\x00\x00SN\x00\x00CLP\x00\x00\x00\x00\x00BUY\x001\x00LMT\x006350.98\x00\x00\x00\x00\x00\x000\x00\x001\x0013\x000\x000\x000\x000\x000\x000\x00\x000\x00\x00\x00\x00\x00\x00\x00\x000\x00\x00-1\x000\x00\x00\x000\x00\x00\x000\x000\x00\x000\x00\x00\x00\x00\x00\x000\x00\x00\x00\x00\x000\x00\x00\x00\x00\x00\x00\x00\x00\x00\x00\x000\x00\x00\x000\x000\x00\x00\x000\x00\x000\x000\x000\x000\x00\x001.7976931348623157e+308\x001.7976931348623157e+308\x001.7976931348623157e+308\x001.7976931348623157e+308\x001.7976931348623157e+308\x000\x00\x00\x00\x001.7976931348623157e+308\x00\x00\x00\x00\x000\x000\x000\x00\x00'
2026-05-04 10:44:33,704 [INFO] disconnecting
2026-05-04 10:44:33,704 [INFO] ANSWER connectionClosed {}
2026-05-04 10:44:33,714 [INFO] Ciclo completado: 2 aperturas, 2 cierres
2026-05-04 10:45:00,303 [INFO] === CICLO AUTOMÁTICO INICIADO ===
2026-05-04 10:45:07,281 [INFO] sent startApi
2026-05-04 10:45:07,282 [INFO] REQUEST startApi {}
2026-05-04 10:45:07,282 [INFO] SENDING startApi b'\x00\x00\x00\t71\x002\x0050\x00\x00'
2026-05-04 10:45:07,282 [INFO] ANSWER connectAck {}
2026-05-04 10:45:07,284 [INFO] ANSWER managedAccounts {'accountsList': 'DUP838882'}
2026-05-04 10:45:07,287 [INFO] sent startApi
2026-05-04 10:45:07,287 [INFO] REQUEST startApi {}
2026-05-04 10:45:07,288 [INFO] SENDING startApi b'\x00\x00\x00\t71\x002\x0070\x00\x00'
2026-05-04 10:45:07,288 [INFO] ANSWER connectAck {}
2026-05-04 10:45:07,290 [INFO] ANSWER managedAccounts {'accountsList': 'DUP838882'}
2026-05-04 10:45:07,822 [INFO] REQUEST reqMktDepth {'reqId': 100, 'contract': 4648036672: 0,SQM,STK,,0.0,,,SN,,CLP,,,False,,combo:, 'numRows': 5, 'isSmartDepth': False, 'mktDepthOptions': []}
2026-05-04 10:45:07,822 [INFO] SENDING reqMktDepth b'\x00\x00\x00)10\x005\x00100\x000\x00SQM\x00STK\x00\x000.0\x00\x00\x00SN\x00\x00CLP\x00\x00\x005\x000\x00\x00'
2026-05-04 10:45:07,830 [INFO] REQUEST reqMktData {'reqId': 1, 'contract': 4654102896: 0,SQM,STK,,0.0,,,NYSE,,USD,,,False,,combo:, 'genericTickList': '100,101,106,233', 'snapshot': False, 'regulatorySnapshot': False, 'mktDataOptions': []}
2026-05-04 10:45:07,830 [INFO] SENDING reqMktData b'\x00\x00\x00;1\x0011\x001\x000\x00SQM\x00STK\x00\x000.0\x00\x00\x00NYSE\x00\x00USD\x00\x00\x000\x00100,101,106,233\x000\x000\x00\x00'
2026-05-04 10:45:08,013 [INFO] REQUEST reqMktDepth {'reqId': 101, 'contract': 4653957760: 0,COPEC,STK,,0.0,,,SN,,CLP,,,False,,combo:, 'numRows': 5, 'isSmartDepth': False, 'mktDepthOptions': []}
2026-05-04 10:45:08,030 [INFO] SENDING reqMktDepth b'\x00\x00\x00+10\x005\x00101\x000\x00COPEC\x00STK\x00\x000.0\x00\x00\x00SN\x00\x00CLP\x00\x00\x005\x000\x00\x00'
2026-05-04 10:45:08,087 [INFO] REQUEST reqMktData {'reqId': 2, 'contract': 4653738112: 0,ECH,STK,,0.0,,,NYSE,,USD,,,False,,combo:, 'genericTickList': '100,101,106,233', 'snapshot': False, 'regulatorySnapshot': False, 'mktDataOptions': []}
2026-05-04 10:45:08,087 [INFO] SENDING reqMktData b'\x00\x00\x00;1\x0011\x002\x000\x00ECH\x00STK\x00\x000.0\x00\x00\x00NYSE\x00\x00USD\x00\x00\x000\x00100,101,106,233\x000\x000\x00\x00'
2026-05-04 10:45:08,146 [INFO] REQUEST reqMktDepth {'reqId': 102, 'contract': 4651216176: 0,BCI,STK,,0.0,,,SN,,CLP,,,False,,combo:, 'numRows': 5, 'isSmartDepth': False, 'mktDepthOptions': []}
2026-05-04 10:45:08,146 [INFO] SENDING reqMktDepth b'\x00\x00\x00)10\x005\x00102\x000\x00BCI\x00STK\x00\x000.0\x00\x00\x00SN\x00\x00CLP\x00\x00\x005\x000\x00\x00'
2026-05-04 10:45:08,342 [INFO] REQUEST reqMktDepth {'reqId': 103, 'contract': 4654069264: 0,BSAC,STK,,0.0,,,SMART,,USD,,,False,,combo:, 'numRows': 5, 'isSmartDepth': False, 'mktDepthOptions': []}
2026-05-04 10:45:08,342 [INFO] SENDING reqMktDepth b'\x00\x00\x00-10\x005\x00103\x000\x00BSAC\x00STK\x00\x000.0\x00\x00\x00SMART\x00\x00USD\x00\x00\x005\x000\x00\x00'
2026-05-04 10:45:08,387 [INFO] REQUEST reqMktData {'reqId': 3, 'contract': 4646438416: 0,GLD,STK,,0.0,,,NYSE,,USD,,,False,,combo:, 'genericTickList': '100,101,106,233', 'snapshot': False, 'regulatorySnapshot': False, 'mktDataOptions': []}
2026-05-04 10:45:08,393 [INFO] SENDING reqMktData b'\x00\x00\x00;1\x0011\x003\x000\x00GLD\x00STK\x00\x000.0\x00\x00\x00NYSE\x00\x00USD\x00\x00\x000\x00100,101,106,233\x000\x000\x00\x00'
2026-05-04 10:45:08,531 [INFO] REQUEST reqMktDepth {'reqId': 104, 'contract': 4653945328: 0,BCH,STK,,0.0,,,SMART,,USD,,,False,,combo:, 'numRows': 5, 'isSmartDepth': False, 'mktDepthOptions': []}
2026-05-04 10:45:08,543 [INFO] SENDING reqMktDepth b'\x00\x00\x00,10\x005\x00104\x000\x00BCH\x00STK\x00\x000.0\x00\x00\x00SMART\x00\x00USD\x00\x00\x005\x000\x00\x00'
2026-05-04 10:45:08,720 [INFO] REQUEST reqMktData {'reqId': 4, 'contract': 4653914960: 0,SPY,STK,,0.0,,,NYSE,,USD,,,False,,combo:, 'genericTickList': '100,101,106,233', 'snapshot': False, 'regulatorySnapshot': False, 'mktDataOptions': []}
2026-05-04 10:45:08,721 [INFO] SENDING reqMktData b'\x00\x00\x00;1\x0011\x004\x000\x00SPY\x00STK\x00\x000.0\x00\x00\x00NYSE\x00\x00USD\x00\x00\x000\x00100,101,106,233\x000\x000\x00\x00'
2026-05-04 10:45:08,721 [INFO] REQUEST reqMktDepth {'reqId': 105, 'contract': 4654102032: 0,FALABELLA,STK,,0.0,,,SN,,CLP,,,False,,combo:, 'numRows': 5, 'isSmartDepth': False, 'mktDepthOptions': []}
2026-05-04 10:45:08,722 [INFO] SENDING reqMktDepth b'\x00\x00\x00/10\x005\x00105\x000\x00FALABELLA\x00STK\x00\x000.0\x00\x00\x00SN\x00\x00CLP\x00\x00\x005\x000\x00\x00'
2026-05-04 10:45:08,840 [ERROR] $CFR.SN: possibly delisted; no price data found  (period=3mo)
2026-05-04 10:45:08,885 [INFO] REQUEST reqMktDepth {'reqId': 106, 'contract': 4653915152: 0,CENCOSUD,STK,,0.0,,,SN,,CLP,,,False,,combo:, 'numRows': 5, 'isSmartDepth': False, 'mktDepthOptions': []}
2026-05-04 10:45:08,886 [INFO] SENDING reqMktDepth b'\x00\x00\x00.10\x005\x00106\x000\x00CENCOSUD\x00STK\x00\x000.0\x00\x00\x00SN\x00\x00CLP\x00\x00\x005\x000\x00\x00'
2026-05-04 10:45:08,977 [INFO] REQUEST reqMktData {'reqId': 5, 'contract': 4651148960: 0,GC,FUT,202606,0.0,,,COMEX,,USD,,,False,,combo:, 'genericTickList': '100,101,106,233', 'snapshot': False, 'regulatorySnapshot': False, 'mktDataOptions': []}
2026-05-04 10:45:09,012 [INFO] SENDING reqMktData b'\x00\x00\x00A1\x0011\x005\x000\x00GC\x00FUT\x00202606\x000.0\x00\x00\x00COMEX\x00\x00USD\x00\x00\x000\x00100,101,106,233\x000\x000\x00\x00'
2026-05-04 10:45:09,023 [INFO] REQUEST reqMktDepth {'reqId': 107, 'contract': 4647385168: 0,CMPC,STK,,0.0,,,SN,,CLP,,,False,,combo:, 'numRows': 5, 'isSmartDepth': False, 'mktDepthOptions': []}
2026-05-04 10:45:09,023 [INFO] SENDING reqMktDepth b'\x00\x00\x00*10\x005\x00107\x000\x00CMPC\x00STK\x00\x000.0\x00\x00\x00SN\x00\x00CLP\x00\x00\x005\x000\x00\x00'
2026-05-04 10:45:09,130 [ERROR] $ENDESA.SN: possibly delisted; no price data found  (period=3mo)
2026-05-04 10:45:09,200 [INFO] REQUEST reqMktDepth {'reqId': 108, 'contract': 4647209184: 0,COLBUN,STK,,0.0,,,SN,,CLP,,,False,,combo:, 'numRows': 5, 'isSmartDepth': False, 'mktDepthOptions': []}
2026-05-04 10:45:09,217 [INFO] SENDING reqMktDepth b'\x00\x00\x00,10\x005\x00108\x000\x00COLBUN\x00STK\x00\x000.0\x00\x00\x00SN\x00\x00CLP\x00\x00\x005\x000\x00\x00'
2026-05-04 10:45:09,288 [INFO] REQUEST reqMktData {'reqId': 6, 'contract': 4650085920: 0,HG,FUT,202606,0.0,,,COMEX,,USD,,,False,,combo:, 'genericTickList': '100,101,106,233', 'snapshot': False, 'regulatorySnapshot': False, 'mktDataOptions': []}
2026-05-04 10:45:09,288 [INFO] SENDING reqMktData b'\x00\x00\x00A1\x0011\x006\x000\x00HG\x00FUT\x00202606\x000.0\x00\x00\x00COMEX\x00\x00USD\x00\x00\x000\x00100,101,106,233\x000\x000\x00\x00'
2026-05-04 10:45:09,369 [INFO] REQUEST reqMktDepth {'reqId': 109, 'contract': 4647210528: 0,ENELCHILE,STK,,0.0,,,SN,,CLP,,,False,,combo:, 'numRows': 5, 'isSmartDepth': False, 'mktDepthOptions': []}
2026-05-04 10:45:09,369 [INFO] SENDING reqMktDepth b'\x00\x00\x00/10\x005\x00109\x000\x00ENELCHILE\x00STK\x00\x000.0\x00\x00\x00SN\x00\x00CLP\x00\x00\x005\x000\x00\x00'
2026-05-04 10:45:09,532 [INFO] REQUEST reqMktDepth {'reqId': 110, 'contract': 4647209328: 0,ENELAM,STK,,0.0,,,SN,,CLP,,,False,,combo:, 'numRows': 5, 'isSmartDepth': False, 'mktDepthOptions': []}
2026-05-04 10:45:09,534 [INFO] SENDING reqMktDepth b'\x00\x00\x00,10\x005\x00110\x000\x00ENELAM\x00STK\x00\x000.0\x00\x00\x00SN\x00\x00CLP\x00\x00\x005\x000\x00\x00'
2026-05-04 10:45:09,697 [INFO] REQUEST reqMktDepth {'reqId': 111, 'contract': 4651070992: 0,ENTEL,STK,,0.0,,,SN,,CLP,,,False,,combo:, 'numRows': 5, 'isSmartDepth': False, 'mktDepthOptions': []}
2026-05-04 10:45:09,697 [INFO] SENDING reqMktDepth b'\x00\x00\x00+10\x005\x00111\x000\x00ENTEL\x00STK\x00\x000.0\x00\x00\x00SN\x00\x00CLP\x00\x00\x005\x000\x00\x00'
2026-05-04 10:45:09,828 [INFO] REQUEST reqMktDepth {'reqId': 112, 'contract': 4651133968: 0,LTM,STK,,0.0,,,SMART,,USD,,,False,,combo:, 'numRows': 5, 'isSmartDepth': False, 'mktDepthOptions': []}
2026-05-04 10:45:09,828 [INFO] SENDING reqMktDepth b'\x00\x00\x00,10\x005\x00112\x000\x00LTM\x00STK\x00\x000.0\x00\x00\x00SMART\x00\x00USD\x00\x00\x005\x000\x00\x00'
2026-05-04 10:45:10,003 [INFO] REQUEST reqMktDepth {'reqId': 113, 'contract': 4653739888: 0,CAP,STK,,0.0,,,SN,,CLP,,,False,,combo:, 'numRows': 5, 'isSmartDepth': False, 'mktDepthOptions': []}
2026-05-04 10:45:10,011 [INFO] SENDING reqMktDepth b'\x00\x00\x00)10\x005\x00113\x000\x00CAP\x00STK\x00\x000.0\x00\x00\x00SN\x00\x00CLP\x00\x00\x005\x000\x00\x00'
2026-05-04 10:45:10,164 [INFO] REQUEST reqMktDepth {'reqId': 114, 'contract': 4651216512: 0,CCU,STK,,0.0,,,SN,,CLP,,,False,,combo:, 'numRows': 5, 'isSmartDepth': False, 'mktDepthOptions': []}
2026-05-04 10:45:10,164 [INFO] SENDING reqMktDepth b'\x00\x00\x00)10\x005\x00114\x000\x00CCU\x00STK\x00\x000.0\x00\x00\x00SN\x00\x00CLP\x00\x00\x005\x000\x00\x00'
2026-05-04 10:45:11,567 [ERROR] $BANMEDICA.SN: possibly delisted; no price data found  (period=3mo) (Yahoo error = "No data found, symbol may be delisted")
2026-05-04 10:45:17,623 [INFO] disconnecting
2026-05-04 10:45:17,624 [INFO] ANSWER connectionClosed {}
2026-05-04 10:45:18,374 [INFO] disconnecting
2026-05-04 10:45:18,375 [INFO] ANSWER connectionClosed {}
2026-05-04 10:45:22,821 [INFO] sent startApi
2026-05-04 10:45:22,821 [INFO] REQUEST startApi {}
2026-05-04 10:45:22,821 [INFO] SENDING startApi b'\x00\x00\x00\t71\x002\x0030\x00\x00'
2026-05-04 10:45:22,821 [INFO] ANSWER connectAck {}
2026-05-04 10:45:22,824 [INFO] ANSWER managedAccounts {'accountsList': 'DUP838882'}
2026-05-04 10:45:23,838 [INFO] REQUEST placeOrder {'orderId': 20, 'contract': 4650203504: 0,BTC,CRYPTO,,0.0,,,PAXOS,,USD,,,False,,combo:, 'order': 4650203696: 0,0,0: LMT BUY 1@77624.410000 }
2026-05-04 10:45:23,839 [INFO] SENDING placeOrder b'\x00\x00\x01?3\x0020\x000\x00BTC\x00CRYPTO\x00\x000.0\x00\x00\x00PAXOS\x00\x00USD\x00\x00\x00\x00\x00BUY\x001\x00LMT\x0077624.41\x00\x00\x00\x00\x00\x000\x00\x001\x000\x000\x000\x000\x000\x000\x000\x00\x000\x00\x00\x00\x00\x00\x00\x00\x000\x00\x00-1\x000\x00\x00\x000\x00\x00\x000\x000\x00\x000\x00\x00\x00\x00\x00\x000\x00\x00\x00\x00\x000\x00\x00\x00\x00\x00\x00\x00\x00\x00\x00\x000\x00\x00\x000\x000\x00\x00\x000\x00\x000\x000\x000\x000\x00\x001.7976931348623157e+308\x001.7976931348623157e+308\x001.7976931348623157e+308\x001.7976931348623157e+308\x001.7976931348623157e+308\x000\x00\x00\x00\x001.7976931348623157e+308\x00\x00\x00\x00\x000\x000\x000\x00\x00'
2026-05-04 10:45:26,885 [INFO] disconnecting
2026-05-04 10:45:26,886 [INFO] ANSWER connectionClosed {}
2026-05-04 10:45:28,486 [INFO] sent startApi
2026-05-04 10:45:28,486 [INFO] REQUEST startApi {}
2026-05-04 10:45:28,487 [INFO] SENDING startApi b'\x00\x00\x00\t71\x002\x0030\x00\x00'
2026-05-04 10:45:28,487 [INFO] ANSWER connectAck {}
2026-05-04 10:45:28,488 [INFO] ANSWER managedAccounts {'accountsList': 'DUP838882'}
2026-05-04 10:45:29,515 [INFO] REQUEST placeOrder {'orderId': 20, 'contract': 4651134064: 0,COPEC,STK,,0.0,,,SMART,,USD,,,False,,combo:, 'order': 4651131520: 0,0,0: LMT BUY 1@6350.980000 }
2026-05-04 10:45:29,516 [INFO] SENDING placeOrder b'\x00\x00\x01=3\x0020\x000\x00COPEC\x00STK\x00\x000.0\x00\x00\x00SMART\x00\x00USD\x00\x00\x00\x00\x00BUY\x001\x00LMT\x006350.98\x00\x00\x00\x00\x00\x000\x00\x001\x000\x000\x000\x000\x000\x000\x000\x00\x000\x00\x00\x00\x00\x00\x00\x00\x000\x00\x00-1\x000\x00\x00\x000\x00\x00\x000\x000\x00\x000\x00\x00\x00\x00\x00\x000\x00\x00\x00\x00\x000\x00\x00\x00\x00\x00\x00\x00\x00\x00\x00\x000\x00\x00\x000\x000\x00\x00\x000\x00\x000\x000\x000\x000\x00\x001.7976931348623157e+308\x001.7976931348623157e+308\x001.7976931348623157e+308\x001.7976931348623157e+308\x001.7976931348623157e+308\x000\x00\x00\x00\x001.7976931348623157e+308\x00\x00\x00\x00\x000\x000\x000\x00\x00'
2026-05-04 10:45:32,559 [INFO] disconnecting
2026-05-04 10:45:32,560 [INFO] ANSWER connectionClosed {}
2026-05-04 10:45:33,885 [INFO] CIERRE: BTC | TRAILING STOP | PnL -2.34%
2026-05-04 10:45:33,917 [INFO] CIERRE: COPEC | TAKE PROFIT | PnL +0.00%
2026-05-04 10:45:42,670 [INFO] APERTURA: VENDER BTC | Conv 95.0% | Riesgo 4/10
2026-05-04 10:45:42,718 [INFO] sent startApi
2026-05-04 10:45:42,718 [INFO] REQUEST startApi {}
2026-05-04 10:45:42,718 [INFO] SENDING startApi b'\x00\x00\x00\t71\x002\x0010\x00\x00'
2026-05-04 10:45:42,718 [INFO] ANSWER connectAck {}
2026-05-04 10:45:42,721 [INFO] ANSWER managedAccounts {'accountsList': 'DUP838882'}
2026-05-04 10:45:43,797 [INFO] REQUEST placeOrder {'orderId': 13, 'contract': 4651073056: 0,BTC,CRYPTO,,0.0,,,PAXOS,,USD,,,False,,combo:, 'order': 4653947248: 0,0,0: MKT SELL 1@179769313486231570814527423731704356798070567525844996598917476803157260780028538760589558632766878171540458953514382464234321326889464182768467546703537516986049910576551282076245490090389328944075868508455133942304583236903222948165808559332123348274797826204144723168738177180919299881250404026184124858368.000000 }
2026-05-04 10:45:43,798 [INFO] SENDING placeOrder b'\x00\x00\x0183\x0013\x000\x00BTC\x00CRYPTO\x00\x000.0\x00\x00\x00PAXOS\x00\x00USD\x00\x00\x00\x00\x00SELL\x001\x00MKT\x00\x00\x00\x00\x00\x00\x000\x00\x000\x000\x000\x000\x000\x000\x000\x000\x00\x000\x00\x00\x00\x00\x00\x00\x00\x000\x00\x00-1\x000\x00\x00\x000\x00\x00\x000\x000\x00\x000\x00\x00\x00\x00\x00\x000\x00\x00\x00\x00\x000\x00\x00\x00\x00\x00\x00\x00\x00\x00\x00\x000\x00\x00\x000\x000\x00\x00\x000\x00\x000\x000\x000\x000\x00\x001.7976931348623157e+308\x001.7976931348623157e+308\x001.7976931348623157e+308\x001.7976931348623157e+308\x001.7976931348623157e+308\x000\x00\x00\x00\x001.7976931348623157e+308\x00\x00\x00\x00\x000\x000\x000\x00\x00'
2026-05-04 10:45:44,022 [INFO] REQUEST placeOrder {'orderId': 14, 'contract': 4651073056: 0,BTC,CRYPTO,,0.0,,,PAXOS,,USD,,,False,,combo:, 'order': 4651073104: 0,0,0: STP BUY 1@179769313486231570814527423731704356798070567525844996598917476803157260780028538760589558632766878171540458953514382464234321326889464182768467546703537516986049910576551282076245490090389328944075868508455133942304583236903222948165808559332123348274797826204144723168738177180919299881250404026184124858368.000000 }
2026-05-04 10:45:44,022 [INFO] SENDING placeOrder b'\x00\x00\x01?3\x0014\x000\x00BTC\x00CRYPTO\x00\x000.0\x00\x00\x00PAXOS\x00\x00USD\x00\x00\x00\x00\x00BUY\x001\x00STP\x00\x0080800.0\x00\x00\x00\x00\x000\x00\x000\x0013\x000\x000\x000\x000\x000\x000\x00\x000\x00\x00\x00\x00\x00\x00\x00\x000\x00\x00-1\x000\x00\x00\x000\x00\x00\x000\x000\x00\x000\x00\x00\x00\x00\x00\x000\x00\x00\x00\x00\x000\x00\x00\x00\x00\x00\x00\x00\x00\x00\x00\x000\x00\x00\x000\x000\x00\x00\x000\x00\x000\x000\x000\x000\x00\x001.7976931348623157e+308\x001.7976931348623157e+308\x001.7976931348623157e+308\x001.7976931348623157e+308\x001.7976931348623157e+308\x000\x00\x00\x00\x001.7976931348623157e+308\x00\x00\x00\x00\x000\x000\x000\x00\x00'
2026-05-04 10:45:44,296 [INFO] REQUEST placeOrder {'orderId': 15, 'contract': 4651073056: 0,BTC,CRYPTO,,0.0,,,PAXOS,,USD,,,False,,combo:, 'order': 4651073152: 0,0,0: LMT BUY 1@77624.410000 }
2026-05-04 10:45:44,296 [INFO] SENDING placeOrder b'\x00\x00\x01@3\x0015\x000\x00BTC\x00CRYPTO\x00\x000.0\x00\x00\x00PAXOS\x00\x00USD\x00\x00\x00\x00\x00BUY\x001\x00LMT\x0077624.41\x00\x00\x00\x00\x00\x000\x00\x001\x0013\x000\x000\x000\x000\x000\x000\x00\x000\x00\x00\x00\x00\x00\x00\x00\x000\x00\x00-1\x000\x00\x00\x000\x00\x00\x000\x000\x00\x000\x00\x00\x00\x00\x00\x000\x00\x00\x00\x00\x000\x00\x00\x00\x00\x00\x00\x00\x00\x00\x00\x000\x00\x00\x000\x000\x00\x00\x000\x00\x000\x000\x000\x000\x00\x001.7976931348623157e+308\x001.7976931348623157e+308\x001.7976931348623157e+308\x001.7976931348623157e+308\x001.7976931348623157e+308\x000\x00\x00\x00\x001.7976931348623157e+308\x00\x00\x00\x00\x000\x000\x000\x00\x00'
2026-05-04 10:45:46,169 [INFO] disconnecting
2026-05-04 10:45:46,170 [INFO] ANSWER connectionClosed {}
2026-05-04 10:45:46,181 [INFO] APERTURA: VENDER COPEC | Conv 75.3% | Riesgo 1/10
2026-05-04 10:45:46,194 [INFO] sent startApi
2026-05-04 10:45:46,195 [INFO] REQUEST startApi {}
2026-05-04 10:45:46,195 [INFO] SENDING startApi b'\x00\x00\x00\t71\x002\x0010\x00\x00'
2026-05-04 10:45:46,195 [INFO] ANSWER connectAck {}
2026-05-04 10:45:46,196 [INFO] ANSWER managedAccounts {'accountsList': 'DUP838882'}
2026-05-04 10:45:47,260 [INFO] REQUEST placeOrder {'orderId': 14, 'contract': 4650203792: 0,COPEC,STK,,0.0,,,SN,,CLP,,,False,,combo:, 'order': 4646641920: 0,0,0: MKT SELL 1@179769313486231570814527423731704356798070567525844996598917476803157260780028538760589558632766878171540458953514382464234321326889464182768467546703537516986049910576551282076245490090389328944075868508455133942304583236903222948165808559332123348274797826204144723168738177180919299881250404026184124858368.000000 }
2026-05-04 10:45:47,260 [INFO] SENDING placeOrder b'\x00\x00\x0143\x0014\x000\x00COPEC\x00STK\x00\x000.0\x00\x00\x00SN\x00\x00CLP\x00\x00\x00\x00\x00SELL\x001\x00MKT\x00\x00\x00\x00\x00\x00\x000\x00\x000\x000\x000\x000\x000\x000\x000\x000\x00\x000\x00\x00\x00\x00\x00\x00\x00\x000\x00\x00-1\x000\x00\x00\x000\x00\x00\x000\x000\x00\x000\x00\x00\x00\x00\x00\x000\x00\x00\x00\x00\x000\x00\x00\x00\x00\x00\x00\x00\x00\x00\x00\x000\x00\x00\x000\x000\x00\x00\x000\x00\x000\x000\x000\x000\x00\x001.7976931348623157e+308\x001.7976931348623157e+308\x001.7976931348623157e+308\x001.7976931348623157e+308\x001.7976931348623157e+308\x000\x00\x00\x00\x001.7976931348623157e+308\x00\x00\x00\x00\x000\x000\x000\x00\x00'
2026-05-04 10:45:47,527 [INFO] REQUEST placeOrder {'orderId': 15, 'contract': 4650203792: 0,COPEC,STK,,0.0,,,SN,,CLP,,,False,,combo:, 'order': 4650921312: 0,0,0: STP BUY 1@179769313486231570814527423731704356798070567525844996598917476803157260780028538760589558632766878171540458953514382464234321326889464182768467546703537516986049910576551282076245490090389328944075868508455133942304583236903222948165808559332123348274797826204144723168738177180919299881250404026184124858368.000000 }
2026-05-04 10:45:47,528 [INFO] SENDING placeOrder b'\x00\x00\x01;3\x0015\x000\x00COPEC\x00STK\x00\x000.0\x00\x00\x00SN\x00\x00CLP\x00\x00\x00\x00\x00BUY\x001\x00STP\x00\x006407.04\x00\x00\x00\x00\x000\x00\x000\x0014\x000\x000\x000\x000\x000\x000\x00\x000\x00\x00\x00\x00\x00\x00\x00\x000\x00\x00-1\x000\x00\x00\x000\x00\x00\x000\x000\x00\x000\x00\x00\x00\x00\x00\x000\x00\x00\x00\x00\x000\x00\x00\x00\x00\x00\x00\x00\x00\x00\x00\x000\x00\x00\x000\x000\x00\x00\x000\x00\x000\x000\x000\x000\x00\x001.7976931348623157e+308\x001.7976931348623157e+308\x001.7976931348623157e+308\x001.7976931348623157e+308\x001.7976931348623157e+308\x000\x00\x00\x00\x001.7976931348623157e+308\x00\x00\x00\x00\x000\x000\x000\x00\x00'
2026-05-04 10:45:47,801 [INFO] REQUEST placeOrder {'orderId': 16, 'contract': 4650203792: 0,COPEC,STK,,0.0,,,SN,,CLP,,,False,,combo:, 'order': 4648335344: 0,0,0: LMT BUY 1@6350.980000 }
2026-05-04 10:45:47,802 [INFO] SENDING placeOrder b'\x00\x00\x01;3\x0016\x000\x00COPEC\x00STK\x00\x000.0\x00\x00\x00SN\x00\x00CLP\x00\x00\x00\x00\x00BUY\x001\x00LMT\x006350.98\x00\x00\x00\x00\x00\x000\x00\x001\x0014\x000\x000\x000\x000\x000\x000\x00\x000\x00\x00\x00\x00\x00\x00\x00\x000\x00\x00-1\x000\x00\x00\x000\x00\x00\x000\x000\x00\x000\x00\x00\x00\x00\x00\x000\x00\x00\x00\x00\x000\x00\x00\x00\x00\x00\x00\x00\x00\x00\x00\x000\x00\x00\x000\x000\x00\x00\x000\x00\x000\x000\x000\x000\x00\x001.7976931348623157e+308\x001.7976931348623157e+308\x001.7976931348623157e+308\x001.7976931348623157e+308\x001.7976931348623157e+308\x000\x00\x00\x00\x001.7976931348623157e+308\x00\x00\x00\x00\x000\x000\x000\x00\x00'
2026-05-04 10:45:49,564 [INFO] disconnecting
2026-05-04 10:45:49,565 [INFO] ANSWER connectionClosed {}
2026-05-04 10:45:49,574 [INFO] Ciclo completado: 2 aperturas, 2 cierres
2026-05-04 10:45:49,575 [INFO] Ciclo completado: 2 aperturas, 2 cierres, 0 rechazadas
2026-05-04 10:45:59,356 [INFO] sent startApi
2026-05-04 10:45:59,356 [INFO] REQUEST startApi {}
2026-05-04 10:45:59,356 [INFO] SENDING startApi b'\x00\x00\x00\t71\x002\x0050\x00\x00'
2026-05-04 10:45:59,356 [INFO] ANSWER connectAck {}
2026-05-04 10:45:59,359 [INFO] ANSWER managedAccounts {'accountsList': 'DUP838882'}
2026-05-04 10:45:59,864 [INFO] REQUEST reqMktData {'reqId': 1, 'contract': 6299904752: 0,SQM,STK,,0.0,,,NYSE,,USD,,,False,,combo:, 'genericTickList': '100,101,106,233', 'snapshot': False, 'regulatorySnapshot': False, 'mktDataOptions': []}
2026-05-04 10:45:59,864 [INFO] SENDING reqMktData b'\x00\x00\x00;1\x0011\x001\x000\x00SQM\x00STK\x00\x000.0\x00\x00\x00NYSE\x00\x00USD\x00\x00\x000\x00100,101,106,233\x000\x000\x00\x00'
2026-05-04 10:46:00,068 [INFO] REQUEST reqMktData {'reqId': 2, 'contract': 6306031984: 0,ECH,STK,,0.0,,,NYSE,,USD,,,False,,combo:, 'genericTickList': '100,101,106,233', 'snapshot': False, 'regulatorySnapshot': False, 'mktDataOptions': []}
2026-05-04 10:46:00,068 [INFO] SENDING reqMktData b'\x00\x00\x00;1\x0011\x002\x000\x00ECH\x00STK\x00\x000.0\x00\x00\x00NYSE\x00\x00USD\x00\x00\x000\x00100,101,106,233\x000\x000\x00\x00'
2026-05-04 10:46:00,272 [INFO] REQUEST reqMktData {'reqId': 3, 'contract': 5092453584: 0,GLD,STK,,0.0,,,NYSE,,USD,,,False,,combo:, 'genericTickList': '100,101,106,233', 'snapshot': False, 'regulatorySnapshot': False, 'mktDataOptions': []}
2026-05-04 10:46:00,272 [INFO] SENDING reqMktData b'\x00\x00\x00;1\x0011\x003\x000\x00GLD\x00STK\x00\x000.0\x00\x00\x00NYSE\x00\x00USD\x00\x00\x000\x00100,101,106,233\x000\x000\x00\x00'
2026-05-04 10:46:00,477 [INFO] REQUEST reqMktData {'reqId': 4, 'contract': 6293068240: 0,SPY,STK,,0.0,,,NYSE,,USD,,,False,,combo:, 'genericTickList': '100,101,106,233', 'snapshot': False, 'regulatorySnapshot': False, 'mktDataOptions': []}
2026-05-04 10:46:00,478 [INFO] SENDING reqMktData b'\x00\x00\x00;1\x0011\x004\x000\x00SPY\x00STK\x00\x000.0\x00\x00\x00NYSE\x00\x00USD\x00\x00\x000\x00100,101,106,233\x000\x000\x00\x00'
2026-05-04 10:46:00,683 [INFO] REQUEST reqMktData {'reqId': 5, 'contract': 6293066032: 0,GC,FUT,202606,0.0,,,COMEX,,USD,,,False,,combo:, 'genericTickList': '100,101,106,233', 'snapshot': False, 'regulatorySnapshot': False, 'mktDataOptions': []}
2026-05-04 10:46:00,684 [INFO] SENDING reqMktData b'\x00\x00\x00A1\x0011\x005\x000\x00GC\x00FUT\x00202606\x000.0\x00\x00\x00COMEX\x00\x00USD\x00\x00\x000\x00100,101,106,233\x000\x000\x00\x00'
2026-05-04 10:46:00,889 [INFO] REQUEST reqMktData {'reqId': 6, 'contract': 6410893632: 0,HG,FUT,202606,0.0,,,COMEX,,USD,,,False,,combo:, 'genericTickList': '100,101,106,233', 'snapshot': False, 'regulatorySnapshot': False, 'mktDataOptions': []}
2026-05-04 10:46:00,889 [INFO] SENDING reqMktData b'\x00\x00\x00A1\x0011\x006\x000\x00HG\x00FUT\x00202606\x000.0\x00\x00\x00COMEX\x00\x00USD\x00\x00\x000\x00100,101,106,233\x000\x000\x00\x00'
2026-05-04 10:46:09,095 [INFO] disconnecting
2026-05-04 10:46:09,097 [INFO] ANSWER connectionClosed {}
2026-05-04 10:46:10,139 [INFO] sent startApi
2026-05-04 10:46:10,140 [INFO] REQUEST startApi {}
2026-05-04 10:46:10,140 [INFO] SENDING startApi b'\x00\x00\x00\t71\x002\x0050\x00\x00'
2026-05-04 10:46:10,140 [INFO] ANSWER connectAck {}
2026-05-04 10:46:10,141 [INFO] ANSWER managedAccounts {'accountsList': 'DUP838882'}
2026-05-04 10:46:10,646 [INFO] REQUEST reqMktData {'reqId': 1, 'contract': 6309251632: 0,SQM,STK,,0.0,,,NYSE,,USD,,,False,,combo:, 'genericTickList': '100,101,106,233', 'snapshot': False, 'regulatorySnapshot': False, 'mktDataOptions': []}
2026-05-04 10:46:10,647 [INFO] SENDING reqMktData b'\x00\x00\x00;1\x0011\x001\x000\x00SQM\x00STK\x00\x000.0\x00\x00\x00NYSE\x00\x00USD\x00\x00\x000\x00100,101,106,233\x000\x000\x00\x00'
2026-05-04 10:46:10,732 [INFO] sent startApi
2026-05-04 10:46:10,733 [INFO] REQUEST startApi {}
2026-05-04 10:46:10,733 [INFO] SENDING startApi b'\x00\x00\x00\t71\x002\x0070\x00\x00'
2026-05-04 10:46:10,733 [INFO] ANSWER connectAck {}
2026-05-04 10:46:10,734 [INFO] ANSWER managedAccounts {'accountsList': 'DUP838882'}
2026-05-04 10:46:10,854 [INFO] REQUEST reqMktData {'reqId': 2, 'contract': 6300229056: 0,ECH,STK,,0.0,,,NYSE,,USD,,,False,,combo:, 'genericTickList': '100,101,106,233', 'snapshot': False, 'regulatorySnapshot': False, 'mktDataOptions': []}
2026-05-04 10:46:10,855 [INFO] SENDING reqMktData b'\x00\x00\x00;1\x0011\x002\x000\x00ECH\x00STK\x00\x000.0\x00\x00\x00NYSE\x00\x00USD\x00\x00\x000\x00100,101,106,233\x000\x000\x00\x00'
2026-05-04 10:46:11,059 [INFO] REQUEST reqMktData {'reqId': 3, 'contract': 6293069008: 0,GLD,STK,,0.0,,,NYSE,,USD,,,False,,combo:, 'genericTickList': '100,101,106,233', 'snapshot': False, 'regulatorySnapshot': False, 'mktDataOptions': []}
2026-05-04 10:46:11,062 [INFO] SENDING reqMktData b'\x00\x00\x00;1\x0011\x003\x000\x00GLD\x00STK\x00\x000.0\x00\x00\x00NYSE\x00\x00USD\x00\x00\x000\x00100,101,106,233\x000\x000\x00\x00'
2026-05-04 10:46:11,237 [INFO] REQUEST reqMktDepth {'reqId': 100, 'contract': 6312629392: 0,SQM,STK,,0.0,,,SN,,CLP,,,False,,combo:, 'numRows': 5, 'isSmartDepth': False, 'mktDepthOptions': []}
2026-05-04 10:46:11,238 [INFO] SENDING reqMktDepth b'\x00\x00\x00)10\x005\x00100\x000\x00SQM\x00STK\x00\x000.0\x00\x00\x00SN\x00\x00CLP\x00\x00\x005\x000\x00\x00'
2026-05-04 10:46:11,267 [INFO] REQUEST reqMktData {'reqId': 4, 'contract': 6291886576: 0,SPY,STK,,0.0,,,NYSE,,USD,,,False,,combo:, 'genericTickList': '100,101,106,233', 'snapshot': False, 'regulatorySnapshot': False, 'mktDataOptions': []}
2026-05-04 10:46:11,267 [INFO] SENDING reqMktData b'\x00\x00\x00;1\x0011\x004\x000\x00SPY\x00STK\x00\x000.0\x00\x00\x00NYSE\x00\x00USD\x00\x00\x000\x00100,101,106,233\x000\x000\x00\x00'
2026-05-04 10:46:11,343 [INFO] REQUEST reqMktDepth {'reqId': 101, 'contract': 6295781920: 0,COPEC,STK,,0.0,,,SN,,CLP,,,False,,combo:, 'numRows': 5, 'isSmartDepth': False, 'mktDepthOptions': []}
2026-05-04 10:46:11,343 [INFO] SENDING reqMktDepth b'\x00\x00\x00+10\x005\x00101\x000\x00COPEC\x00STK\x00\x000.0\x00\x00\x00SN\x00\x00CLP\x00\x00\x005\x000\x00\x00'
2026-05-04 10:46:11,458 [INFO] REQUEST reqMktDepth {'reqId': 102, 'contract': 6299903648: 0,BCI,STK,,0.0,,,SN,,CLP,,,False,,combo:, 'numRows': 5, 'isSmartDepth': False, 'mktDepthOptions': []}
2026-05-04 10:46:11,459 [INFO] SENDING reqMktDepth b'\x00\x00\x00)10\x005\x00102\x000\x00BCI\x00STK\x00\x000.0\x00\x00\x00SN\x00\x00CLP\x00\x00\x005\x000\x00\x00'
2026-05-04 10:46:11,468 [INFO] REQUEST reqMktData {'reqId': 5, 'contract': 6297543776: 0,GC,FUT,202606,0.0,,,COMEX,,USD,,,False,,combo:, 'genericTickList': '100,101,106,233', 'snapshot': False, 'regulatorySnapshot': False, 'mktDataOptions': []}
2026-05-04 10:46:11,468 [INFO] SENDING reqMktData b'\x00\x00\x00A1\x0011\x005\x000\x00GC\x00FUT\x00202606\x000.0\x00\x00\x00COMEX\x00\x00USD\x00\x00\x000\x00100,101,106,233\x000\x000\x00\x00'
2026-05-04 10:46:11,562 [INFO] REQUEST reqMktDepth {'reqId': 103, 'contract': 6293463632: 0,BSAC,STK,,0.0,,,SMART,,USD,,,False,,combo:, 'numRows': 5, 'isSmartDepth': False, 'mktDepthOptions': []}
2026-05-04 10:46:11,563 [INFO] SENDING reqMktDepth b'\x00\x00\x00-10\x005\x00103\x000\x00BSAC\x00STK\x00\x000.0\x00\x00\x00SMART\x00\x00USD\x00\x00\x005\x000\x00\x00'
2026-05-04 10:46:11,668 [INFO] REQUEST reqMktDepth {'reqId': 104, 'contract': 6309251680: 0,BCH,STK,,0.0,,,SMART,,USD,,,False,,combo:, 'numRows': 5, 'isSmartDepth': False, 'mktDepthOptions': []}
2026-05-04 10:46:11,669 [INFO] SENDING reqMktDepth b'\x00\x00\x00,10\x005\x00104\x000\x00BCH\x00STK\x00\x000.0\x00\x00\x00SMART\x00\x00USD\x00\x00\x005\x000\x00\x00'
2026-05-04 10:46:11,672 [INFO] REQUEST reqMktData {'reqId': 6, 'contract': 6309249184: 0,HG,FUT,202606,0.0,,,COMEX,,USD,,,False,,combo:, 'genericTickList': '100,101,106,233', 'snapshot': False, 'regulatorySnapshot': False, 'mktDataOptions': []}
2026-05-04 10:46:11,673 [INFO] SENDING reqMktData b'\x00\x00\x00A1\x0011\x006\x000\x00HG\x00FUT\x00202606\x000.0\x00\x00\x00COMEX\x00\x00USD\x00\x00\x000\x00100,101,106,233\x000\x000\x00\x00'
2026-05-04 10:46:11,774 [INFO] REQUEST reqMktDepth {'reqId': 105, 'contract': 6419120480: 0,FALABELLA,STK,,0.0,,,SN,,CLP,,,False,,combo:, 'numRows': 5, 'isSmartDepth': False, 'mktDepthOptions': []}
2026-05-04 10:46:11,774 [INFO] SENDING reqMktDepth b'\x00\x00\x00/10\x005\x00105\x000\x00FALABELLA\x00STK\x00\x000.0\x00\x00\x00SN\x00\x00CLP\x00\x00\x005\x000\x00\x00'
2026-05-04 10:46:11,879 [INFO] REQUEST reqMktDepth {'reqId': 106, 'contract': 6297122464: 0,CENCOSUD,STK,,0.0,,,SN,,CLP,,,False,,combo:, 'numRows': 5, 'isSmartDepth': False, 'mktDepthOptions': []}
2026-05-04 10:46:11,880 [INFO] SENDING reqMktDepth b'\x00\x00\x00.10\x005\x00106\x000\x00CENCOSUD\x00STK\x00\x000.0\x00\x00\x00SN\x00\x00CLP\x00\x00\x005\x000\x00\x00'
2026-05-04 10:46:11,982 [INFO] REQUEST reqMktDepth {'reqId': 107, 'contract': 6305448672: 0,CMPC,STK,,0.0,,,SN,,CLP,,,False,,combo:, 'numRows': 5, 'isSmartDepth': False, 'mktDepthOptions': []}
2026-05-04 10:46:11,982 [INFO] SENDING reqMktDepth b'\x00\x00\x00*10\x005\x00107\x000\x00CMPC\x00STK\x00\x000.0\x00\x00\x00SN\x00\x00CLP\x00\x00\x005\x000\x00\x00'
2026-05-04 10:46:12,109 [INFO] REQUEST reqMktDepth {'reqId': 108, 'contract': 6299904848: 0,COLBUN,STK,,0.0,,,SN,,CLP,,,False,,combo:, 'numRows': 5, 'isSmartDepth': False, 'mktDepthOptions': []}
2026-05-04 10:46:12,109 [INFO] SENDING reqMktDepth b'\x00\x00\x00,10\x005\x00108\x000\x00COLBUN\x00STK\x00\x000.0\x00\x00\x00SN\x00\x00CLP\x00\x00\x005\x000\x00\x00'
2026-05-04 10:46:12,214 [INFO] REQUEST reqMktDepth {'reqId': 109, 'contract': 6293499088: 0,ENELCHILE,STK,,0.0,,,SN,,CLP,,,False,,combo:, 'numRows': 5, 'isSmartDepth': False, 'mktDepthOptions': []}
2026-05-04 10:46:12,215 [INFO] SENDING reqMktDepth b'\x00\x00\x00/10\x005\x00109\x000\x00ENELCHILE\x00STK\x00\x000.0\x00\x00\x00SN\x00\x00CLP\x00\x00\x005\x000\x00\x00'
2026-05-04 10:46:12,320 [INFO] REQUEST reqMktDepth {'reqId': 110, 'contract': 6294986704: 0,ENELAM,STK,,0.0,,,SN,,CLP,,,False,,combo:, 'numRows': 5, 'isSmartDepth': False, 'mktDepthOptions': []}
2026-05-04 10:46:12,320 [INFO] SENDING reqMktDepth b'\x00\x00\x00,10\x005\x00110\x000\x00ENELAM\x00STK\x00\x000.0\x00\x00\x00SN\x00\x00CLP\x00\x00\x005\x000\x00\x00'
2026-05-04 10:46:12,420 [INFO] REQUEST reqMktDepth {'reqId': 111, 'contract': 6305451552: 0,ENTEL,STK,,0.0,,,SN,,CLP,,,False,,combo:, 'numRows': 5, 'isSmartDepth': False, 'mktDepthOptions': []}
2026-05-04 10:46:12,421 [INFO] SENDING reqMktDepth b'\x00\x00\x00+10\x005\x00111\x000\x00ENTEL\x00STK\x00\x000.0\x00\x00\x00SN\x00\x00CLP\x00\x00\x005\x000\x00\x00'
2026-05-04 10:46:12,527 [INFO] REQUEST reqMktDepth {'reqId': 112, 'contract': 6419155168: 0,LTM,STK,,0.0,,,SMART,,USD,,,False,,combo:, 'numRows': 5, 'isSmartDepth': False, 'mktDepthOptions': []}
2026-05-04 10:46:12,528 [INFO] SENDING reqMktDepth b'\x00\x00\x00,10\x005\x00112\x000\x00LTM\x00STK\x00\x000.0\x00\x00\x00SMART\x00\x00USD\x00\x00\x005\x000\x00\x00'
2026-05-04 10:46:12,646 [INFO] REQUEST reqMktDepth {'reqId': 113, 'contract': 6304863664: 0,CAP,STK,,0.0,,,SN,,CLP,,,False,,combo:, 'numRows': 5, 'isSmartDepth': False, 'mktDepthOptions': []}
2026-05-04 10:46:12,646 [INFO] SENDING reqMktDepth b'\x00\x00\x00)10\x005\x00113\x000\x00CAP\x00STK\x00\x000.0\x00\x00\x00SN\x00\x00CLP\x00\x00\x005\x000\x00\x00'
2026-05-04 10:46:12,725 [ERROR] $CFR.SN: possibly delisted; no price data found  (period=3mo)
2026-05-04 10:46:12,766 [INFO] REQUEST reqMktDepth {'reqId': 114, 'contract': 6292827536: 0,CCU,STK,,0.0,,,SN,,CLP,,,False,,combo:, 'numRows': 5, 'isSmartDepth': False, 'mktDepthOptions': []}
2026-05-04 10:46:12,766 [INFO] SENDING reqMktDepth b'\x00\x00\x00)10\x005\x00114\x000\x00CCU\x00STK\x00\x000.0\x00\x00\x00SN\x00\x00CLP\x00\x00\x005\x000\x00\x00'
2026-05-04 10:46:12,915 [ERROR] $ENDESA.SN: possibly delisted; no price data found  (period=3mo)
2026-05-04 10:46:13,577 [ERROR] $BANMEDICA.SN: possibly delisted; no price data found  (period=3mo) (Yahoo error = "No data found, symbol may be delisted")
2026-05-04 10:46:19,883 [INFO] disconnecting
2026-05-04 10:46:19,884 [INFO] ANSWER connectionClosed {}
2026-05-04 10:46:20,873 [INFO] disconnecting
2026-05-04 10:46:20,873 [INFO] ANSWER connectionClosed {}
2026-05-04 10:46:28,768 [ERROR] $COPEC: possibly delisted; no price data found  (period=2d) (Yahoo error = "No data found, symbol may be delisted")
2026-05-04 10:50:00,658 [INFO] === CICLO AUTOMÁTICO INICIADO ===
2026-05-04 10:50:05,099 [INFO] sent startApi
2026-05-04 10:50:05,099 [INFO] REQUEST startApi {}
2026-05-04 10:50:05,099 [INFO] SENDING startApi b'\x00\x00\x00\t71\x002\x0050\x00\x00'
2026-05-04 10:50:05,100 [INFO] ANSWER connectAck {}
2026-05-04 10:50:05,102 [INFO] ANSWER managedAccounts {'accountsList': 'DUP838882'}
2026-05-04 10:50:05,627 [INFO] REQUEST reqMktData {'reqId': 1, 'contract': 4470453008: 0,SQM,STK,,0.0,,,NYSE,,USD,,,False,,combo:, 'genericTickList': '100,101,106,233', 'snapshot': False, 'regulatorySnapshot': False, 'mktDataOptions': []}
2026-05-04 10:50:05,636 [INFO] SENDING reqMktData b'\x00\x00\x00;1\x0011\x001\x000\x00SQM\x00STK\x00\x000.0\x00\x00\x00NYSE\x00\x00USD\x00\x00\x000\x00100,101,106,233\x000\x000\x00\x00'
2026-05-04 10:50:05,654 [INFO] sent startApi
2026-05-04 10:50:05,654 [INFO] REQUEST startApi {}
2026-05-04 10:50:05,654 [INFO] SENDING startApi b'\x00\x00\x00\t71\x002\x0070\x00\x00'
2026-05-04 10:50:05,654 [INFO] ANSWER connectAck {}
2026-05-04 10:50:05,656 [INFO] ANSWER managedAccounts {'accountsList': 'DUP838882'}
2026-05-04 10:50:05,844 [INFO] REQUEST reqMktData {'reqId': 2, 'contract': 4472324304: 0,ECH,STK,,0.0,,,NYSE,,USD,,,False,,combo:, 'genericTickList': '100,101,106,233', 'snapshot': False, 'regulatorySnapshot': False, 'mktDataOptions': []}
2026-05-04 10:50:05,845 [INFO] SENDING reqMktData b'\x00\x00\x00;1\x0011\x002\x000\x00ECH\x00STK\x00\x000.0\x00\x00\x00NYSE\x00\x00USD\x00\x00\x000\x00100,101,106,233\x000\x000\x00\x00'
2026-05-04 10:50:06,090 [INFO] REQUEST reqMktData {'reqId': 3, 'contract': 4472375328: 0,GLD,STK,,0.0,,,NYSE,,USD,,,False,,combo:, 'genericTickList': '100,101,106,233', 'snapshot': False, 'regulatorySnapshot': False, 'mktDataOptions': []}
2026-05-04 10:50:06,091 [INFO] SENDING reqMktData b'\x00\x00\x00;1\x0011\x003\x000\x00GLD\x00STK\x00\x000.0\x00\x00\x00NYSE\x00\x00USD\x00\x00\x000\x00100,101,106,233\x000\x000\x00\x00'
2026-05-04 10:50:06,194 [INFO] REQUEST reqMktDepth {'reqId': 100, 'contract': 4472376000: 0,SQM,STK,,0.0,,,SN,,CLP,,,False,,combo:, 'numRows': 5, 'isSmartDepth': False, 'mktDepthOptions': []}
2026-05-04 10:50:06,195 [INFO] SENDING reqMktDepth b'\x00\x00\x00)10\x005\x00100\x000\x00SQM\x00STK\x00\x000.0\x00\x00\x00SN\x00\x00CLP\x00\x00\x005\x000\x00\x00'
2026-05-04 10:50:06,365 [INFO] REQUEST reqMktData {'reqId': 4, 'contract': 4470452912: 0,SPY,STK,,0.0,,,NYSE,,USD,,,False,,combo:, 'genericTickList': '100,101,106,233', 'snapshot': False, 'regulatorySnapshot': False, 'mktDataOptions': []}
2026-05-04 10:50:06,366 [INFO] SENDING reqMktData b'\x00\x00\x00;1\x0011\x004\x000\x00SPY\x00STK\x00\x000.0\x00\x00\x00NYSE\x00\x00USD\x00\x00\x000\x00100,101,106,233\x000\x000\x00\x00'
2026-05-04 10:50:06,367 [INFO] REQUEST reqMktDepth {'reqId': 101, 'contract': 4472375328: 0,COPEC,STK,,0.0,,,SN,,CLP,,,False,,combo:, 'numRows': 5, 'isSmartDepth': False, 'mktDepthOptions': []}
2026-05-04 10:50:06,367 [INFO] SENDING reqMktDepth b'\x00\x00\x00+10\x005\x00101\x000\x00COPEC\x00STK\x00\x000.0\x00\x00\x00SN\x00\x00CLP\x00\x00\x005\x000\x00\x00'
2026-05-04 10:50:06,473 [INFO] REQUEST reqMktDepth {'reqId': 102, 'contract': 4478145920: 0,BCI,STK,,0.0,,,SN,,CLP,,,False,,combo:, 'numRows': 5, 'isSmartDepth': False, 'mktDepthOptions': []}
2026-05-04 10:50:06,473 [INFO] SENDING reqMktDepth b'\x00\x00\x00)10\x005\x00102\x000\x00BCI\x00STK\x00\x000.0\x00\x00\x00SN\x00\x00CLP\x00\x00\x005\x000\x00\x00'
2026-05-04 10:50:06,595 [INFO] REQUEST reqMktData {'reqId': 5, 'contract': 4472409824: 0,GC,FUT,202606,0.0,,,COMEX,,USD,,,False,,combo:, 'genericTickList': '100,101,106,233', 'snapshot': False, 'regulatorySnapshot': False, 'mktDataOptions': []}
2026-05-04 10:50:06,596 [INFO] SENDING reqMktData b'\x00\x00\x00A1\x0011\x005\x000\x00GC\x00FUT\x00202606\x000.0\x00\x00\x00COMEX\x00\x00USD\x00\x00\x000\x00100,101,106,233\x000\x000\x00\x00'
2026-05-04 10:50:06,623 [INFO] REQUEST reqMktDepth {'reqId': 103, 'contract': 4472406128: 0,BSAC,STK,,0.0,,,SMART,,USD,,,False,,combo:, 'numRows': 5, 'isSmartDepth': False, 'mktDepthOptions': []}
2026-05-04 10:50:06,623 [INFO] SENDING reqMktDepth b'\x00\x00\x00-10\x005\x00103\x000\x00BSAC\x00STK\x00\x000.0\x00\x00\x00SMART\x00\x00USD\x00\x00\x005\x000\x00\x00'
2026-05-04 10:50:06,729 [INFO] REQUEST reqMktDepth {'reqId': 104, 'contract': 4472410064: 0,BCH,STK,,0.0,,,SMART,,USD,,,False,,combo:, 'numRows': 5, 'isSmartDepth': False, 'mktDepthOptions': []}
2026-05-04 10:50:06,730 [INFO] SENDING reqMktDepth b'\x00\x00\x00,10\x005\x00104\x000\x00BCH\x00STK\x00\x000.0\x00\x00\x00SMART\x00\x00USD\x00\x00\x005\x000\x00\x00'
2026-05-04 10:50:06,851 [INFO] REQUEST reqMktDepth {'reqId': 105, 'contract': 4472376288: 0,FALABELLA,STK,,0.0,,,SN,,CLP,,,False,,combo:, 'numRows': 5, 'isSmartDepth': False, 'mktDepthOptions': []}
2026-05-04 10:50:06,851 [INFO] SENDING reqMktDepth b'\x00\x00\x00/10\x005\x00105\x000\x00FALABELLA\x00STK\x00\x000.0\x00\x00\x00SN\x00\x00CLP\x00\x00\x005\x000\x00\x00'
2026-05-04 10:50:06,869 [INFO] REQUEST reqMktData {'reqId': 6, 'contract': 4472375328: 0,HG,FUT,202606,0.0,,,COMEX,,USD,,,False,,combo:, 'genericTickList': '100,101,106,233', 'snapshot': False, 'regulatorySnapshot': False, 'mktDataOptions': []}
2026-05-04 10:50:06,869 [INFO] SENDING reqMktData b'\x00\x00\x00A1\x0011\x006\x000\x00HG\x00FUT\x00202606\x000.0\x00\x00\x00COMEX\x00\x00USD\x00\x00\x000\x00100,101,106,233\x000\x000\x00\x00'
2026-05-04 10:50:07,024 [INFO] REQUEST reqMktDepth {'reqId': 106, 'contract': 4472916864: 0,CENCOSUD,STK,,0.0,,,SN,,CLP,,,False,,combo:, 'numRows': 5, 'isSmartDepth': False, 'mktDepthOptions': []}
2026-05-04 10:50:07,030 [INFO] SENDING reqMktDepth b'\x00\x00\x00.10\x005\x00106\x000\x00CENCOSUD\x00STK\x00\x000.0\x00\x00\x00SN\x00\x00CLP\x00\x00\x005\x000\x00\x00'
2026-05-04 10:50:07,251 [INFO] REQUEST reqMktDepth {'reqId': 107, 'contract': 4472358032: 0,CMPC,STK,,0.0,,,SN,,CLP,,,False,,combo:, 'numRows': 5, 'isSmartDepth': False, 'mktDepthOptions': []}
2026-05-04 10:50:07,253 [INFO] SENDING reqMktDepth b'\x00\x00\x00*10\x005\x00107\x000\x00CMPC\x00STK\x00\x000.0\x00\x00\x00SN\x00\x00CLP\x00\x00\x005\x000\x00\x00'
2026-05-04 10:50:07,417 [INFO] REQUEST reqMktDepth {'reqId': 108, 'contract': 4478201808: 0,COLBUN,STK,,0.0,,,SN,,CLP,,,False,,combo:, 'numRows': 5, 'isSmartDepth': False, 'mktDepthOptions': []}
2026-05-04 10:50:07,418 [INFO] SENDING reqMktDepth b'\x00\x00\x00,10\x005\x00108\x000\x00COLBUN\x00STK\x00\x000.0\x00\x00\x00SN\x00\x00CLP\x00\x00\x005\x000\x00\x00'
2026-05-04 10:50:07,593 [INFO] REQUEST reqMktDepth {'reqId': 109, 'contract': 4472454928: 0,ENELCHILE,STK,,0.0,,,SN,,CLP,,,False,,combo:, 'numRows': 5, 'isSmartDepth': False, 'mktDepthOptions': []}
2026-05-04 10:50:07,597 [INFO] SENDING reqMktDepth b'\x00\x00\x00/10\x005\x00109\x000\x00ENELCHILE\x00STK\x00\x000.0\x00\x00\x00SN\x00\x00CLP\x00\x00\x005\x000\x00\x00'
2026-05-04 10:50:07,702 [INFO] REQUEST reqMktDepth {'reqId': 110, 'contract': 4472358032: 0,ENELAM,STK,,0.0,,,SN,,CLP,,,False,,combo:, 'numRows': 5, 'isSmartDepth': False, 'mktDepthOptions': []}
2026-05-04 10:50:07,702 [INFO] SENDING reqMktDepth b'\x00\x00\x00,10\x005\x00110\x000\x00ENELAM\x00STK\x00\x000.0\x00\x00\x00SN\x00\x00CLP\x00\x00\x005\x000\x00\x00'
2026-05-04 10:50:07,861 [INFO] REQUEST reqMktDepth {'reqId': 111, 'contract': 4473075888: 0,ENTEL,STK,,0.0,,,SN,,CLP,,,False,,combo:, 'numRows': 5, 'isSmartDepth': False, 'mktDepthOptions': []}
2026-05-04 10:50:07,862 [INFO] SENDING reqMktDepth b'\x00\x00\x00+10\x005\x00111\x000\x00ENTEL\x00STK\x00\x000.0\x00\x00\x00SN\x00\x00CLP\x00\x00\x005\x000\x00\x00'
2026-05-04 10:50:08,009 [INFO] REQUEST reqMktDepth {'reqId': 112, 'contract': 4473076848: 0,LTM,STK,,0.0,,,SMART,,USD,,,False,,combo:, 'numRows': 5, 'isSmartDepth': False, 'mktDepthOptions': []}
2026-05-04 10:50:08,010 [INFO] SENDING reqMktDepth b'\x00\x00\x00,10\x005\x00112\x000\x00LTM\x00STK\x00\x000.0\x00\x00\x00SMART\x00\x00USD\x00\x00\x005\x000\x00\x00'
2026-05-04 10:50:08,119 [INFO] REQUEST reqMktDepth {'reqId': 113, 'contract': 4478279888: 0,CAP,STK,,0.0,,,SN,,CLP,,,False,,combo:, 'numRows': 5, 'isSmartDepth': False, 'mktDepthOptions': []}
2026-05-04 10:50:08,119 [INFO] SENDING reqMktDepth b'\x00\x00\x00)10\x005\x00113\x000\x00CAP\x00STK\x00\x000.0\x00\x00\x00SN\x00\x00CLP\x00\x00\x005\x000\x00\x00'
2026-05-04 10:50:08,301 [INFO] REQUEST reqMktDepth {'reqId': 114, 'contract': 4473076464: 0,CCU,STK,,0.0,,,SN,,CLP,,,False,,combo:, 'numRows': 5, 'isSmartDepth': False, 'mktDepthOptions': []}
2026-05-04 10:50:08,303 [INFO] SENDING reqMktDepth b'\x00\x00\x00)10\x005\x00114\x000\x00CCU\x00STK\x00\x000.0\x00\x00\x00SN\x00\x00CLP\x00\x00\x005\x000\x00\x00'
2026-05-04 10:50:09,218 [ERROR] $CFR.SN: possibly delisted; no price data found  (period=3mo)
2026-05-04 10:50:09,361 [ERROR] $ENDESA.SN: possibly delisted; no price data found  (period=3mo)
2026-05-04 10:50:11,426 [ERROR] $BANMEDICA.SN: possibly delisted; no price data found  (period=3mo) (Yahoo error = "No data found, symbol may be delisted")
2026-05-04 10:50:15,163 [INFO] disconnecting
2026-05-04 10:50:15,164 [INFO] ANSWER connectionClosed {}
2026-05-04 10:50:16,547 [INFO] disconnecting
2026-05-04 10:50:16,548 [INFO] ANSWER connectionClosed {}
2026-05-04 10:50:30,273 [INFO] sent startApi
2026-05-04 10:50:30,273 [INFO] REQUEST startApi {}
2026-05-04 10:50:30,273 [INFO] SENDING startApi b'\x00\x00\x00\t71\x002\x0030\x00\x00'
2026-05-04 10:50:30,273 [INFO] ANSWER connectAck {}
2026-05-04 10:50:30,278 [INFO] ANSWER managedAccounts {'accountsList': 'DUP838882'}
2026-05-04 10:50:31,287 [INFO] REQUEST placeOrder {'orderId': 21, 'contract': 4468588896: 0,BTC,CRYPTO,,0.0,,,PAXOS,,USD,,,False,,combo:, 'order': 4468589568: 0,0,0: LMT BUY 1@77624.410000 }
2026-05-04 10:50:31,288 [INFO] SENDING placeOrder b'\x00\x00\x01?3\x0021\x000\x00BTC\x00CRYPTO\x00\x000.0\x00\x00\x00PAXOS\x00\x00USD\x00\x00\x00\x00\x00BUY\x001\x00LMT\x0077624.41\x00\x00\x00\x00\x00\x000\x00\x001\x000\x000\x000\x000\x000\x000\x000\x00\x000\x00\x00\x00\x00\x00\x00\x00\x000\x00\x00-1\x000\x00\x00\x000\x00\x00\x000\x000\x00\x000\x00\x00\x00\x00\x00\x000\x00\x00\x00\x00\x000\x00\x00\x00\x00\x00\x00\x00\x00\x00\x00\x000\x00\x00\x000\x000\x00\x00\x000\x00\x000\x000\x000\x000\x00\x001.7976931348623157e+308\x001.7976931348623157e+308\x001.7976931348623157e+308\x001.7976931348623157e+308\x001.7976931348623157e+308\x000\x00\x00\x00\x001.7976931348623157e+308\x00\x00\x00\x00\x000\x000\x000\x00\x00'
2026-05-04 10:50:34,327 [INFO] disconnecting
2026-05-04 10:50:34,328 [INFO] ANSWER connectionClosed {}
2026-05-04 10:50:35,863 [INFO] sent startApi
2026-05-04 10:50:35,867 [INFO] REQUEST startApi {}
2026-05-04 10:50:35,868 [INFO] SENDING startApi b'\x00\x00\x00\t71\x002\x0030\x00\x00'
2026-05-04 10:50:35,868 [INFO] ANSWER connectAck {}
2026-05-04 10:50:35,870 [INFO] ANSWER managedAccounts {'accountsList': 'DUP838882'}
2026-05-04 10:50:36,877 [INFO] REQUEST placeOrder {'orderId': 21, 'contract': 4468937344: 0,COPEC,STK,,0.0,,,SMART,,USD,,,False,,combo:, 'order': 4479631664: 0,0,0: LMT BUY 1@6350.980000 }
2026-05-04 10:50:36,877 [INFO] SENDING placeOrder b'\x00\x00\x01=3\x0021\x000\x00COPEC\x00STK\x00\x000.0\x00\x00\x00SMART\x00\x00USD\x00\x00\x00\x00\x00BUY\x001\x00LMT\x006350.98\x00\x00\x00\x00\x00\x000\x00\x001\x000\x000\x000\x000\x000\x000\x000\x00\x000\x00\x00\x00\x00\x00\x00\x00\x000\x00\x00-1\x000\x00\x00\x000\x00\x00\x000\x000\x00\x000\x00\x00\x00\x00\x00\x000\x00\x00\x00\x00\x000\x00\x00\x00\x00\x00\x00\x00\x00\x00\x00\x000\x00\x00\x000\x000\x00\x00\x000\x00\x000\x000\x000\x000\x00\x001.7976931348623157e+308\x001.7976931348623157e+308\x001.7976931348623157e+308\x001.7976931348623157e+308\x001.7976931348623157e+308\x000\x00\x00\x00\x001.7976931348623157e+308\x00\x00\x00\x00\x000\x000\x000\x00\x00'
2026-05-04 10:50:39,932 [INFO] disconnecting
2026-05-04 10:50:39,933 [INFO] ANSWER connectionClosed {}
2026-05-04 10:50:41,189 [INFO] CIERRE: BTC | TRAILING STOP | PnL -3.08%
2026-05-04 10:50:41,198 [INFO] CIERRE: COPEC | TAKE PROFIT | PnL -0.26%
2026-05-04 10:50:50,685 [INFO] APERTURA: VENDER BTC | Conv 95.0% | Riesgo 4/10
2026-05-04 10:50:50,707 [INFO] sent startApi
2026-05-04 10:50:50,708 [INFO] REQUEST startApi {}
2026-05-04 10:50:50,708 [INFO] SENDING startApi b'\x00\x00\x00\t71\x002\x0010\x00\x00'
2026-05-04 10:50:50,708 [INFO] ANSWER connectAck {}
2026-05-04 10:50:50,710 [INFO] ANSWER managedAccounts {'accountsList': 'DUP838882'}
2026-05-04 10:50:51,763 [INFO] REQUEST placeOrder {'orderId': 14, 'contract': 4468937296: 0,BTC,CRYPTO,,0.0,,,PAXOS,,USD,,,False,,combo:, 'order': 4468938016: 0,0,0: MKT SELL 1@179769313486231570814527423731704356798070567525844996598917476803157260780028538760589558632766878171540458953514382464234321326889464182768467546703537516986049910576551282076245490090389328944075868508455133942304583236903222948165808559332123348274797826204144723168738177180919299881250404026184124858368.000000 }
2026-05-04 10:50:51,764 [INFO] SENDING placeOrder b'\x00\x00\x0183\x0014\x000\x00BTC\x00CRYPTO\x00\x000.0\x00\x00\x00PAXOS\x00\x00USD\x00\x00\x00\x00\x00SELL\x001\x00MKT\x00\x00\x00\x00\x00\x00\x000\x00\x000\x000\x000\x000\x000\x000\x000\x000\x00\x000\x00\x00\x00\x00\x00\x00\x00\x000\x00\x00-1\x000\x00\x00\x000\x00\x00\x000\x000\x00\x000\x00\x00\x00\x00\x00\x000\x00\x00\x00\x00\x000\x00\x00\x00\x00\x00\x00\x00\x00\x00\x00\x000\x00\x00\x000\x000\x00\x00\x000\x00\x000\x000\x000\x000\x00\x001.7976931348623157e+308\x001.7976931348623157e+308\x001.7976931348623157e+308\x001.7976931348623157e+308\x001.7976931348623157e+308\x000\x00\x00\x00\x001.7976931348623157e+308\x00\x00\x00\x00\x000\x000\x000\x00\x00'
2026-05-04 10:50:52,032 [INFO] REQUEST placeOrder {'orderId': 15, 'contract': 4468937296: 0,BTC,CRYPTO,,0.0,,,PAXOS,,USD,,,False,,combo:, 'order': 4468937968: 0,0,0: STP BUY 1@179769313486231570814527423731704356798070567525844996598917476803157260780028538760589558632766878171540458953514382464234321326889464182768467546703537516986049910576551282076245490090389328944075868508455133942304583236903222948165808559332123348274797826204144723168738177180919299881250404026184124858368.000000 }
2026-05-04 10:50:52,033 [INFO] SENDING placeOrder b'\x00\x00\x01@3\x0015\x000\x00BTC\x00CRYPTO\x00\x000.0\x00\x00\x00PAXOS\x00\x00USD\x00\x00\x00\x00\x00BUY\x001\x00STP\x00\x0081332.14\x00\x00\x00\x00\x000\x00\x000\x0014\x000\x000\x000\x000\x000\x000\x00\x000\x00\x00\x00\x00\x00\x00\x00\x000\x00\x00-1\x000\x00\x00\x000\x00\x00\x000\x000\x00\x000\x00\x00\x00\x00\x00\x000\x00\x00\x00\x00\x000\x00\x00\x00\x00\x00\x00\x00\x00\x00\x00\x000\x00\x00\x000\x000\x00\x00\x000\x00\x000\x000\x000\x000\x00\x001.7976931348623157e+308\x001.7976931348623157e+308\x001.7976931348623157e+308\x001.7976931348623157e+308\x001.7976931348623157e+308\x000\x00\x00\x00\x001.7976931348623157e+308\x00\x00\x00\x00\x000\x000\x000\x00\x00'
2026-05-04 10:50:52,304 [INFO] REQUEST placeOrder {'orderId': 16, 'contract': 4468937296: 0,BTC,CRYPTO,,0.0,,,PAXOS,,USD,,,False,,combo:, 'order': 4468936768: 0,0,0: LMT BUY 1@80800.000000 }
2026-05-04 10:50:52,305 [INFO] SENDING placeOrder b'\x00\x00\x01?3\x0016\x000\x00BTC\x00CRYPTO\x00\x000.0\x00\x00\x00PAXOS\x00\x00USD\x00\x00\x00\x00\x00BUY\x001\x00LMT\x0080800.0\x00\x00\x00\x00\x00\x000\x00\x001\x0014\x000\x000\x000\x000\x000\x000\x00\x000\x00\x00\x00\x00\x00\x00\x00\x000\x00\x00-1\x000\x00\x00\x000\x00\x00\x000\x000\x00\x000\x00\x00\x00\x00\x00\x000\x00\x00\x00\x00\x000\x00\x00\x00\x00\x00\x00\x00\x00\x00\x00\x000\x00\x00\x000\x000\x00\x00\x000\x00\x000\x000\x000\x000\x00\x001.7976931348623157e+308\x001.7976931348623157e+308\x001.7976931348623157e+308\x001.7976931348623157e+308\x001.7976931348623157e+308\x000\x00\x00\x00\x001.7976931348623157e+308\x00\x00\x00\x00\x000\x000\x000\x00\x00'
2026-05-04 10:50:54,161 [INFO] disconnecting
2026-05-04 10:50:54,161 [INFO] ANSWER connectionClosed {}
2026-05-04 10:50:54,179 [INFO] APERTURA: VENDER COPEC | Conv 75.9% | Riesgo 2/10
2026-05-04 10:50:54,190 [INFO] sent startApi
2026-05-04 10:50:54,191 [INFO] REQUEST startApi {}
2026-05-04 10:50:54,191 [INFO] SENDING startApi b'\x00\x00\x00\t71\x002\x0010\x00\x00'
2026-05-04 10:50:54,191 [INFO] ANSWER connectAck {}
2026-05-04 10:50:54,192 [INFO] ANSWER managedAccounts {'accountsList': 'DUP838882'}
2026-05-04 10:50:55,218 [INFO] REQUEST placeOrder {'orderId': 15, 'contract': 4471492080: 0,COPEC,STK,,0.0,,,SN,,CLP,,,False,,combo:, 'order': 4471490640: 0,0,0: MKT SELL 1@179769313486231570814527423731704356798070567525844996598917476803157260780028538760589558632766878171540458953514382464234321326889464182768467546703537516986049910576551282076245490090389328944075868508455133942304583236903222948165808559332123348274797826204144723168738177180919299881250404026184124858368.000000 }
2026-05-04 10:50:55,218 [INFO] SENDING placeOrder b'\x00\x00\x0143\x0015\x000\x00COPEC\x00STK\x00\x000.0\x00\x00\x00SN\x00\x00CLP\x00\x00\x00\x00\x00SELL\x001\x00MKT\x00\x00\x00\x00\x00\x00\x000\x00\x000\x000\x000\x000\x000\x000\x000\x000\x00\x000\x00\x00\x00\x00\x00\x00\x00\x000\x00\x00-1\x000\x00\x00\x000\x00\x00\x000\x000\x00\x000\x00\x00\x00\x00\x00\x000\x00\x00\x00\x00\x000\x00\x00\x00\x00\x00\x00\x00\x00\x00\x00\x000\x00\x00\x000\x000\x00\x00\x000\x00\x000\x000\x000\x000\x00\x001.7976931348623157e+308\x001.7976931348623157e+308\x001.7976931348623157e+308\x001.7976931348623157e+308\x001.7976931348623157e+308\x000\x00\x00\x00\x001.7976931348623157e+308\x00\x00\x00\x00\x000\x000\x000\x00\x00'
2026-05-04 10:50:55,446 [INFO] REQUEST placeOrder {'orderId': 16, 'contract': 4471492080: 0,COPEC,STK,,0.0,,,SN,,CLP,,,False,,combo:, 'order': 4478429792: 0,0,0: STP BUY 1@179769313486231570814527423731704356798070567525844996598917476803157260780028538760589558632766878171540458953514382464234321326889464182768467546703537516986049910576551282076245490090389328944075868508455133942304583236903222948165808559332123348274797826204144723168738177180919299881250404026184124858368.000000 }
2026-05-04 10:50:55,446 [INFO] SENDING placeOrder b'\x00\x00\x01;3\x0016\x000\x00COPEC\x00STK\x00\x000.0\x00\x00\x00SN\x00\x00CLP\x00\x00\x00\x00\x00BUY\x001\x00STP\x00\x006407.04\x00\x00\x00\x00\x000\x00\x000\x0015\x000\x000\x000\x000\x000\x000\x00\x000\x00\x00\x00\x00\x00\x00\x00\x000\x00\x00-1\x000\x00\x00\x000\x00\x00\x000\x000\x00\x000\x00\x00\x00\x00\x00\x000\x00\x00\x00\x00\x000\x00\x00\x00\x00\x00\x00\x00\x00\x00\x00\x000\x00\x00\x000\x000\x00\x00\x000\x00\x000\x000\x000\x000\x00\x001.7976931348623157e+308\x001.7976931348623157e+308\x001.7976931348623157e+308\x001.7976931348623157e+308\x001.7976931348623157e+308\x000\x00\x00\x00\x001.7976931348623157e+308\x00\x00\x00\x00\x000\x000\x000\x00\x00'
2026-05-04 10:50:55,704 [INFO] REQUEST placeOrder {'orderId': 17, 'contract': 4471492080: 0,COPEC,STK,,0.0,,,SN,,CLP,,,False,,combo:, 'order': 4478430896: 0,0,0: LMT BUY 1@6350.980000 }
2026-05-04 10:50:55,704 [INFO] SENDING placeOrder b'\x00\x00\x01;3\x0017\x000\x00COPEC\x00STK\x00\x000.0\x00\x00\x00SN\x00\x00CLP\x00\x00\x00\x00\x00BUY\x001\x00LMT\x006350.98\x00\x00\x00\x00\x00\x000\x00\x001\x0015\x000\x000\x000\x000\x000\x000\x00\x000\x00\x00\x00\x00\x00\x00\x00\x000\x00\x00-1\x000\x00\x00\x000\x00\x00\x000\x000\x00\x000\x00\x00\x00\x00\x00\x000\x00\x00\x00\x00\x000\x00\x00\x00\x00\x00\x00\x00\x00\x00\x00\x000\x00\x00\x000\x000\x00\x00\x000\x00\x000\x000\x000\x000\x00\x001.7976931348623157e+308\x001.7976931348623157e+308\x001.7976931348623157e+308\x001.7976931348623157e+308\x001.7976931348623157e+308\x000\x00\x00\x00\x001.7976931348623157e+308\x00\x00\x00\x00\x000\x000\x000\x00\x00'
2026-05-04 10:50:57,586 [INFO] disconnecting
2026-05-04 10:50:57,587 [INFO] ANSWER connectionClosed {}
2026-05-04 10:50:57,597 [INFO] Ciclo completado: 2 aperturas, 2 cierres
2026-05-04 10:50:57,598 [INFO] Ciclo completado: 2 aperturas, 2 cierres, 0 rechazadas
2026-05-04 10:55:00,357 [INFO] === CICLO AUTOMÁTICO INICIADO ===
2026-05-04 10:55:03,660 [INFO] sent startApi
2026-05-04 10:55:03,660 [INFO] REQUEST startApi {}
2026-05-04 10:55:03,660 [INFO] SENDING startApi b'\x00\x00\x00\t71\x002\x0050\x00\x00'
2026-05-04 10:55:03,661 [INFO] ANSWER connectAck {}
2026-05-04 10:55:03,663 [INFO] ANSWER managedAccounts {'accountsList': 'DUP838882'}
2026-05-04 10:55:04,187 [INFO] REQUEST reqMktData {'reqId': 1, 'contract': 4471429488: 0,SQM,STK,,0.0,,,NYSE,,USD,,,False,,combo:, 'genericTickList': '100,101,106,233', 'snapshot': False, 'regulatorySnapshot': False, 'mktDataOptions': []}
2026-05-04 10:55:04,234 [INFO] SENDING reqMktData b'\x00\x00\x00;1\x0011\x001\x000\x00SQM\x00STK\x00\x000.0\x00\x00\x00NYSE\x00\x00USD\x00\x00\x000\x00100,101,106,233\x000\x000\x00\x00'
2026-05-04 10:55:04,597 [INFO] REQUEST reqMktData {'reqId': 2, 'contract': 4471282368: 0,ECH,STK,,0.0,,,NYSE,,USD,,,False,,combo:, 'genericTickList': '100,101,106,233', 'snapshot': False, 'regulatorySnapshot': False, 'mktDataOptions': []}
2026-05-04 10:55:04,598 [INFO] SENDING reqMktData b'\x00\x00\x00;1\x0011\x002\x000\x00ECH\x00STK\x00\x000.0\x00\x00\x00NYSE\x00\x00USD\x00\x00\x000\x00100,101,106,233\x000\x000\x00\x00'
2026-05-04 10:55:04,938 [INFO] REQUEST reqMktData {'reqId': 3, 'contract': 4469289456: 0,GLD,STK,,0.0,,,NYSE,,USD,,,False,,combo:, 'genericTickList': '100,101,106,233', 'snapshot': False, 'regulatorySnapshot': False, 'mktDataOptions': []}
2026-05-04 10:55:04,939 [INFO] SENDING reqMktData b'\x00\x00\x00;1\x0011\x003\x000\x00GLD\x00STK\x00\x000.0\x00\x00\x00NYSE\x00\x00USD\x00\x00\x000\x00100,101,106,233\x000\x000\x00\x00'
2026-05-04 10:55:05,251 [INFO] REQUEST reqMktData {'reqId': 4, 'contract': 4468854112: 0,SPY,STK,,0.0,,,NYSE,,USD,,,False,,combo:, 'genericTickList': '100,101,106,233', 'snapshot': False, 'regulatorySnapshot': False, 'mktDataOptions': []}
2026-05-04 10:55:05,385 [INFO] SENDING reqMktData b'\x00\x00\x00;1\x0011\x004\x000\x00SPY\x00STK\x00\x000.0\x00\x00\x00NYSE\x00\x00USD\x00\x00\x000\x00100,101,106,233\x000\x000\x00\x00'
2026-05-04 10:55:06,926 [INFO] REQUEST reqMktData {'reqId': 5, 'contract': 4468587872: 0,GC,FUT,202606,0.0,,,COMEX,,USD,,,False,,combo:, 'genericTickList': '100,101,106,233', 'snapshot': False, 'regulatorySnapshot': False, 'mktDataOptions': []}
2026-05-04 10:55:06,959 [INFO] SENDING reqMktData b'\x00\x00\x00A1\x0011\x005\x000\x00GC\x00FUT\x00202606\x000.0\x00\x00\x00COMEX\x00\x00USD\x00\x00\x000\x00100,101,106,233\x000\x000\x00\x00'
2026-05-04 10:55:07,335 [INFO] REQUEST reqMktData {'reqId': 6, 'contract': 4468584656: 0,HG,FUT,202606,0.0,,,COMEX,,USD,,,False,,combo:, 'genericTickList': '100,101,106,233', 'snapshot': False, 'regulatorySnapshot': False, 'mktDataOptions': []}
2026-05-04 10:55:07,337 [INFO] SENDING reqMktData b'\x00\x00\x00A1\x0011\x006\x000\x00HG\x00FUT\x00202606\x000.0\x00\x00\x00COMEX\x00\x00USD\x00\x00\x000\x00100,101,106,233\x000\x000\x00\x00'
2026-05-04 10:55:07,691 [INFO] sent startApi
2026-05-04 10:55:07,691 [INFO] REQUEST startApi {}
2026-05-04 10:55:07,691 [INFO] SENDING startApi b'\x00\x00\x00\t71\x002\x0070\x00\x00'
2026-05-04 10:55:07,691 [INFO] ANSWER connectAck {}
2026-05-04 10:55:07,695 [INFO] ANSWER managedAccounts {'accountsList': 'DUP838882'}
2026-05-04 10:55:08,273 [INFO] REQUEST reqMktDepth {'reqId': 100, 'contract': 4469539504: 0,SQM,STK,,0.0,,,SN,,CLP,,,False,,combo:, 'numRows': 5, 'isSmartDepth': False, 'mktDepthOptions': []}
2026-05-04 10:55:08,296 [INFO] SENDING reqMktDepth b'\x00\x00\x00)10\x005\x00100\x000\x00SQM\x00STK\x00\x000.0\x00\x00\x00SN\x00\x00CLP\x00\x00\x005\x000\x00\x00'
2026-05-04 10:55:08,538 [INFO] REQUEST reqMktDepth {'reqId': 101, 'contract': 4477865792: 0,COPEC,STK,,0.0,,,SN,,CLP,,,False,,combo:, 'numRows': 5, 'isSmartDepth': False, 'mktDepthOptions': []}
2026-05-04 10:55:08,541 [INFO] SENDING reqMktDepth b'\x00\x00\x00+10\x005\x00101\x000\x00COPEC\x00STK\x00\x000.0\x00\x00\x00SN\x00\x00CLP\x00\x00\x005\x000\x00\x00'
2026-05-04 10:55:08,748 [INFO] REQUEST reqMktDepth {'reqId': 102, 'contract': 4470137472: 0,BCI,STK,,0.0,,,SN,,CLP,,,False,,combo:, 'numRows': 5, 'isSmartDepth': False, 'mktDepthOptions': []}
2026-05-04 10:55:08,748 [INFO] SENDING reqMktDepth b'\x00\x00\x00)10\x005\x00102\x000\x00BCI\x00STK\x00\x000.0\x00\x00\x00SN\x00\x00CLP\x00\x00\x005\x000\x00\x00'
2026-05-04 10:55:08,996 [INFO] REQUEST reqMktDepth {'reqId': 103, 'contract': 4478171120: 0,BSAC,STK,,0.0,,,SMART,,USD,,,False,,combo:, 'numRows': 5, 'isSmartDepth': False, 'mktDepthOptions': []}
2026-05-04 10:55:09,006 [INFO] SENDING reqMktDepth b'\x00\x00\x00-10\x005\x00103\x000\x00BSAC\x00STK\x00\x000.0\x00\x00\x00SMART\x00\x00USD\x00\x00\x005\x000\x00\x00'
2026-05-04 10:55:09,307 [INFO] REQUEST reqMktDepth {'reqId': 104, 'contract': 4477865936: 0,BCH,STK,,0.0,,,SMART,,USD,,,False,,combo:, 'numRows': 5, 'isSmartDepth': False, 'mktDepthOptions': []}
2026-05-04 10:55:09,321 [INFO] SENDING reqMktDepth b'\x00\x00\x00,10\x005\x00104\x000\x00BCH\x00STK\x00\x000.0\x00\x00\x00SMART\x00\x00USD\x00\x00\x005\x000\x00\x00'
2026-05-04 10:55:09,518 [INFO] REQUEST reqMktDepth {'reqId': 105, 'contract': 4478235888: 0,FALABELLA,STK,,0.0,,,SN,,CLP,,,False,,combo:, 'numRows': 5, 'isSmartDepth': False, 'mktDepthOptions': []}
2026-05-04 10:55:09,557 [INFO] SENDING reqMktDepth b'\x00\x00\x00/10\x005\x00105\x000\x00FALABELLA\x00STK\x00\x000.0\x00\x00\x00SN\x00\x00CLP\x00\x00\x005\x000\x00\x00'
2026-05-04 10:55:09,862 [INFO] REQUEST reqMktDepth {'reqId': 106, 'contract': 4479606736: 0,CENCOSUD,STK,,0.0,,,SN,,CLP,,,False,,combo:, 'numRows': 5, 'isSmartDepth': False, 'mktDepthOptions': []}
2026-05-04 10:55:09,863 [INFO] SENDING reqMktDepth b'\x00\x00\x00.10\x005\x00106\x000\x00CENCOSUD\x00STK\x00\x000.0\x00\x00\x00SN\x00\x00CLP\x00\x00\x005\x000\x00\x00'
2026-05-04 10:55:09,952 [ERROR] $CFR.SN: possibly delisted; no price data found  (period=3mo)
2026-05-04 10:55:10,134 [INFO] REQUEST reqMktDepth {'reqId': 107, 'contract': 4478301520: 0,CMPC,STK,,0.0,,,SN,,CLP,,,False,,combo:, 'numRows': 5, 'isSmartDepth': False, 'mktDepthOptions': []}
2026-05-04 10:55:10,144 [INFO] SENDING reqMktDepth b'\x00\x00\x00*10\x005\x00107\x000\x00CMPC\x00STK\x00\x000.0\x00\x00\x00SN\x00\x00CLP\x00\x00\x005\x000\x00\x00'
2026-05-04 10:55:10,249 [ERROR] $ENDESA.SN: possibly delisted; no price data found  (period=3mo)
2026-05-04 10:55:10,272 [INFO] REQUEST reqMktDepth {'reqId': 108, 'contract': 4471564464: 0,COLBUN,STK,,0.0,,,SN,,CLP,,,False,,combo:, 'numRows': 5, 'isSmartDepth': False, 'mktDepthOptions': []}
2026-05-04 10:55:10,273 [INFO] SENDING reqMktDepth b'\x00\x00\x00,10\x005\x00108\x000\x00COLBUN\x00STK\x00\x000.0\x00\x00\x00SN\x00\x00CLP\x00\x00\x005\x000\x00\x00'
2026-05-04 10:55:10,512 [INFO] REQUEST reqMktDepth {'reqId': 109, 'contract': 4469539360: 0,ENELCHILE,STK,,0.0,,,SN,,CLP,,,False,,combo:, 'numRows': 5, 'isSmartDepth': False, 'mktDepthOptions': []}
2026-05-04 10:55:10,516 [INFO] SENDING reqMktDepth b'\x00\x00\x00/10\x005\x00109\x000\x00ENELCHILE\x00STK\x00\x000.0\x00\x00\x00SN\x00\x00CLP\x00\x00\x005\x000\x00\x00'
2026-05-04 10:55:10,774 [INFO] REQUEST reqMktDepth {'reqId': 110, 'contract': 4472797216: 0,ENELAM,STK,,0.0,,,SN,,CLP,,,False,,combo:, 'numRows': 5, 'isSmartDepth': False, 'mktDepthOptions': []}
2026-05-04 10:55:10,775 [INFO] SENDING reqMktDepth b'\x00\x00\x00,10\x005\x00110\x000\x00ENELAM\x00STK\x00\x000.0\x00\x00\x00SN\x00\x00CLP\x00\x00\x005\x000\x00\x00'
2026-05-04 10:55:11,007 [INFO] REQUEST reqMktDepth {'reqId': 111, 'contract': 4478235024: 0,ENTEL,STK,,0.0,,,SN,,CLP,,,False,,combo:, 'numRows': 5, 'isSmartDepth': False, 'mktDepthOptions': []}
2026-05-04 10:55:11,007 [INFO] SENDING reqMktDepth b'\x00\x00\x00+10\x005\x00111\x000\x00ENTEL\x00STK\x00\x000.0\x00\x00\x00SN\x00\x00CLP\x00\x00\x005\x000\x00\x00'
2026-05-04 10:55:11,153 [INFO] REQUEST reqMktDepth {'reqId': 112, 'contract': 4478203216: 0,LTM,STK,,0.0,,,SMART,,USD,,,False,,combo:, 'numRows': 5, 'isSmartDepth': False, 'mktDepthOptions': []}
2026-05-04 10:55:11,153 [INFO] SENDING reqMktDepth b'\x00\x00\x00,10\x005\x00112\x000\x00LTM\x00STK\x00\x000.0\x00\x00\x00SMART\x00\x00USD\x00\x00\x005\x000\x00\x00'
2026-05-04 10:55:11,339 [INFO] REQUEST reqMktDepth {'reqId': 113, 'contract': 4479583904: 0,CAP,STK,,0.0,,,SN,,CLP,,,False,,combo:, 'numRows': 5, 'isSmartDepth': False, 'mktDepthOptions': []}
2026-05-04 10:55:11,339 [INFO] SENDING reqMktDepth b'\x00\x00\x00)10\x005\x00113\x000\x00CAP\x00STK\x00\x000.0\x00\x00\x00SN\x00\x00CLP\x00\x00\x005\x000\x00\x00'
2026-05-04 10:55:11,531 [INFO] REQUEST reqMktDepth {'reqId': 114, 'contract': 4472899472: 0,CCU,STK,,0.0,,,SN,,CLP,,,False,,combo:, 'numRows': 5, 'isSmartDepth': False, 'mktDepthOptions': []}
2026-05-04 10:55:11,533 [INFO] SENDING reqMktDepth b'\x00\x00\x00)10\x005\x00114\x000\x00CCU\x00STK\x00\x000.0\x00\x00\x00SN\x00\x00CLP\x00\x00\x005\x000\x00\x00'
2026-05-04 10:55:13,014 [ERROR] $BANMEDICA.SN: possibly delisted; no price data found  (period=3mo) (Yahoo error = "No data found, symbol may be delisted")
2026-05-04 10:55:15,678 [INFO] disconnecting
2026-05-04 10:55:15,690 [INFO] disconnecting
2026-05-04 10:55:15,715 [INFO] ANSWER connectionClosed {}
2026-05-04 10:55:15,716 [INFO] ANSWER connectionClosed {}
2026-05-04 10:55:19,920 [INFO] disconnecting
2026-05-04 10:55:19,921 [INFO] ANSWER connectionClosed {}
2026-05-04 10:55:42,748 [INFO] sent startApi
2026-05-04 10:55:42,750 [INFO] REQUEST startApi {}
2026-05-04 10:55:42,750 [INFO] SENDING startApi b'\x00\x00\x00\t71\x002\x0030\x00\x00'
2026-05-04 10:55:42,751 [INFO] ANSWER connectAck {}
2026-05-04 10:55:42,756 [INFO] ANSWER managedAccounts {'accountsList': 'DUP838882'}
2026-05-04 10:55:43,830 [INFO] REQUEST placeOrder {'orderId': 22, 'contract': 4468492992: 0,BTC,CRYPTO,,0.0,,,PAXOS,,USD,,,False,,combo:, 'order': 4468492416: 0,0,0: LMT BUY 1@80800.000000 }
2026-05-04 10:55:43,831 [INFO] SENDING placeOrder b'\x00\x00\x01>3\x0022\x000\x00BTC\x00CRYPTO\x00\x000.0\x00\x00\x00PAXOS\x00\x00USD\x00\x00\x00\x00\x00BUY\x001\x00LMT\x0080800.0\x00\x00\x00\x00\x00\x000\x00\x001\x000\x000\x000\x000\x000\x000\x000\x00\x000\x00\x00\x00\x00\x00\x00\x00\x000\x00\x00-1\x000\x00\x00\x000\x00\x00\x000\x000\x00\x000\x00\x00\x00\x00\x00\x000\x00\x00\x00\x00\x000\x00\x00\x00\x00\x00\x00\x00\x00\x00\x00\x000\x00\x00\x000\x000\x00\x00\x000\x00\x000\x000\x000\x000\x00\x001.7976931348623157e+308\x001.7976931348623157e+308\x001.7976931348623157e+308\x001.7976931348623157e+308\x001.7976931348623157e+308\x000\x00\x00\x00\x001.7976931348623157e+308\x00\x00\x00\x00\x000\x000\x000\x00\x00'
2026-05-04 10:55:46,864 [INFO] disconnecting
2026-05-04 10:55:46,866 [INFO] ANSWER connectionClosed {}
2026-05-04 10:55:49,030 [INFO] sent startApi
2026-05-04 10:55:49,031 [INFO] REQUEST startApi {}
2026-05-04 10:55:49,031 [INFO] SENDING startApi b'\x00\x00\x00\t71\x002\x0030\x00\x00'
2026-05-04 10:55:49,031 [INFO] ANSWER connectAck {}
2026-05-04 10:55:49,041 [INFO] ANSWER managedAccounts {'accountsList': 'DUP838882'}
2026-05-04 10:55:50,094 [INFO] REQUEST placeOrder {'orderId': 22, 'contract': 4472112464: 0,BTC,CRYPTO,,0.0,,,PAXOS,,USD,,,False,,combo:, 'order': 4472112656: 0,0,0: LMT BUY 1@80800.000000 }
2026-05-04 10:55:50,095 [INFO] SENDING placeOrder b'\x00\x00\x01>3\x0022\x000\x00BTC\x00CRYPTO\x00\x000.0\x00\x00\x00PAXOS\x00\x00USD\x00\x00\x00\x00\x00BUY\x001\x00LMT\x0080800.0\x00\x00\x00\x00\x00\x000\x00\x001\x000\x000\x000\x000\x000\x000\x000\x00\x000\x00\x00\x00\x00\x00\x00\x00\x000\x00\x00-1\x000\x00\x00\x000\x00\x00\x000\x000\x00\x000\x00\x00\x00\x00\x00\x000\x00\x00\x00\x00\x000\x00\x00\x00\x00\x00\x00\x00\x00\x00\x00\x000\x00\x00\x000\x000\x00\x00\x000\x00\x000\x000\x000\x000\x00\x001.7976931348623157e+308\x001.7976931348623157e+308\x001.7976931348623157e+308\x001.7976931348623157e+308\x001.7976931348623157e+308\x000\x00\x00\x00\x001.7976931348623157e+308\x00\x00\x00\x00\x000\x000\x000\x00\x00'
2026-05-04 10:55:53,149 [INFO] disconnecting
2026-05-04 10:55:53,176 [INFO] ANSWER connectionClosed {}
2026-05-04 10:55:55,524 [INFO] sent startApi
2026-05-04 10:55:55,535 [INFO] REQUEST startApi {}
2026-05-04 10:55:55,535 [INFO] SENDING startApi b'\x00\x00\x00\t71\x002\x0030\x00\x00'
2026-05-04 10:55:55,535 [INFO] ANSWER connectAck {}
2026-05-04 10:55:55,537 [INFO] ANSWER managedAccounts {'accountsList': 'DUP838882'}
2026-05-04 10:55:56,557 [INFO] REQUEST placeOrder {'orderId': 22, 'contract': 4472112224: 0,COPEC,STK,,0.0,,,SMART,,USD,,,False,,combo:, 'order': 4472113280: 0,0,0: LMT BUY 1@6350.980000 }
2026-05-04 10:55:56,558 [INFO] SENDING placeOrder b'\x00\x00\x01=3\x0022\x000\x00COPEC\x00STK\x00\x000.0\x00\x00\x00SMART\x00\x00USD\x00\x00\x00\x00\x00BUY\x001\x00LMT\x006350.98\x00\x00\x00\x00\x00\x000\x00\x001\x000\x000\x000\x000\x000\x000\x000\x00\x000\x00\x00\x00\x00\x00\x00\x00\x000\x00\x00-1\x000\x00\x00\x000\x00\x00\x000\x000\x00\x000\x00\x00\x00\x00\x00\x000\x00\x00\x00\x00\x000\x00\x00\x00\x00\x00\x00\x00\x00\x00\x00\x000\x00\x00\x000\x000\x00\x00\x000\x00\x000\x000\x000\x000\x00\x001.7976931348623157e+308\x001.7976931348623157e+308\x001.7976931348623157e+308\x001.7976931348623157e+308\x001.7976931348623157e+308\x000\x00\x00\x00\x001.7976931348623157e+308\x00\x00\x00\x00\x000\x000\x000\x00\x00'
2026-05-04 10:55:59,604 [INFO] disconnecting
2026-05-04 10:55:59,606 [INFO] ANSWER connectionClosed {}
2026-05-04 10:56:00,782 [INFO] CIERRE: BTC | TRAILING STOP | PnL -3.49%
2026-05-04 10:56:00,791 [INFO] CIERRE: BTC | TAKE PROFIT | PnL -0.39%
2026-05-04 10:56:00,800 [INFO] CIERRE: COPEC | TAKE PROFIT | PnL +0.00%
2026-05-04 10:56:09,060 [INFO] APERTURA: VENDER BTC | Conv 95.0% | Riesgo 4/10
2026-05-04 10:56:09,109 [INFO] sent startApi
2026-05-04 10:56:09,109 [INFO] REQUEST startApi {}
2026-05-04 10:56:09,109 [INFO] SENDING startApi b'\x00\x00\x00\t71\x002\x0010\x00\x00'
2026-05-04 10:56:09,109 [INFO] ANSWER connectAck {}
2026-05-04 10:56:09,112 [INFO] ANSWER managedAccounts {'accountsList': 'DUP838882'}
2026-05-04 10:56:10,171 [INFO] REQUEST placeOrder {'orderId': 15, 'contract': 4470856720: 0,BTC,CRYPTO,,0.0,,,PAXOS,,USD,,,False,,combo:, 'order': 4470856672: 0,0,0: MKT SELL 1@179769313486231570814527423731704356798070567525844996598917476803157260780028538760589558632766878171540458953514382464234321326889464182768467546703537516986049910576551282076245490090389328944075868508455133942304583236903222948165808559332123348274797826204144723168738177180919299881250404026184124858368.000000 }
2026-05-04 10:56:10,172 [INFO] SENDING placeOrder b'\x00\x00\x0183\x0015\x000\x00BTC\x00CRYPTO\x00\x000.0\x00\x00\x00PAXOS\x00\x00USD\x00\x00\x00\x00\x00SELL\x001\x00MKT\x00\x00\x00\x00\x00\x00\x000\x00\x000\x000\x000\x000\x000\x000\x000\x000\x00\x000\x00\x00\x00\x00\x00\x00\x00\x000\x00\x00-1\x000\x00\x00\x000\x00\x00\x000\x000\x00\x000\x00\x00\x00\x00\x00\x000\x00\x00\x00\x00\x000\x00\x00\x00\x00\x00\x00\x00\x00\x00\x00\x000\x00\x00\x000\x000\x00\x00\x000\x00\x000\x000\x000\x000\x00\x001.7976931348623157e+308\x001.7976931348623157e+308\x001.7976931348623157e+308\x001.7976931348623157e+308\x001.7976931348623157e+308\x000\x00\x00\x00\x001.7976931348623157e+308\x00\x00\x00\x00\x000\x000\x000\x00\x00'
2026-05-04 10:56:10,376 [INFO] REQUEST placeOrder {'orderId': 16, 'contract': 4470856720: 0,BTC,CRYPTO,,0.0,,,PAXOS,,USD,,,False,,combo:, 'order': 4470856912: 0,0,0: STP BUY 1@179769313486231570814527423731704356798070567525844996598917476803157260780028538760589558632766878171540458953514382464234321326889464182768467546703537516986049910576551282076245490090389328944075868508455133942304583236903222948165808559332123348274797826204144723168738177180919299881250404026184124858368.000000 }
2026-05-04 10:56:10,377 [INFO] SENDING placeOrder b'\x00\x00\x01?3\x0016\x000\x00BTC\x00CRYPTO\x00\x000.0\x00\x00\x00PAXOS\x00\x00USD\x00\x00\x00\x00\x00BUY\x001\x00STP\x00\x0085850.0\x00\x00\x00\x00\x000\x00\x000\x0015\x000\x000\x000\x000\x000\x000\x00\x000\x00\x00\x00\x00\x00\x00\x00\x000\x00\x00-1\x000\x00\x00\x000\x00\x00\x000\x000\x00\x000\x00\x00\x00\x00\x00\x000\x00\x00\x00\x00\x000\x00\x00\x00\x00\x00\x00\x00\x00\x00\x00\x000\x00\x00\x000\x000\x00\x00\x000\x00\x000\x000\x000\x000\x00\x001.7976931348623157e+308\x001.7976931348623157e+308\x001.7976931348623157e+308\x001.7976931348623157e+308\x001.7976931348623157e+308\x000\x00\x00\x00\x001.7976931348623157e+308\x00\x00\x00\x00\x000\x000\x000\x00\x00'
2026-05-04 10:56:10,598 [INFO] REQUEST placeOrder {'orderId': 17, 'contract': 4470856720: 0,BTC,CRYPTO,,0.0,,,PAXOS,,USD,,,False,,combo:, 'order': 4470856192: 0,0,0: LMT BUY 1@80800.000000 }
2026-05-04 10:56:10,598 [INFO] SENDING placeOrder b'\x00\x00\x01?3\x0017\x000\x00BTC\x00CRYPTO\x00\x000.0\x00\x00\x00PAXOS\x00\x00USD\x00\x00\x00\x00\x00BUY\x001\x00LMT\x0080800.0\x00\x00\x00\x00\x00\x000\x00\x001\x0015\x000\x000\x000\x000\x000\x000\x00\x000\x00\x00\x00\x00\x00\x00\x00\x000\x00\x00-1\x000\x00\x00\x000\x00\x00\x000\x000\x00\x000\x00\x00\x00\x00\x00\x000\x00\x00\x00\x00\x000\x00\x00\x00\x00\x00\x00\x00\x00\x00\x00\x000\x00\x00\x000\x000\x00\x00\x000\x00\x000\x000\x000\x000\x00\x001.7976931348623157e+308\x001.7976931348623157e+308\x001.7976931348623157e+308\x001.7976931348623157e+308\x001.7976931348623157e+308\x000\x00\x00\x00\x001.7976931348623157e+308\x00\x00\x00\x00\x000\x000\x000\x00\x00'
2026-05-04 10:56:12,407 [INFO] disconnecting
2026-05-04 10:56:12,417 [INFO] ANSWER connectionClosed {}
2026-05-04 10:56:12,446 [INFO] Ciclo completado: 1 aperturas, 3 cierres
2026-05-04 10:56:12,447 [INFO] Ciclo completado: 1 aperturas, 3 cierres, 1 rechazadas
2026-05-04 11:00:00,594 [INFO] === CICLO AUTOMÁTICO INICIADO ===
2026-05-04 11:00:06,151 [INFO] sent startApi
2026-05-04 11:00:06,164 [INFO] REQUEST startApi {}
2026-05-04 11:00:06,183 [INFO] SENDING startApi b'\x00\x00\x00\t71\x002\x0050\x00\x00'
2026-05-04 11:00:06,301 [INFO] ANSWER connectAck {}
2026-05-04 11:00:06,316 [INFO] ANSWER managedAccounts {'accountsList': 'DUP838882'}
2026-05-04 11:00:06,452 [INFO] sent startApi
2026-05-04 11:00:06,453 [INFO] REQUEST startApi {}
2026-05-04 11:00:06,453 [INFO] SENDING startApi b'\x00\x00\x00\t71\x002\x0070\x00\x00'
2026-05-04 11:00:06,453 [INFO] ANSWER connectAck {}
2026-05-04 11:00:06,455 [INFO] ANSWER managedAccounts {'accountsList': 'DUP838882'}
2026-05-04 11:00:06,900 [INFO] REQUEST reqMktData {'reqId': 1, 'contract': 4507971392: 0,SQM,STK,,0.0,,,NYSE,,USD,,,False,,combo:, 'genericTickList': '100,101,106,233', 'snapshot': False, 'regulatorySnapshot': False, 'mktDataOptions': []}
2026-05-04 11:00:06,901 [INFO] SENDING reqMktData b'\x00\x00\x00;1\x0011\x001\x000\x00SQM\x00STK\x00\x000.0\x00\x00\x00NYSE\x00\x00USD\x00\x00\x000\x00100,101,106,233\x000\x000\x00\x00'
2026-05-04 11:00:07,006 [INFO] REQUEST reqMktDepth {'reqId': 100, 'contract': 4497256944: 0,SQM,STK,,0.0,,,SN,,CLP,,,False,,combo:, 'numRows': 5, 'isSmartDepth': False, 'mktDepthOptions': []}
2026-05-04 11:00:07,006 [INFO] SENDING reqMktDepth b'\x00\x00\x00)10\x005\x00100\x000\x00SQM\x00STK\x00\x000.0\x00\x00\x00SN\x00\x00CLP\x00\x00\x005\x000\x00\x00'
2026-05-04 11:00:07,135 [INFO] REQUEST reqMktData {'reqId': 2, 'contract': 4494840784: 0,ECH,STK,,0.0,,,NYSE,,USD,,,False,,combo:, 'genericTickList': '100,101,106,233', 'snapshot': False, 'regulatorySnapshot': False, 'mktDataOptions': []}
2026-05-04 11:00:07,136 [INFO] SENDING reqMktData b'\x00\x00\x00;1\x0011\x002\x000\x00ECH\x00STK\x00\x000.0\x00\x00\x00NYSE\x00\x00USD\x00\x00\x000\x00100,101,106,233\x000\x000\x00\x00'
2026-05-04 11:00:07,179 [INFO] REQUEST reqMktDepth {'reqId': 101, 'contract': 4497463952: 0,COPEC,STK,,0.0,,,SN,,CLP,,,False,,combo:, 'numRows': 5, 'isSmartDepth': False, 'mktDepthOptions': []}
2026-05-04 11:00:07,179 [INFO] SENDING reqMktDepth b'\x00\x00\x00+10\x005\x00101\x000\x00COPEC\x00STK\x00\x000.0\x00\x00\x00SN\x00\x00CLP\x00\x00\x005\x000\x00\x00'
2026-05-04 11:00:07,337 [INFO] REQUEST reqMktDepth {'reqId': 102, 'contract': 4495769168: 0,BCI,STK,,0.0,,,SN,,CLP,,,False,,combo:, 'numRows': 5, 'isSmartDepth': False, 'mktDepthOptions': []}
2026-05-04 11:00:07,338 [INFO] SENDING reqMktDepth b'\x00\x00\x00)10\x005\x00102\x000\x00BCI\x00STK\x00\x000.0\x00\x00\x00SN\x00\x00CLP\x00\x00\x005\x000\x00\x00'
2026-05-04 11:00:07,402 [INFO] REQUEST reqMktData {'reqId': 3, 'contract': 4495768496: 0,GLD,STK,,0.0,,,NYSE,,USD,,,False,,combo:, 'genericTickList': '100,101,106,233', 'snapshot': False, 'regulatorySnapshot': False, 'mktDataOptions': []}
2026-05-04 11:00:07,404 [INFO] SENDING reqMktData b'\x00\x00\x00;1\x0011\x003\x000\x00GLD\x00STK\x00\x000.0\x00\x00\x00NYSE\x00\x00USD\x00\x00\x000\x00100,101,106,233\x000\x000\x00\x00'
2026-05-04 11:00:07,514 [INFO] REQUEST reqMktDepth {'reqId': 103, 'contract': 4495768784: 0,BSAC,STK,,0.0,,,SMART,,USD,,,False,,combo:, 'numRows': 5, 'isSmartDepth': False, 'mktDepthOptions': []}
2026-05-04 11:00:07,515 [INFO] SENDING reqMktDepth b'\x00\x00\x00-10\x005\x00103\x000\x00BSAC\x00STK\x00\x000.0\x00\x00\x00SMART\x00\x00USD\x00\x00\x005\x000\x00\x00'
2026-05-04 11:00:07,617 [INFO] REQUEST reqMktData {'reqId': 4, 'contract': 4507970576: 0,SPY,STK,,0.0,,,NYSE,,USD,,,False,,combo:, 'genericTickList': '100,101,106,233', 'snapshot': False, 'regulatorySnapshot': False, 'mktDataOptions': []}
2026-05-04 11:00:07,618 [INFO] SENDING reqMktData b'\x00\x00\x00;1\x0011\x004\x000\x00SPY\x00STK\x00\x000.0\x00\x00\x00NYSE\x00\x00USD\x00\x00\x000\x00100,101,106,233\x000\x000\x00\x00'
2026-05-04 11:00:07,644 [INFO] REQUEST reqMktDepth {'reqId': 104, 'contract': 4508078624: 0,BCH,STK,,0.0,,,SMART,,USD,,,False,,combo:, 'numRows': 5, 'isSmartDepth': False, 'mktDepthOptions': []}
2026-05-04 11:00:07,644 [INFO] SENDING reqMktDepth b'\x00\x00\x00,10\x005\x00104\x000\x00BCH\x00STK\x00\x000.0\x00\x00\x00SMART\x00\x00USD\x00\x00\x005\x000\x00\x00'
2026-05-04 11:00:07,762 [INFO] REQUEST reqMktDepth {'reqId': 105, 'contract': 4497462128: 0,FALABELLA,STK,,0.0,,,SN,,CLP,,,False,,combo:, 'numRows': 5, 'isSmartDepth': False, 'mktDepthOptions': []}
2026-05-04 11:00:07,779 [INFO] SENDING reqMktDepth b'\x00\x00\x00/10\x005\x00105\x000\x00FALABELLA\x00STK\x00\x000.0\x00\x00\x00SN\x00\x00CLP\x00\x00\x005\x000\x00\x00'
2026-05-04 11:00:07,852 [INFO] REQUEST reqMktData {'reqId': 5, 'contract': 4507970192: 0,GC,FUT,202606,0.0,,,COMEX,,USD,,,False,,combo:, 'genericTickList': '100,101,106,233', 'snapshot': False, 'regulatorySnapshot': False, 'mktDataOptions': []}
2026-05-04 11:00:07,855 [INFO] SENDING reqMktData b'\x00\x00\x00A1\x0011\x005\x000\x00GC\x00FUT\x00202606\x000.0\x00\x00\x00COMEX\x00\x00USD\x00\x00\x000\x00100,101,106,233\x000\x000\x00\x00'
2026-05-04 11:00:07,979 [INFO] REQUEST reqMktDepth {'reqId': 106, 'contract': 4495360400: 0,CENCOSUD,STK,,0.0,,,SN,,CLP,,,False,,combo:, 'numRows': 5, 'isSmartDepth': False, 'mktDepthOptions': []}
2026-05-04 11:00:07,980 [INFO] SENDING reqMktDepth b'\x00\x00\x00.10\x005\x00106\x000\x00CENCOSUD\x00STK\x00\x000.0\x00\x00\x00SN\x00\x00CLP\x00\x00\x005\x000\x00\x00'
2026-05-04 11:00:08,106 [INFO] REQUEST reqMktData {'reqId': 6, 'contract': 4508080304: 0,HG,FUT,202606,0.0,,,COMEX,,USD,,,False,,combo:, 'genericTickList': '100,101,106,233', 'snapshot': False, 'regulatorySnapshot': False, 'mktDataOptions': []}
2026-05-04 11:00:08,107 [INFO] SENDING reqMktData b'\x00\x00\x00A1\x0011\x006\x000\x00HG\x00FUT\x00202606\x000.0\x00\x00\x00COMEX\x00\x00USD\x00\x00\x000\x00100,101,106,233\x000\x000\x00\x00'
2026-05-04 11:00:08,146 [INFO] REQUEST reqMktDepth {'reqId': 107, 'contract': 4498771008: 0,CMPC,STK,,0.0,,,SN,,CLP,,,False,,combo:, 'numRows': 5, 'isSmartDepth': False, 'mktDepthOptions': []}
2026-05-04 11:00:08,146 [INFO] SENDING reqMktDepth b'\x00\x00\x00*10\x005\x00107\x000\x00CMPC\x00STK\x00\x000.0\x00\x00\x00SN\x00\x00CLP\x00\x00\x005\x000\x00\x00'
2026-05-04 11:00:08,321 [INFO] REQUEST reqMktDepth {'reqId': 108, 'contract': 4497372688: 0,COLBUN,STK,,0.0,,,SN,,CLP,,,False,,combo:, 'numRows': 5, 'isSmartDepth': False, 'mktDepthOptions': []}
2026-05-04 11:00:08,321 [INFO] SENDING reqMktDepth b'\x00\x00\x00,10\x005\x00108\x000\x00COLBUN\x00STK\x00\x000.0\x00\x00\x00SN\x00\x00CLP\x00\x00\x005\x000\x00\x00'
2026-05-04 11:00:08,495 [INFO] REQUEST reqMktDepth {'reqId': 109, 'contract': 4509628688: 0,ENELCHILE,STK,,0.0,,,SN,,CLP,,,False,,combo:, 'numRows': 5, 'isSmartDepth': False, 'mktDepthOptions': []}
2026-05-04 11:00:08,538 [INFO] SENDING reqMktDepth b'\x00\x00\x00/10\x005\x00109\x000\x00ENELCHILE\x00STK\x00\x000.0\x00\x00\x00SN\x00\x00CLP\x00\x00\x005\x000\x00\x00'
2026-05-04 11:00:08,821 [INFO] REQUEST reqMktDepth {'reqId': 110, 'contract': 4508719808: 0,ENELAM,STK,,0.0,,,SN,,CLP,,,False,,combo:, 'numRows': 5, 'isSmartDepth': False, 'mktDepthOptions': []}
2026-05-04 11:00:08,879 [INFO] SENDING reqMktDepth b'\x00\x00\x00,10\x005\x00110\x000\x00ENELAM\x00STK\x00\x000.0\x00\x00\x00SN\x00\x00CLP\x00\x00\x005\x000\x00\x00'
2026-05-04 11:00:09,082 [INFO] REQUEST reqMktDepth {'reqId': 111, 'contract': 4497372208: 0,ENTEL,STK,,0.0,,,SN,,CLP,,,False,,combo:, 'numRows': 5, 'isSmartDepth': False, 'mktDepthOptions': []}
2026-05-04 11:00:09,089 [INFO] SENDING reqMktDepth b'\x00\x00\x00+10\x005\x00111\x000\x00ENTEL\x00STK\x00\x000.0\x00\x00\x00SN\x00\x00CLP\x00\x00\x005\x000\x00\x00'
2026-05-04 11:00:09,246 [INFO] REQUEST reqMktDepth {'reqId': 112, 'contract': 4509710992: 0,LTM,STK,,0.0,,,SMART,,USD,,,False,,combo:, 'numRows': 5, 'isSmartDepth': False, 'mktDepthOptions': []}
2026-05-04 11:00:09,246 [INFO] SENDING reqMktDepth b'\x00\x00\x00,10\x005\x00112\x000\x00LTM\x00STK\x00\x000.0\x00\x00\x00SMART\x00\x00USD\x00\x00\x005\x000\x00\x00'
2026-05-04 11:00:09,425 [INFO] REQUEST reqMktDepth {'reqId': 113, 'contract': 4498771488: 0,CAP,STK,,0.0,,,SN,,CLP,,,False,,combo:, 'numRows': 5, 'isSmartDepth': False, 'mktDepthOptions': []}
2026-05-04 11:00:09,426 [INFO] SENDING reqMktDepth b'\x00\x00\x00)10\x005\x00113\x000\x00CAP\x00STK\x00\x000.0\x00\x00\x00SN\x00\x00CLP\x00\x00\x005\x000\x00\x00'
2026-05-04 11:00:09,635 [INFO] REQUEST reqMktDepth {'reqId': 114, 'contract': 4496547360: 0,CCU,STK,,0.0,,,SN,,CLP,,,False,,combo:, 'numRows': 5, 'isSmartDepth': False, 'mktDepthOptions': []}
2026-05-04 11:00:09,637 [INFO] SENDING reqMktDepth b'\x00\x00\x00)10\x005\x00114\x000\x00CCU\x00STK\x00\x000.0\x00\x00\x00SN\x00\x00CLP\x00\x00\x005\x000\x00\x00'
2026-05-04 11:00:09,846 [ERROR] $CFR.SN: possibly delisted; no price data found  (period=3mo)
2026-05-04 11:00:10,091 [ERROR] $ENDESA.SN: possibly delisted; no price data found  (period=3mo)
2026-05-04 11:00:12,359 [ERROR] $BANMEDICA.SN: possibly delisted; no price data found  (period=3mo) (Yahoo error = "No data found, symbol may be delisted")
2026-05-04 11:00:16,419 [INFO] disconnecting
2026-05-04 11:00:16,421 [INFO] ANSWER connectionClosed {}
2026-05-04 11:00:17,918 [INFO] disconnecting
2026-05-04 11:00:17,918 [INFO] ANSWER connectionClosed {}
2026-05-04 11:00:42,942 [INFO] sent startApi
2026-05-04 11:00:42,943 [INFO] REQUEST startApi {}
2026-05-04 11:00:42,943 [INFO] SENDING startApi b'\x00\x00\x00\t71\x002\x0030\x00\x00'
2026-05-04 11:00:42,944 [INFO] ANSWER connectAck {}
2026-05-04 11:00:42,946 [INFO] ANSWER managedAccounts {'accountsList': 'DUP838882'}
2026-05-04 11:00:43,969 [INFO] REQUEST placeOrder {'orderId': 23, 'contract': 4508542384: 0,BTC,CRYPTO,,0.0,,,PAXOS,,USD,,,False,,combo:, 'order': 4508544832: 0,0,0: LMT BUY 1@80800.000000 }
2026-05-04 11:00:43,969 [INFO] SENDING placeOrder b'\x00\x00\x01>3\x0023\x000\x00BTC\x00CRYPTO\x00\x000.0\x00\x00\x00PAXOS\x00\x00USD\x00\x00\x00\x00\x00BUY\x001\x00LMT\x0080800.0\x00\x00\x00\x00\x00\x000\x00\x001\x000\x000\x000\x000\x000\x000\x000\x00\x000\x00\x00\x00\x00\x00\x00\x00\x000\x00\x00-1\x000\x00\x00\x000\x00\x00\x000\x000\x00\x000\x00\x00\x00\x00\x00\x000\x00\x00\x00\x00\x000\x00\x00\x00\x00\x00\x00\x00\x00\x00\x00\x000\x00\x00\x000\x000\x00\x00\x000\x00\x000\x000\x000\x000\x00\x001.7976931348623157e+308\x001.7976931348623157e+308\x001.7976931348623157e+308\x001.7976931348623157e+308\x001.7976931348623157e+308\x000\x00\x00\x00\x001.7976931348623157e+308\x00\x00\x00\x00\x000\x000\x000\x00\x00'
2026-05-04 11:00:47,042 [INFO] disconnecting
2026-05-04 11:00:47,043 [INFO] ANSWER connectionClosed {}
2026-05-04 11:00:48,613 [INFO] sent startApi
2026-05-04 11:00:48,613 [INFO] REQUEST startApi {}
2026-05-04 11:00:48,613 [INFO] SENDING startApi b'\x00\x00\x00\t71\x002\x0030\x00\x00'
2026-05-04 11:00:48,613 [INFO] ANSWER connectAck {}
2026-05-04 11:00:48,616 [INFO] ANSWER managedAccounts {'accountsList': 'DUP838882'}
2026-05-04 11:00:49,673 [INFO] REQUEST placeOrder {'orderId': 23, 'contract': 4494722192: 0,BTC,CRYPTO,,0.0,,,PAXOS,,USD,,,False,,combo:, 'order': 4494721472: 0,0,0: LMT BUY 1@80800.000000 }
2026-05-04 11:00:49,673 [INFO] SENDING placeOrder b'\x00\x00\x01>3\x0023\x000\x00BTC\x00CRYPTO\x00\x000.0\x00\x00\x00PAXOS\x00\x00USD\x00\x00\x00\x00\x00BUY\x001\x00LMT\x0080800.0\x00\x00\x00\x00\x00\x000\x00\x001\x000\x000\x000\x000\x000\x000\x000\x00\x000\x00\x00\x00\x00\x00\x00\x00\x000\x00\x00-1\x000\x00\x00\x000\x00\x00\x000\x000\x00\x000\x00\x00\x00\x00\x00\x000\x00\x00\x00\x00\x000\x00\x00\x00\x00\x00\x00\x00\x00\x00\x00\x000\x00\x00\x000\x000\x00\x00\x000\x00\x000\x000\x000\x000\x00\x001.7976931348623157e+308\x001.7976931348623157e+308\x001.7976931348623157e+308\x001.7976931348623157e+308\x001.7976931348623157e+308\x000\x00\x00\x00\x001.7976931348623157e+308\x00\x00\x00\x00\x000\x000\x000\x00\x00'
2026-05-04 11:00:52,724 [INFO] disconnecting
2026-05-04 11:00:52,736 [INFO] ANSWER connectionClosed {}
2026-05-04 11:00:54,000 [INFO] CIERRE: BTC | TRAILING STOP | PnL -3.18%
2026-05-04 11:00:54,009 [INFO] CIERRE: BTC | TAKE PROFIT | PnL +0.25%
2026-05-04 11:01:02,200 [INFO] APERTURA: VENDER BTC | Conv 95.0% | Riesgo 4/10
2026-05-04 11:01:02,223 [INFO] sent startApi
2026-05-04 11:01:02,223 [INFO] REQUEST startApi {}
2026-05-04 11:01:02,223 [INFO] SENDING startApi b'\x00\x00\x00\t71\x002\x0010\x00\x00'
2026-05-04 11:01:02,223 [INFO] ANSWER connectAck {}
2026-05-04 11:01:02,225 [INFO] ANSWER managedAccounts {'accountsList': 'DUP838882'}
2026-05-04 11:01:03,294 [INFO] REQUEST placeOrder {'orderId': 16, 'contract': 4494724016: 0,BTC,CRYPTO,,0.0,,,PAXOS,,USD,,,False,,combo:, 'order': 4494724256: 0,0,0: MKT SELL 1@179769313486231570814527423731704356798070567525844996598917476803157260780028538760589558632766878171540458953514382464234321326889464182768467546703537516986049910576551282076245490090389328944075868508455133942304583236903222948165808559332123348274797826204144723168738177180919299881250404026184124858368.000000 }
2026-05-04 11:01:03,295 [INFO] SENDING placeOrder b'\x00\x00\x0183\x0016\x000\x00BTC\x00CRYPTO\x00\x000.0\x00\x00\x00PAXOS\x00\x00USD\x00\x00\x00\x00\x00SELL\x001\x00MKT\x00\x00\x00\x00\x00\x00\x000\x00\x000\x000\x000\x000\x000\x000\x000\x000\x00\x000\x00\x00\x00\x00\x00\x00\x00\x000\x00\x00-1\x000\x00\x00\x000\x00\x00\x000\x000\x00\x000\x00\x00\x00\x00\x00\x000\x00\x00\x00\x00\x000\x00\x00\x00\x00\x00\x00\x00\x00\x00\x00\x000\x00\x00\x000\x000\x00\x00\x000\x00\x000\x000\x000\x000\x00\x001.7976931348623157e+308\x001.7976931348623157e+308\x001.7976931348623157e+308\x001.7976931348623157e+308\x001.7976931348623157e+308\x000\x00\x00\x00\x001.7976931348623157e+308\x00\x00\x00\x00\x000\x000\x000\x00\x00'
2026-05-04 11:01:03,551 [INFO] REQUEST placeOrder {'orderId': 17, 'contract': 4494724016: 0,BTC,CRYPTO,,0.0,,,PAXOS,,USD,,,False,,combo:, 'order': 4494723776: 0,0,0: STP BUY 1@179769313486231570814527423731704356798070567525844996598917476803157260780028538760589558632766878171540458953514382464234321326889464182768467546703537516986049910576551282076245490090389328944075868508455133942304583236903222948165808559332123348274797826204144723168738177180919299881250404026184124858368.000000 }
2026-05-04 11:01:03,552 [INFO] SENDING placeOrder b'\x00\x00\x01@3\x0017\x000\x00BTC\x00CRYPTO\x00\x000.0\x00\x00\x00PAXOS\x00\x00USD\x00\x00\x00\x00\x00BUY\x001\x00STP\x00\x0081332.14\x00\x00\x00\x00\x000\x00\x000\x0016\x000\x000\x000\x000\x000\x000\x00\x000\x00\x00\x00\x00\x00\x00\x00\x000\x00\x00-1\x000\x00\x00\x000\x00\x00\x000\x000\x00\x000\x00\x00\x00\x00\x00\x000\x00\x00\x00\x00\x000\x00\x00\x00\x00\x00\x00\x00\x00\x00\x00\x000\x00\x00\x000\x000\x00\x00\x000\x00\x000\x000\x000\x000\x00\x001.7976931348623157e+308\x001.7976931348623157e+308\x001.7976931348623157e+308\x001.7976931348623157e+308\x001.7976931348623157e+308\x000\x00\x00\x00\x001.7976931348623157e+308\x00\x00\x00\x00\x000\x000\x000\x00\x00'
2026-05-04 11:01:03,827 [INFO] REQUEST placeOrder {'orderId': 18, 'contract': 4494724016: 0,BTC,CRYPTO,,0.0,,,PAXOS,,USD,,,False,,combo:, 'order': 4494842416: 0,0,0: LMT BUY 1@80800.000000 }
2026-05-04 11:01:03,828 [INFO] SENDING placeOrder b'\x00\x00\x01?3\x0018\x000\x00BTC\x00CRYPTO\x00\x000.0\x00\x00\x00PAXOS\x00\x00USD\x00\x00\x00\x00\x00BUY\x001\x00LMT\x0080800.0\x00\x00\x00\x00\x00\x000\x00\x001\x0016\x000\x000\x000\x000\x000\x000\x00\x000\x00\x00\x00\x00\x00\x00\x00\x000\x00\x00-1\x000\x00\x00\x000\x00\x00\x000\x000\x00\x000\x00\x00\x00\x00\x00\x000\x00\x00\x00\x00\x000\x00\x00\x00\x00\x00\x00\x00\x00\x00\x00\x000\x00\x00\x000\x000\x00\x00\x000\x00\x000\x000\x000\x000\x00\x001.7976931348623157e+308\x001.7976931348623157e+308\x001.7976931348623157e+308\x001.7976931348623157e+308\x001.7976931348623157e+308\x000\x00\x00\x00\x001.7976931348623157e+308\x00\x00\x00\x00\x000\x000\x000\x00\x00'
2026-05-04 11:01:05,719 [INFO] disconnecting
2026-05-04 11:01:05,720 [INFO] ANSWER connectionClosed {}
2026-05-04 11:01:05,753 [INFO] Ciclo completado: 1 aperturas, 2 cierres
2026-05-04 11:01:05,754 [INFO] Ciclo completado: 1 aperturas, 2 cierres, 1 rechazadas
2026-05-04 11:05:00,489 [INFO] === CICLO AUTOMÁTICO INICIADO ===
2026-05-04 11:05:03,024 [INFO] sent startApi
2026-05-04 11:05:03,038 [INFO] REQUEST startApi {}
2026-05-04 11:05:03,038 [INFO] SENDING startApi b'\x00\x00\x00\t71\x002\x0050\x00\x00'
2026-05-04 11:05:03,039 [INFO] ANSWER connectAck {}
2026-05-04 11:05:03,045 [INFO] ANSWER managedAccounts {'accountsList': 'DUP838882'}
2026-05-04 11:05:03,566 [INFO] REQUEST reqMktData {'reqId': 1, 'contract': 4497834048: 0,SQM,STK,,0.0,,,NYSE,,USD,,,False,,combo:, 'genericTickList': '100,101,106,233', 'snapshot': False, 'regulatorySnapshot': False, 'mktDataOptions': []}
2026-05-04 11:05:03,585 [INFO] SENDING reqMktData b'\x00\x00\x00;1\x0011\x001\x000\x00SQM\x00STK\x00\x000.0\x00\x00\x00NYSE\x00\x00USD\x00\x00\x000\x00100,101,106,233\x000\x000\x00\x00'
2026-05-04 11:05:03,814 [INFO] REQUEST reqMktData {'reqId': 2, 'contract': 4486243328: 0,ECH,STK,,0.0,,,NYSE,,USD,,,False,,combo:, 'genericTickList': '100,101,106,233', 'snapshot': False, 'regulatorySnapshot': False, 'mktDataOptions': []}
2026-05-04 11:05:03,814 [INFO] SENDING reqMktData b'\x00\x00\x00;1\x0011\x002\x000\x00ECH\x00STK\x00\x000.0\x00\x00\x00NYSE\x00\x00USD\x00\x00\x000\x00100,101,106,233\x000\x000\x00\x00'
2026-05-04 11:05:04,094 [INFO] REQUEST reqMktData {'reqId': 3, 'contract': 4498100960: 0,GLD,STK,,0.0,,,NYSE,,USD,,,False,,combo:, 'genericTickList': '100,101,106,233', 'snapshot': False, 'regulatorySnapshot': False, 'mktDataOptions': []}
2026-05-04 11:05:04,095 [INFO] SENDING reqMktData b'\x00\x00\x00;1\x0011\x003\x000\x00GLD\x00STK\x00\x000.0\x00\x00\x00NYSE\x00\x00USD\x00\x00\x000\x00100,101,106,233\x000\x000\x00\x00'
2026-05-04 11:05:04,383 [INFO] REQUEST reqMktData {'reqId': 4, 'contract': 4487031392: 0,SPY,STK,,0.0,,,NYSE,,USD,,,False,,combo:, 'genericTickList': '100,101,106,233', 'snapshot': False, 'regulatorySnapshot': False, 'mktDataOptions': []}
2026-05-04 11:05:04,384 [INFO] SENDING reqMktData b'\x00\x00\x00;1\x0011\x004\x000\x00SPY\x00STK\x00\x000.0\x00\x00\x00NYSE\x00\x00USD\x00\x00\x000\x00100,101,106,233\x000\x000\x00\x00'
2026-05-04 11:05:04,656 [INFO] REQUEST reqMktData {'reqId': 5, 'contract': 4495285648: 0,GC,FUT,202606,0.0,,,COMEX,,USD,,,False,,combo:, 'genericTickList': '100,101,106,233', 'snapshot': False, 'regulatorySnapshot': False, 'mktDataOptions': []}
2026-05-04 11:05:04,656 [INFO] SENDING reqMktData b'\x00\x00\x00A1\x0011\x005\x000\x00GC\x00FUT\x00202606\x000.0\x00\x00\x00COMEX\x00\x00USD\x00\x00\x000\x00100,101,106,233\x000\x000\x00\x00'
2026-05-04 11:05:04,917 [INFO] REQUEST reqMktData {'reqId': 6, 'contract': 4495283968: 0,HG,FUT,202606,0.0,,,COMEX,,USD,,,False,,combo:, 'genericTickList': '100,101,106,233', 'snapshot': False, 'regulatorySnapshot': False, 'mktDataOptions': []}
2026-05-04 11:05:04,917 [INFO] SENDING reqMktData b'\x00\x00\x00A1\x0011\x006\x000\x00HG\x00FUT\x00202606\x000.0\x00\x00\x00COMEX\x00\x00USD\x00\x00\x000\x00100,101,106,233\x000\x000\x00\x00'
2026-05-04 11:05:04,965 [INFO] sent startApi
2026-05-04 11:05:04,965 [INFO] REQUEST startApi {}
2026-05-04 11:05:04,965 [INFO] SENDING startApi b'\x00\x00\x00\t71\x002\x0070\x00\x00'
2026-05-04 11:05:04,965 [INFO] ANSWER connectAck {}
2026-05-04 11:05:04,968 [INFO] ANSWER managedAccounts {'accountsList': 'DUP838882'}
2026-05-04 11:05:05,545 [INFO] REQUEST reqMktDepth {'reqId': 100, 'contract': 4498359632: 0,SQM,STK,,0.0,,,SN,,CLP,,,False,,combo:, 'numRows': 5, 'isSmartDepth': False, 'mktDepthOptions': []}
2026-05-04 11:05:05,548 [INFO] SENDING reqMktDepth b'\x00\x00\x00)10\x005\x00100\x000\x00SQM\x00STK\x00\x000.0\x00\x00\x00SN\x00\x00CLP\x00\x00\x005\x000\x00\x00'
2026-05-04 11:05:05,690 [INFO] REQUEST reqMktDepth {'reqId': 101, 'contract': 4499690544: 0,COPEC,STK,,0.0,,,SN,,CLP,,,False,,combo:, 'numRows': 5, 'isSmartDepth': False, 'mktDepthOptions': []}
2026-05-04 11:05:05,691 [INFO] SENDING reqMktDepth b'\x00\x00\x00+10\x005\x00101\x000\x00COPEC\x00STK\x00\x000.0\x00\x00\x00SN\x00\x00CLP\x00\x00\x005\x000\x00\x00'
2026-05-04 11:05:05,843 [INFO] REQUEST reqMktDepth {'reqId': 102, 'contract': 4495219872: 0,BCI,STK,,0.0,,,SN,,CLP,,,False,,combo:, 'numRows': 5, 'isSmartDepth': False, 'mktDepthOptions': []}
2026-05-04 11:05:05,844 [INFO] SENDING reqMktDepth b'\x00\x00\x00)10\x005\x00102\x000\x00BCI\x00STK\x00\x000.0\x00\x00\x00SN\x00\x00CLP\x00\x00\x005\x000\x00\x00'
2026-05-04 11:05:06,024 [INFO] REQUEST reqMktDepth {'reqId': 103, 'contract': 4498142688: 0,BSAC,STK,,0.0,,,SMART,,USD,,,False,,combo:, 'numRows': 5, 'isSmartDepth': False, 'mktDepthOptions': []}
2026-05-04 11:05:06,025 [INFO] SENDING reqMktDepth b'\x00\x00\x00-10\x005\x00103\x000\x00BSAC\x00STK\x00\x000.0\x00\x00\x00SMART\x00\x00USD\x00\x00\x005\x000\x00\x00'
2026-05-04 11:05:06,218 [INFO] REQUEST reqMktDepth {'reqId': 104, 'contract': 4498340928: 0,BCH,STK,,0.0,,,SMART,,USD,,,False,,combo:, 'numRows': 5, 'isSmartDepth': False, 'mktDepthOptions': []}
2026-05-04 11:05:06,227 [INFO] SENDING reqMktDepth b'\x00\x00\x00,10\x005\x00104\x000\x00BCH\x00STK\x00\x000.0\x00\x00\x00SMART\x00\x00USD\x00\x00\x005\x000\x00\x00'
2026-05-04 11:05:06,418 [INFO] REQUEST reqMktDepth {'reqId': 105, 'contract': 4498327584: 0,FALABELLA,STK,,0.0,,,SN,,CLP,,,False,,combo:, 'numRows': 5, 'isSmartDepth': False, 'mktDepthOptions': []}
2026-05-04 11:05:06,421 [INFO] SENDING reqMktDepth b'\x00\x00\x00/10\x005\x00105\x000\x00FALABELLA\x00STK\x00\x000.0\x00\x00\x00SN\x00\x00CLP\x00\x00\x005\x000\x00\x00'
2026-05-04 11:05:06,605 [INFO] REQUEST reqMktDepth {'reqId': 106, 'contract': 4498388880: 0,CENCOSUD,STK,,0.0,,,SN,,CLP,,,False,,combo:, 'numRows': 5, 'isSmartDepth': False, 'mktDepthOptions': []}
2026-05-04 11:05:06,607 [INFO] SENDING reqMktDepth b'\x00\x00\x00.10\x005\x00106\x000\x00CENCOSUD\x00STK\x00\x000.0\x00\x00\x00SN\x00\x00CLP\x00\x00\x005\x000\x00\x00'
2026-05-04 11:05:06,771 [INFO] REQUEST reqMktDepth {'reqId': 107, 'contract': 4498141296: 0,CMPC,STK,,0.0,,,SN,,CLP,,,False,,combo:, 'numRows': 5, 'isSmartDepth': False, 'mktDepthOptions': []}
2026-05-04 11:05:06,774 [INFO] SENDING reqMktDepth b'\x00\x00\x00*10\x005\x00107\x000\x00CMPC\x00STK\x00\x000.0\x00\x00\x00SN\x00\x00CLP\x00\x00\x005\x000\x00\x00'
2026-05-04 11:05:06,951 [INFO] REQUEST reqMktDepth {'reqId': 108, 'contract': 4498196656: 0,COLBUN,STK,,0.0,,,SN,,CLP,,,False,,combo:, 'numRows': 5, 'isSmartDepth': False, 'mktDepthOptions': []}
2026-05-04 11:05:06,956 [INFO] SENDING reqMktDepth b'\x00\x00\x00,10\x005\x00108\x000\x00COLBUN\x00STK\x00\x000.0\x00\x00\x00SN\x00\x00CLP\x00\x00\x005\x000\x00\x00'
2026-05-04 11:05:07,126 [INFO] REQUEST reqMktDepth {'reqId': 109, 'contract': 4498154592: 0,ENELCHILE,STK,,0.0,,,SN,,CLP,,,False,,combo:, 'numRows': 5, 'isSmartDepth': False, 'mktDepthOptions': []}
2026-05-04 11:05:07,127 [INFO] SENDING reqMktDepth b'\x00\x00\x00/10\x005\x00109\x000\x00ENELCHILE\x00STK\x00\x000.0\x00\x00\x00SN\x00\x00CLP\x00\x00\x005\x000\x00\x00'
2026-05-04 11:05:07,286 [INFO] REQUEST reqMktDepth {'reqId': 110, 'contract': 4498162640: 0,ENELAM,STK,,0.0,,,SN,,CLP,,,False,,combo:, 'numRows': 5, 'isSmartDepth': False, 'mktDepthOptions': []}
2026-05-04 11:05:07,295 [INFO] SENDING reqMktDepth b'\x00\x00\x00,10\x005\x00110\x000\x00ENELAM\x00STK\x00\x000.0\x00\x00\x00SN\x00\x00CLP\x00\x00\x005\x000\x00\x00'
2026-05-04 11:05:07,497 [INFO] REQUEST reqMktDepth {'reqId': 111, 'contract': 4498168992: 0,ENTEL,STK,,0.0,,,SN,,CLP,,,False,,combo:, 'numRows': 5, 'isSmartDepth': False, 'mktDepthOptions': []}
2026-05-04 11:05:07,497 [INFO] SENDING reqMktDepth b'\x00\x00\x00+10\x005\x00111\x000\x00ENTEL\x00STK\x00\x000.0\x00\x00\x00SN\x00\x00CLP\x00\x00\x005\x000\x00\x00'
2026-05-04 11:05:07,691 [INFO] REQUEST reqMktDepth {'reqId': 112, 'contract': 4498221232: 0,LTM,STK,,0.0,,,SMART,,USD,,,False,,combo:, 'numRows': 5, 'isSmartDepth': False, 'mktDepthOptions': []}
2026-05-04 11:05:07,738 [INFO] SENDING reqMktDepth b'\x00\x00\x00,10\x005\x00112\x000\x00LTM\x00STK\x00\x000.0\x00\x00\x00SMART\x00\x00USD\x00\x00\x005\x000\x00\x00'
2026-05-04 11:05:07,935 [INFO] REQUEST reqMktDepth {'reqId': 113, 'contract': 4498084912: 0,CAP,STK,,0.0,,,SN,,CLP,,,False,,combo:, 'numRows': 5, 'isSmartDepth': False, 'mktDepthOptions': []}
2026-05-04 11:05:07,936 [INFO] SENDING reqMktDepth b'\x00\x00\x00)10\x005\x00113\x000\x00CAP\x00STK\x00\x000.0\x00\x00\x00SN\x00\x00CLP\x00\x00\x005\x000\x00\x00'
2026-05-04 11:05:08,133 [INFO] REQUEST reqMktDepth {'reqId': 114, 'contract': 4498339200: 0,CCU,STK,,0.0,,,SN,,CLP,,,False,,combo:, 'numRows': 5, 'isSmartDepth': False, 'mktDepthOptions': []}
2026-05-04 11:05:08,160 [INFO] SENDING reqMktDepth b'\x00\x00\x00)10\x005\x00114\x000\x00CCU\x00STK\x00\x000.0\x00\x00\x00SN\x00\x00CLP\x00\x00\x005\x000\x00\x00'
2026-05-04 11:05:09,883 [ERROR] $ENDESA.SN: possibly delisted; no price data found  (period=3mo)
2026-05-04 11:05:10,044 [ERROR] $CFR.SN: possibly delisted; no price data found  (period=3mo)
2026-05-04 11:05:12,160 [ERROR] $BANMEDICA.SN: possibly delisted; no price data found  (period=3mo) (Yahoo error = "No data found, symbol may be delisted")
2026-05-04 11:05:13,248 [INFO] disconnecting
2026-05-04 11:05:13,249 [INFO] ANSWER connectionClosed {}
2026-05-04 11:05:16,405 [INFO] disconnecting
2026-05-04 11:05:16,406 [INFO] ANSWER connectionClosed {}
2026-05-04 11:05:35,450 [INFO] sent startApi
2026-05-04 11:05:35,451 [INFO] REQUEST startApi {}
2026-05-04 11:05:35,451 [INFO] SENDING startApi b'\x00\x00\x00\t71\x002\x0030\x00\x00'
2026-05-04 11:05:35,451 [INFO] ANSWER connectAck {}
2026-05-04 11:05:35,454 [INFO] ANSWER managedAccounts {'accountsList': 'DUP838882'}
2026-05-04 11:05:36,476 [INFO] REQUEST placeOrder {'orderId': 23, 'contract': 4486614896: 0,BTC,CRYPTO,,0.0,,,PAXOS,,USD,,,False,,combo:, 'order': 4486614224: 0,0,0: LMT BUY 1@80800.000000 }
2026-05-04 11:05:36,477 [INFO] SENDING placeOrder b'\x00\x00\x01>3\x0023\x000\x00BTC\x00CRYPTO\x00\x000.0\x00\x00\x00PAXOS\x00\x00USD\x00\x00\x00\x00\x00BUY\x001\x00LMT\x0080800.0\x00\x00\x00\x00\x00\x000\x00\x001\x000\x000\x000\x000\x000\x000\x000\x00\x000\x00\x00\x00\x00\x00\x00\x00\x000\x00\x00-1\x000\x00\x00\x000\x00\x00\x000\x000\x00\x000\x00\x00\x00\x00\x00\x000\x00\x00\x00\x00\x000\x00\x00\x00\x00\x00\x00\x00\x00\x00\x00\x000\x00\x00\x000\x000\x00\x00\x000\x00\x000\x000\x000\x000\x00\x001.7976931348623157e+308\x001.7976931348623157e+308\x001.7976931348623157e+308\x001.7976931348623157e+308\x001.7976931348623157e+308\x000\x00\x00\x00\x001.7976931348623157e+308\x00\x00\x00\x00\x000\x000\x000\x00\x00'
2026-05-04 11:05:39,553 [INFO] disconnecting
2026-05-04 11:05:39,557 [INFO] ANSWER connectionClosed {}
2026-05-04 11:05:41,063 [INFO] sent startApi
2026-05-04 11:05:41,063 [INFO] REQUEST startApi {}
2026-05-04 11:05:41,063 [INFO] SENDING startApi b'\x00\x00\x00\t71\x002\x0030\x00\x00'
2026-05-04 11:05:41,063 [INFO] ANSWER connectAck {}
2026-05-04 11:05:41,066 [INFO] ANSWER managedAccounts {'accountsList': 'DUP838882'}
2026-05-04 11:05:42,126 [INFO] REQUEST placeOrder {'orderId': 23, 'contract': 4486246352: 0,BTC,CRYPTO,,0.0,,,PAXOS,,USD,,,False,,combo:, 'order': 4486243712: 0,0,0: LMT BUY 1@80800.000000 }
2026-05-04 11:05:42,151 [INFO] SENDING placeOrder b'\x00\x00\x01>3\x0023\x000\x00BTC\x00CRYPTO\x00\x000.0\x00\x00\x00PAXOS\x00\x00USD\x00\x00\x00\x00\x00BUY\x001\x00LMT\x0080800.0\x00\x00\x00\x00\x00\x000\x00\x001\x000\x000\x000\x000\x000\x000\x000\x00\x000\x00\x00\x00\x00\x00\x00\x00\x000\x00\x00-1\x000\x00\x00\x000\x00\x00\x000\x000\x00\x000\x00\x00\x00\x00\x00\x000\x00\x00\x00\x00\x000\x00\x00\x00\x00\x00\x00\x00\x00\x00\x00\x000\x00\x00\x000\x000\x00\x00\x000\x00\x000\x000\x000\x000\x00\x001.7976931348623157e+308\x001.7976931348623157e+308\x001.7976931348623157e+308\x001.7976931348623157e+308\x001.7976931348623157e+308\x000\x00\x00\x00\x001.7976931348623157e+308\x00\x00\x00\x00\x000\x000\x000\x00\x00'
2026-05-04 11:05:45,224 [INFO] disconnecting
2026-05-04 11:05:45,234 [INFO] ANSWER connectionClosed {}
2026-05-04 11:05:46,547 [INFO] CIERRE: BTC | TRAILING STOP | PnL -3.03%
2026-05-04 11:05:46,573 [INFO] CIERRE: BTC | TAKE PROFIT | PnL +0.19%
2026-05-04 11:05:54,047 [INFO] APERTURA: VENDER BTC | Conv 95.0% | Riesgo 4/10
2026-05-04 11:05:54,092 [INFO] sent startApi
2026-05-04 11:05:54,092 [INFO] REQUEST startApi {}
2026-05-04 11:05:54,092 [INFO] SENDING startApi b'\x00\x00\x00\t71\x002\x0010\x00\x00'
2026-05-04 11:05:54,092 [INFO] ANSWER connectAck {}
2026-05-04 11:05:54,097 [INFO] ANSWER managedAccounts {'accountsList': 'DUP838882'}
2026-05-04 11:05:55,170 [INFO] REQUEST placeOrder {'orderId': 17, 'contract': 4494981008: 0,BTC,CRYPTO,,0.0,,,PAXOS,,USD,,,False,,combo:, 'order': 4494980864: 0,0,0: MKT SELL 1@179769313486231570814527423731704356798070567525844996598917476803157260780028538760589558632766878171540458953514382464234321326889464182768467546703537516986049910576551282076245490090389328944075868508455133942304583236903222948165808559332123348274797826204144723168738177180919299881250404026184124858368.000000 }
2026-05-04 11:05:55,170 [INFO] SENDING placeOrder b'\x00\x00\x0183\x0017\x000\x00BTC\x00CRYPTO\x00\x000.0\x00\x00\x00PAXOS\x00\x00USD\x00\x00\x00\x00\x00SELL\x001\x00MKT\x00\x00\x00\x00\x00\x00\x000\x00\x000\x000\x000\x000\x000\x000\x000\x000\x00\x000\x00\x00\x00\x00\x00\x00\x00\x000\x00\x00-1\x000\x00\x00\x000\x00\x00\x000\x000\x00\x000\x00\x00\x00\x00\x00\x000\x00\x00\x00\x00\x000\x00\x00\x00\x00\x00\x00\x00\x00\x00\x00\x000\x00\x00\x000\x000\x00\x00\x000\x00\x000\x000\x000\x000\x00\x001.7976931348623157e+308\x001.7976931348623157e+308\x001.7976931348623157e+308\x001.7976931348623157e+308\x001.7976931348623157e+308\x000\x00\x00\x00\x001.7976931348623157e+308\x00\x00\x00\x00\x000\x000\x000\x00\x00'
2026-05-04 11:05:55,437 [INFO] REQUEST placeOrder {'orderId': 18, 'contract': 4494981008: 0,BTC,CRYPTO,,0.0,,,PAXOS,,USD,,,False,,combo:, 'order': 4494981392: 0,0,0: STP BUY 1@179769313486231570814527423731704356798070567525844996598917476803157260780028538760589558632766878171540458953514382464234321326889464182768467546703537516986049910576551282076245490090389328944075868508455133942304583236903222948165808559332123348274797826204144723168738177180919299881250404026184124858368.000000 }
2026-05-04 11:05:55,437 [INFO] SENDING placeOrder b'\x00\x00\x01@3\x0018\x000\x00BTC\x00CRYPTO\x00\x000.0\x00\x00\x00PAXOS\x00\x00USD\x00\x00\x00\x00\x00BUY\x001\x00STP\x00\x0081332.14\x00\x00\x00\x00\x000\x00\x000\x0017\x000\x000\x000\x000\x000\x000\x00\x000\x00\x00\x00\x00\x00\x00\x00\x000\x00\x00-1\x000\x00\x00\x000\x00\x00\x000\x000\x00\x000\x00\x00\x00\x00\x00\x000\x00\x00\x00\x00\x000\x00\x00\x00\x00\x00\x00\x00\x00\x00\x00\x000\x00\x00\x000\x000\x00\x00\x000\x00\x000\x000\x000\x000\x00\x001.7976931348623157e+308\x001.7976931348623157e+308\x001.7976931348623157e+308\x001.7976931348623157e+308\x001.7976931348623157e+308\x000\x00\x00\x00\x001.7976931348623157e+308\x00\x00\x00\x00\x000\x000\x000\x00\x00'
2026-05-04 11:05:55,692 [INFO] REQUEST placeOrder {'orderId': 19, 'contract': 4494981008: 0,BTC,CRYPTO,,0.0,,,PAXOS,,USD,,,False,,combo:, 'order': 4494981728: 0,0,0: LMT BUY 1@80800.000000 }
2026-05-04 11:05:55,692 [INFO] SENDING placeOrder b'\x00\x00\x01?3\x0019\x000\x00BTC\x00CRYPTO\x00\x000.0\x00\x00\x00PAXOS\x00\x00USD\x00\x00\x00\x00\x00BUY\x001\x00LMT\x0080800.0\x00\x00\x00\x00\x00\x000\x00\x001\x0017\x000\x000\x000\x000\x000\x000\x00\x000\x00\x00\x00\x00\x00\x00\x00\x000\x00\x00-1\x000\x00\x00\x000\x00\x00\x000\x000\x00\x000\x00\x00\x00\x00\x00\x000\x00\x00\x00\x00\x000\x00\x00\x00\x00\x00\x00\x00\x00\x00\x00\x000\x00\x00\x000\x000\x00\x00\x000\x00\x000\x000\x000\x000\x00\x001.7976931348623157e+308\x001.7976931348623157e+308\x001.7976931348623157e+308\x001.7976931348623157e+308\x001.7976931348623157e+308\x000\x00\x00\x00\x001.7976931348623157e+308\x00\x00\x00\x00\x000\x000\x000\x00\x00'
2026-05-04 11:05:57,572 [INFO] disconnecting
2026-05-04 11:05:57,573 [INFO] disconnecting
2026-05-04 11:05:57,573 [INFO] ANSWER connectionClosed {}
2026-05-04 11:05:57,573 [INFO] ANSWER connectionClosed {}
2026-05-04 11:05:57,593 [INFO] Ciclo completado: 1 aperturas, 2 cierres
2026-05-04 11:05:57,595 [INFO] Ciclo completado: 1 aperturas, 2 cierres, 1 rechazadas
2026-05-04 11:10:00,677 [INFO] === CICLO AUTOMÁTICO INICIADO ===
2026-05-04 11:10:04,713 [INFO] sent startApi
2026-05-04 11:10:04,713 [INFO] REQUEST startApi {}
2026-05-04 11:10:04,713 [INFO] SENDING startApi b'\x00\x00\x00\t71\x002\x0050\x00\x00'
2026-05-04 11:10:04,713 [INFO] ANSWER connectAck {}
2026-05-04 11:10:04,719 [INFO] ANSWER managedAccounts {'accountsList': 'DUP838882'}
2026-05-04 11:10:05,286 [INFO] REQUEST reqMktData {'reqId': 1, 'contract': 4526916464: 0,SQM,STK,,0.0,,,NYSE,,USD,,,False,,combo:, 'genericTickList': '100,101,106,233', 'snapshot': False, 'regulatorySnapshot': False, 'mktDataOptions': []}
2026-05-04 11:10:05,287 [INFO] SENDING reqMktData b'\x00\x00\x00;1\x0011\x001\x000\x00SQM\x00STK\x00\x000.0\x00\x00\x00NYSE\x00\x00USD\x00\x00\x000\x00100,101,106,233\x000\x000\x00\x00'
2026-05-04 11:10:05,341 [INFO] sent startApi
2026-05-04 11:10:05,341 [INFO] REQUEST startApi {}
2026-05-04 11:10:05,341 [INFO] SENDING startApi b'\x00\x00\x00\t71\x002\x0070\x00\x00'
2026-05-04 11:10:05,341 [INFO] ANSWER connectAck {}
2026-05-04 11:10:05,342 [INFO] ANSWER managedAccounts {'accountsList': 'DUP838882'}
2026-05-04 11:10:05,546 [INFO] REQUEST reqMktData {'reqId': 2, 'contract': 4528777296: 0,ECH,STK,,0.0,,,NYSE,,USD,,,False,,combo:, 'genericTickList': '100,101,106,233', 'snapshot': False, 'regulatorySnapshot': False, 'mktDataOptions': []}
2026-05-04 11:10:05,571 [INFO] SENDING reqMktData b'\x00\x00\x00;1\x0011\x002\x000\x00ECH\x00STK\x00\x000.0\x00\x00\x00NYSE\x00\x00USD\x00\x00\x000\x00100,101,106,233\x000\x000\x00\x00'
2026-05-04 11:10:05,825 [INFO] REQUEST reqMktData {'reqId': 3, 'contract': 4525758688: 0,GLD,STK,,0.0,,,NYSE,,USD,,,False,,combo:, 'genericTickList': '100,101,106,233', 'snapshot': False, 'regulatorySnapshot': False, 'mktDataOptions': []}
2026-05-04 11:10:05,828 [INFO] SENDING reqMktData b'\x00\x00\x00;1\x0011\x003\x000\x00GLD\x00STK\x00\x000.0\x00\x00\x00NYSE\x00\x00USD\x00\x00\x000\x00100,101,106,233\x000\x000\x00\x00'
2026-05-04 11:10:05,934 [INFO] REQUEST reqMktDepth {'reqId': 100, 'contract': 4529743328: 0,SQM,STK,,0.0,,,SN,,CLP,,,False,,combo:, 'numRows': 5, 'isSmartDepth': False, 'mktDepthOptions': []}
2026-05-04 11:10:05,934 [INFO] SENDING reqMktDepth b'\x00\x00\x00)10\x005\x00100\x000\x00SQM\x00STK\x00\x000.0\x00\x00\x00SN\x00\x00CLP\x00\x00\x005\x000\x00\x00'
2026-05-04 11:10:06,058 [INFO] REQUEST reqMktDepth {'reqId': 101, 'contract': 4527158224: 0,COPEC,STK,,0.0,,,SN,,CLP,,,False,,combo:, 'numRows': 5, 'isSmartDepth': False, 'mktDepthOptions': []}
2026-05-04 11:10:06,062 [INFO] SENDING reqMktDepth b'\x00\x00\x00+10\x005\x00101\x000\x00COPEC\x00STK\x00\x000.0\x00\x00\x00SN\x00\x00CLP\x00\x00\x005\x000\x00\x00'
2026-05-04 11:10:06,108 [INFO] REQUEST reqMktData {'reqId': 4, 'contract': 4528172624: 0,SPY,STK,,0.0,,,NYSE,,USD,,,False,,combo:, 'genericTickList': '100,101,106,233', 'snapshot': False, 'regulatorySnapshot': False, 'mktDataOptions': []}
2026-05-04 11:10:06,108 [INFO] SENDING reqMktData b'\x00\x00\x00;1\x0011\x004\x000\x00SPY\x00STK\x00\x000.0\x00\x00\x00NYSE\x00\x00USD\x00\x00\x000\x00100,101,106,233\x000\x000\x00\x00'
2026-05-04 11:10:06,243 [INFO] REQUEST reqMktDepth {'reqId': 102, 'contract': 4525758688: 0,BCI,STK,,0.0,,,SN,,CLP,,,False,,combo:, 'numRows': 5, 'isSmartDepth': False, 'mktDepthOptions': []}
2026-05-04 11:10:06,244 [INFO] SENDING reqMktDepth b'\x00\x00\x00)10\x005\x00102\x000\x00BCI\x00STK\x00\x000.0\x00\x00\x00SN\x00\x00CLP\x00\x00\x005\x000\x00\x00'
2026-05-04 11:10:06,377 [INFO] REQUEST reqMktData {'reqId': 5, 'contract': 4528979776: 0,GC,FUT,202606,0.0,,,COMEX,,USD,,,False,,combo:, 'genericTickList': '100,101,106,233', 'snapshot': False, 'regulatorySnapshot': False, 'mktDataOptions': []}
2026-05-04 11:10:06,378 [INFO] SENDING reqMktData b'\x00\x00\x00A1\x0011\x005\x000\x00GC\x00FUT\x00202606\x000.0\x00\x00\x00COMEX\x00\x00USD\x00\x00\x000\x00100,101,106,233\x000\x000\x00\x00'
2026-05-04 11:10:06,381 [INFO] REQUEST reqMktDepth {'reqId': 103, 'contract': 4527875264: 0,BSAC,STK,,0.0,,,SMART,,USD,,,False,,combo:, 'numRows': 5, 'isSmartDepth': False, 'mktDepthOptions': []}
2026-05-04 11:10:06,381 [INFO] SENDING reqMktDepth b'\x00\x00\x00-10\x005\x00103\x000\x00BSAC\x00STK\x00\x000.0\x00\x00\x00SMART\x00\x00USD\x00\x00\x005\x000\x00\x00'
2026-05-04 11:10:06,545 [INFO] REQUEST reqMktDepth {'reqId': 104, 'contract': 4529296960: 0,BCH,STK,,0.0,,,SMART,,USD,,,False,,combo:, 'numRows': 5, 'isSmartDepth': False, 'mktDepthOptions': []}
2026-05-04 11:10:06,545 [INFO] SENDING reqMktDepth b'\x00\x00\x00,10\x005\x00104\x000\x00BCH\x00STK\x00\x000.0\x00\x00\x00SMART\x00\x00USD\x00\x00\x005\x000\x00\x00'
2026-05-04 11:10:06,646 [INFO] REQUEST reqMktData {'reqId': 6, 'contract': 4525648672: 0,HG,FUT,202606,0.0,,,COMEX,,USD,,,False,,combo:, 'genericTickList': '100,101,106,233', 'snapshot': False, 'regulatorySnapshot': False, 'mktDataOptions': []}
2026-05-04 11:10:06,646 [INFO] SENDING reqMktData b'\x00\x00\x00A1\x0011\x006\x000\x00HG\x00FUT\x00202606\x000.0\x00\x00\x00COMEX\x00\x00USD\x00\x00\x000\x00100,101,106,233\x000\x000\x00\x00'
2026-05-04 11:10:06,718 [INFO] REQUEST reqMktDepth {'reqId': 105, 'contract': 4528776576: 0,FALABELLA,STK,,0.0,,,SN,,CLP,,,False,,combo:, 'numRows': 5, 'isSmartDepth': False, 'mktDepthOptions': []}
2026-05-04 11:10:06,719 [INFO] SENDING reqMktDepth b'\x00\x00\x00/10\x005\x00105\x000\x00FALABELLA\x00STK\x00\x000.0\x00\x00\x00SN\x00\x00CLP\x00\x00\x005\x000\x00\x00'
2026-05-04 11:10:06,822 [INFO] REQUEST reqMktDepth {'reqId': 106, 'contract': 4525649728: 0,CENCOSUD,STK,,0.0,,,SN,,CLP,,,False,,combo:, 'numRows': 5, 'isSmartDepth': False, 'mktDepthOptions': []}
2026-05-04 11:10:06,822 [INFO] SENDING reqMktDepth b'\x00\x00\x00.10\x005\x00106\x000\x00CENCOSUD\x00STK\x00\x000.0\x00\x00\x00SN\x00\x00CLP\x00\x00\x005\x000\x00\x00'
2026-05-04 11:10:06,994 [INFO] REQUEST reqMktDepth {'reqId': 107, 'contract': 4526916128: 0,CMPC,STK,,0.0,,,SN,,CLP,,,False,,combo:, 'numRows': 5, 'isSmartDepth': False, 'mktDepthOptions': []}
2026-05-04 11:10:06,994 [INFO] SENDING reqMktDepth b'\x00\x00\x00*10\x005\x00107\x000\x00CMPC\x00STK\x00\x000.0\x00\x00\x00SN\x00\x00CLP\x00\x00\x005\x000\x00\x00'
2026-05-04 11:10:07,169 [INFO] REQUEST reqMktDepth {'reqId': 108, 'contract': 4528776240: 0,COLBUN,STK,,0.0,,,SN,,CLP,,,False,,combo:, 'numRows': 5, 'isSmartDepth': False, 'mktDepthOptions': []}
2026-05-04 11:10:07,172 [INFO] SENDING reqMktDepth b'\x00\x00\x00,10\x005\x00108\x000\x00COLBUN\x00STK\x00\x000.0\x00\x00\x00SN\x00\x00CLP\x00\x00\x005\x000\x00\x00'
2026-05-04 11:10:07,282 [INFO] REQUEST reqMktDepth {'reqId': 109, 'contract': 4529299216: 0,ENELCHILE,STK,,0.0,,,SN,,CLP,,,False,,combo:, 'numRows': 5, 'isSmartDepth': False, 'mktDepthOptions': []}
2026-05-04 11:10:07,283 [INFO] SENDING reqMktDepth b'\x00\x00\x00/10\x005\x00109\x000\x00ENELCHILE\x00STK\x00\x000.0\x00\x00\x00SN\x00\x00CLP\x00\x00\x005\x000\x00\x00'
2026-05-04 11:10:07,438 [INFO] REQUEST reqMktDepth {'reqId': 110, 'contract': 4529712288: 0,ENELAM,STK,,0.0,,,SN,,CLP,,,False,,combo:, 'numRows': 5, 'isSmartDepth': False, 'mktDepthOptions': []}
2026-05-04 11:10:07,438 [INFO] SENDING reqMktDepth b'\x00\x00\x00,10\x005\x00110\x000\x00ENELAM\x00STK\x00\x000.0\x00\x00\x00SN\x00\x00CLP\x00\x00\x005\x000\x00\x00'
2026-05-04 11:10:07,610 [INFO] REQUEST reqMktDepth {'reqId': 111, 'contract': 4526263312: 0,ENTEL,STK,,0.0,,,SN,,CLP,,,False,,combo:, 'numRows': 5, 'isSmartDepth': False, 'mktDepthOptions': []}
2026-05-04 11:10:07,610 [INFO] SENDING reqMktDepth b'\x00\x00\x00+10\x005\x00111\x000\x00ENTEL\x00STK\x00\x000.0\x00\x00\x00SN\x00\x00CLP\x00\x00\x005\x000\x00\x00'
2026-05-04 11:10:07,756 [INFO] REQUEST reqMktDepth {'reqId': 112, 'contract': 4535190912: 0,LTM,STK,,0.0,,,SMART,,USD,,,False,,combo:, 'numRows': 5, 'isSmartDepth': False, 'mktDepthOptions': []}
2026-05-04 11:10:07,765 [INFO] SENDING reqMktDepth b'\x00\x00\x00,10\x005\x00112\x000\x00LTM\x00STK\x00\x000.0\x00\x00\x00SMART\x00\x00USD\x00\x00\x005\x000\x00\x00'
2026-05-04 11:10:07,924 [INFO] REQUEST reqMktDepth {'reqId': 113, 'contract': 4538199488: 0,CAP,STK,,0.0,,,SN,,CLP,,,False,,combo:, 'numRows': 5, 'isSmartDepth': False, 'mktDepthOptions': []}
2026-05-04 11:10:07,996 [INFO] SENDING reqMktDepth b'\x00\x00\x00)10\x005\x00113\x000\x00CAP\x00STK\x00\x000.0\x00\x00\x00SN\x00\x00CLP\x00\x00\x005\x000\x00\x00'
2026-05-04 11:10:08,173 [INFO] REQUEST reqMktDepth {'reqId': 114, 'contract': 4538753952: 0,CCU,STK,,0.0,,,SN,,CLP,,,False,,combo:, 'numRows': 5, 'isSmartDepth': False, 'mktDepthOptions': []}
2026-05-04 11:10:08,174 [INFO] SENDING reqMktDepth b'\x00\x00\x00)10\x005\x00114\x000\x00CCU\x00STK\x00\x000.0\x00\x00\x00SN\x00\x00CLP\x00\x00\x005\x000\x00\x00'
2026-05-04 11:10:09,899 [ERROR] $CFR.SN: possibly delisted; no price data found  (period=3mo)
2026-05-04 11:10:10,290 [ERROR] $ENDESA.SN: possibly delisted; no price data found  (period=3mo)
2026-05-04 11:10:11,110 [INFO] sent startApi
2026-05-04 11:10:11,112 [INFO] REQUEST startApi {}
2026-05-04 11:10:11,112 [INFO] SENDING startApi b'\x00\x00\x00\t71\x002\x0030\x00\x00'
2026-05-04 11:10:11,112 [INFO] ANSWER connectAck {}
2026-05-04 11:10:11,119 [INFO] ANSWER managedAccounts {'accountsList': 'DUP838882'}
2026-05-04 11:10:12,125 [INFO] REQUEST placeOrder {'orderId': 23, 'contract': 6312136512: 0,BTC,CRYPTO,,0.0,,,PAXOS,,USD,,,False,,combo:, 'order': 6312135168: 0,0,0: LMT BUY 1@80800.000000 }
2026-05-04 11:10:12,125 [INFO] SENDING placeOrder b'\x00\x00\x01>3\x0023\x000\x00BTC\x00CRYPTO\x00\x000.0\x00\x00\x00PAXOS\x00\x00USD\x00\x00\x00\x00\x00BUY\x001\x00LMT\x0080800.0\x00\x00\x00\x00\x00\x000\x00\x001\x000\x000\x000\x000\x000\x000\x000\x00\x000\x00\x00\x00\x00\x00\x00\x00\x000\x00\x00-1\x000\x00\x00\x000\x00\x00\x000\x000\x00\x000\x00\x00\x00\x00\x00\x000\x00\x00\x00\x00\x000\x00\x00\x00\x00\x00\x00\x00\x00\x00\x00\x000\x00\x00\x000\x000\x00\x00\x000\x00\x000\x000\x000\x000\x00\x001.7976931348623157e+308\x001.7976931348623157e+308\x001.7976931348623157e+308\x001.7976931348623157e+308\x001.7976931348623157e+308\x000\x00\x00\x00\x001.7976931348623157e+308\x00\x00\x00\x00\x000\x000\x000\x00\x00'
2026-05-04 11:10:12,804 [ERROR] $BANMEDICA.SN: possibly delisted; no price data found  (period=3mo) (Yahoo error = "No data found, symbol may be delisted")
2026-05-04 11:10:14,973 [INFO] disconnecting
2026-05-04 11:10:14,973 [INFO] ANSWER connectionClosed {}
2026-05-04 11:10:15,128 [INFO] disconnecting
2026-05-04 11:10:15,128 [INFO] ANSWER connectionClosed {}
2026-05-04 11:10:16,426 [INFO] disconnecting
2026-05-04 11:10:16,427 [INFO] ANSWER connectionClosed {}
2026-05-04 11:10:16,564 [INFO] sent startApi
2026-05-04 11:10:16,564 [INFO] REQUEST startApi {}
2026-05-04 11:10:16,564 [INFO] SENDING startApi b'\x00\x00\x00\t71\x002\x0030\x00\x00'
2026-05-04 11:10:16,564 [INFO] ANSWER connectAck {}
2026-05-04 11:10:16,565 [INFO] ANSWER managedAccounts {'accountsList': 'DUP838882'}
2026-05-04 11:10:17,567 [INFO] REQUEST placeOrder {'orderId': 23, 'contract': 6297023440: 0,BTC,CRYPTO,,0.0,,,PAXOS,,USD,,,False,,combo:, 'order': 6297024448: 0,0,0: LMT BUY 1@80800.000000 }
2026-05-04 11:10:17,567 [INFO] SENDING placeOrder b'\x00\x00\x01>3\x0023\x000\x00BTC\x00CRYPTO\x00\x000.0\x00\x00\x00PAXOS\x00\x00USD\x00\x00\x00\x00\x00BUY\x001\x00LMT\x0080800.0\x00\x00\x00\x00\x00\x000\x00\x001\x000\x000\x000\x000\x000\x000\x000\x00\x000\x00\x00\x00\x00\x00\x00\x00\x000\x00\x00-1\x000\x00\x00\x000\x00\x00\x000\x000\x00\x000\x00\x00\x00\x00\x00\x000\x00\x00\x00\x00\x000\x00\x00\x00\x00\x00\x00\x00\x00\x00\x00\x000\x00\x00\x000\x000\x00\x00\x000\x00\x000\x000\x000\x000\x00\x001.7976931348623157e+308\x001.7976931348623157e+308\x001.7976931348623157e+308\x001.7976931348623157e+308\x001.7976931348623157e+308\x000\x00\x00\x00\x001.7976931348623157e+308\x00\x00\x00\x00\x000\x000\x000\x00\x00'
2026-05-04 11:10:20,568 [INFO] disconnecting
2026-05-04 11:10:20,569 [INFO] ANSWER connectionClosed {}
2026-05-04 11:10:21,750 [INFO] CIERRE: BTC | TRAILING STOP | PnL -3.00%
2026-05-04 11:10:21,761 [INFO] CIERRE: BTC | TAKE PROFIT | PnL +0.07%
2026-05-04 11:10:28,978 [INFO] APERTURA: VENDER BTC | Conv 95.0% | Riesgo 4/10
2026-05-04 11:10:29,004 [INFO] sent startApi
2026-05-04 11:10:29,004 [INFO] REQUEST startApi {}
2026-05-04 11:10:29,004 [INFO] SENDING startApi b'\x00\x00\x00\t71\x002\x0010\x00\x00'
2026-05-04 11:10:29,004 [INFO] ANSWER connectAck {}
2026-05-04 11:10:29,011 [INFO] ANSWER managedAccounts {'accountsList': 'DUP838882'}
2026-05-04 11:10:30,013 [INFO] REQUEST placeOrder {'orderId': 18, 'contract': 6288396640: 0,BTC,CRYPTO,,0.0,,,PAXOS,,USD,,,False,,combo:, 'order': 6288399904: 0,0,0: MKT SELL 1@179769313486231570814527423731704356798070567525844996598917476803157260780028538760589558632766878171540458953514382464234321326889464182768467546703537516986049910576551282076245490090389328944075868508455133942304583236903222948165808559332123348274797826204144723168738177180919299881250404026184124858368.000000 }
2026-05-04 11:10:30,014 [INFO] SENDING placeOrder b'\x00\x00\x0183\x0018\x000\x00BTC\x00CRYPTO\x00\x000.0\x00\x00\x00PAXOS\x00\x00USD\x00\x00\x00\x00\x00SELL\x001\x00MKT\x00\x00\x00\x00\x00\x00\x000\x00\x000\x000\x000\x000\x000\x000\x000\x000\x00\x000\x00\x00\x00\x00\x00\x00\x00\x000\x00\x00-1\x000\x00\x00\x000\x00\x00\x000\x000\x00\x000\x00\x00\x00\x00\x00\x000\x00\x00\x00\x00\x000\x00\x00\x00\x00\x00\x00\x00\x00\x00\x00\x000\x00\x00\x000\x000\x00\x00\x000\x00\x000\x000\x000\x000\x00\x001.7976931348623157e+308\x001.7976931348623157e+308\x001.7976931348623157e+308\x001.7976931348623157e+308\x001.7976931348623157e+308\x000\x00\x00\x00\x001.7976931348623157e+308\x00\x00\x00\x00\x000\x000\x000\x00\x00'
2026-05-04 11:10:30,219 [INFO] REQUEST placeOrder {'orderId': 19, 'contract': 6288396640: 0,BTC,CRYPTO,,0.0,,,PAXOS,,USD,,,False,,combo:, 'order': 6313091712: 0,0,0: STP BUY 1@179769313486231570814527423731704356798070567525844996598917476803157260780028538760589558632766878171540458953514382464234321326889464182768467546703537516986049910576551282076245490090389328944075868508455133942304583236903222948165808559332123348274797826204144723168738177180919299881250404026184124858368.000000 }
2026-05-04 11:10:30,220 [INFO] SENDING placeOrder b'\x00\x00\x01@3\x0019\x000\x00BTC\x00CRYPTO\x00\x000.0\x00\x00\x00PAXOS\x00\x00USD\x00\x00\x00\x00\x00BUY\x001\x00STP\x00\x0081332.14\x00\x00\x00\x00\x000\x00\x000\x0018\x000\x000\x000\x000\x000\x000\x00\x000\x00\x00\x00\x00\x00\x00\x00\x000\x00\x00-1\x000\x00\x00\x000\x00\x00\x000\x000\x00\x000\x00\x00\x00\x00\x00\x000\x00\x00\x00\x00\x000\x00\x00\x00\x00\x00\x00\x00\x00\x00\x00\x000\x00\x00\x000\x000\x00\x00\x000\x00\x000\x000\x000\x000\x00\x001.7976931348623157e+308\x001.7976931348623157e+308\x001.7976931348623157e+308\x001.7976931348623157e+308\x001.7976931348623157e+308\x000\x00\x00\x00\x001.7976931348623157e+308\x00\x00\x00\x00\x000\x000\x000\x00\x00'
2026-05-04 11:10:30,424 [INFO] REQUEST placeOrder {'orderId': 20, 'contract': 6288396640: 0,BTC,CRYPTO,,0.0,,,PAXOS,,USD,,,False,,combo:, 'order': 6313091856: 0,0,0: LMT BUY 1@77624.410000 }
2026-05-04 11:10:30,425 [INFO] SENDING placeOrder b'\x00\x00\x01@3\x0020\x000\x00BTC\x00CRYPTO\x00\x000.0\x00\x00\x00PAXOS\x00\x00USD\x00\x00\x00\x00\x00BUY\x001\x00LMT\x0077624.41\x00\x00\x00\x00\x00\x000\x00\x001\x0018\x000\x000\x000\x000\x000\x000\x00\x000\x00\x00\x00\x00\x00\x00\x00\x000\x00\x00-1\x000\x00\x00\x000\x00\x00\x000\x000\x00\x000\x00\x00\x00\x00\x00\x000\x00\x00\x00\x00\x000\x00\x00\x00\x00\x00\x00\x00\x00\x00\x00\x000\x00\x00\x000\x000\x00\x00\x000\x00\x000\x000\x000\x000\x00\x001.7976931348623157e+308\x001.7976931348623157e+308\x001.7976931348623157e+308\x001.7976931348623157e+308\x001.7976931348623157e+308\x000\x00\x00\x00\x001.7976931348623157e+308\x00\x00\x00\x00\x000\x000\x000\x00\x00'
2026-05-04 11:10:32,134 [INFO] disconnecting
2026-05-04 11:10:32,134 [INFO] ANSWER connectionClosed {}
2026-05-04 11:10:32,149 [INFO] Ciclo completado: 1 aperturas, 2 cierres
2026-05-04 11:10:38,059 [INFO] sent startApi
2026-05-04 11:10:38,060 [INFO] REQUEST startApi {}
2026-05-04 11:10:38,060 [INFO] SENDING startApi b'\x00\x00\x00\t71\x002\x0030\x00\x00'
2026-05-04 11:10:38,060 [INFO] ANSWER connectAck {}
2026-05-04 11:10:38,063 [INFO] ANSWER managedAccounts {'accountsList': 'DUP838882'}
2026-05-04 11:10:39,139 [INFO] REQUEST placeOrder {'orderId': 23, 'contract': 4527128000: 0,BTC,CRYPTO,,0.0,,,PAXOS,,USD,,,False,,combo:, 'order': 4527124592: 0,0,0: LMT BUY 1@77624.410000 }
2026-05-04 11:10:39,139 [INFO] SENDING placeOrder b'\x00\x00\x01?3\x0023\x000\x00BTC\x00CRYPTO\x00\x000.0\x00\x00\x00PAXOS\x00\x00USD\x00\x00\x00\x00\x00BUY\x001\x00LMT\x0077624.41\x00\x00\x00\x00\x00\x000\x00\x001\x000\x000\x000\x000\x000\x000\x000\x00\x000\x00\x00\x00\x00\x00\x00\x00\x000\x00\x00-1\x000\x00\x00\x000\x00\x00\x000\x000\x00\x000\x00\x00\x00\x00\x00\x000\x00\x00\x00\x00\x000\x00\x00\x00\x00\x00\x00\x00\x00\x00\x00\x000\x00\x00\x000\x000\x00\x00\x000\x00\x000\x000\x000\x000\x00\x001.7976931348623157e+308\x001.7976931348623157e+308\x001.7976931348623157e+308\x001.7976931348623157e+308\x001.7976931348623157e+308\x000\x00\x00\x00\x001.7976931348623157e+308\x00\x00\x00\x00\x000\x000\x000\x00\x00'
2026-05-04 11:10:42,176 [INFO] disconnecting
2026-05-04 11:10:42,177 [INFO] ANSWER connectionClosed {}
2026-05-04 11:10:43,584 [INFO] CIERRE: BTC | TRAILING STOP | PnL -2.90%
2026-05-04 11:10:50,862 [INFO] APERTURA: VENDER BTC | Conv 95.0% | Riesgo 4/10
2026-05-04 11:10:50,896 [INFO] sent startApi
2026-05-04 11:10:50,896 [INFO] REQUEST startApi {}
2026-05-04 11:10:50,896 [INFO] SENDING startApi b'\x00\x00\x00\t71\x002\x0010\x00\x00'
2026-05-04 11:10:50,896 [INFO] ANSWER connectAck {}
2026-05-04 11:10:50,902 [INFO] ANSWER managedAccounts {'accountsList': 'DUP838882'}
2026-05-04 11:10:51,968 [INFO] REQUEST placeOrder {'orderId': 19, 'contract': 4527158992: 0,BTC,CRYPTO,,0.0,,,PAXOS,,USD,,,False,,combo:, 'order': 4527161200: 0,0,0: MKT SELL 1@179769313486231570814527423731704356798070567525844996598917476803157260780028538760589558632766878171540458953514382464234321326889464182768467546703537516986049910576551282076245490090389328944075868508455133942304583236903222948165808559332123348274797826204144723168738177180919299881250404026184124858368.000000 }
2026-05-04 11:10:51,969 [INFO] SENDING placeOrder b'\x00\x00\x0183\x0019\x000\x00BTC\x00CRYPTO\x00\x000.0\x00\x00\x00PAXOS\x00\x00USD\x00\x00\x00\x00\x00SELL\x001\x00MKT\x00\x00\x00\x00\x00\x00\x000\x00\x000\x000\x000\x000\x000\x000\x000\x000\x00\x000\x00\x00\x00\x00\x00\x00\x00\x000\x00\x00-1\x000\x00\x00\x000\x00\x00\x000\x000\x00\x000\x00\x00\x00\x00\x00\x000\x00\x00\x00\x00\x000\x00\x00\x00\x00\x00\x00\x00\x00\x00\x00\x000\x00\x00\x000\x000\x00\x00\x000\x00\x000\x000\x000\x000\x00\x001.7976931348623157e+308\x001.7976931348623157e+308\x001.7976931348623157e+308\x001.7976931348623157e+308\x001.7976931348623157e+308\x000\x00\x00\x00\x001.7976931348623157e+308\x00\x00\x00\x00\x000\x000\x000\x00\x00'
2026-05-04 11:10:52,237 [INFO] REQUEST placeOrder {'orderId': 20, 'contract': 4527158992: 0,BTC,CRYPTO,,0.0,,,PAXOS,,USD,,,False,,combo:, 'order': 4527157888: 0,0,0: STP BUY 1@179769313486231570814527423731704356798070567525844996598917476803157260780028538760589558632766878171540458953514382464234321326889464182768467546703537516986049910576551282076245490090389328944075868508455133942304583236903222948165808559332123348274797826204144723168738177180919299881250404026184124858368.000000 }
2026-05-04 11:10:52,238 [INFO] SENDING placeOrder b'\x00\x00\x01@3\x0020\x000\x00BTC\x00CRYPTO\x00\x000.0\x00\x00\x00PAXOS\x00\x00USD\x00\x00\x00\x00\x00BUY\x001\x00STP\x00\x0081332.14\x00\x00\x00\x00\x000\x00\x000\x0019\x000\x000\x000\x000\x000\x000\x00\x000\x00\x00\x00\x00\x00\x00\x00\x000\x00\x00-1\x000\x00\x00\x000\x00\x00\x000\x000\x00\x000\x00\x00\x00\x00\x00\x000\x00\x00\x00\x00\x000\x00\x00\x00\x00\x00\x00\x00\x00\x00\x00\x000\x00\x00\x000\x000\x00\x00\x000\x00\x000\x000\x000\x000\x00\x001.7976931348623157e+308\x001.7976931348623157e+308\x001.7976931348623157e+308\x001.7976931348623157e+308\x001.7976931348623157e+308\x000\x00\x00\x00\x001.7976931348623157e+308\x00\x00\x00\x00\x000\x000\x000\x00\x00'
2026-05-04 11:10:52,510 [INFO] REQUEST placeOrder {'orderId': 21, 'contract': 4527158992: 0,BTC,CRYPTO,,0.0,,,PAXOS,,USD,,,False,,combo:, 'order': 4527158128: 0,0,0: LMT BUY 1@77624.410000 }
2026-05-04 11:10:52,511 [INFO] SENDING placeOrder b'\x00\x00\x01@3\x0021\x000\x00BTC\x00CRYPTO\x00\x000.0\x00\x00\x00PAXOS\x00\x00USD\x00\x00\x00\x00\x00BUY\x001\x00LMT\x0077624.41\x00\x00\x00\x00\x00\x000\x00\x001\x0019\x000\x000\x000\x000\x000\x000\x00\x000\x00\x00\x00\x00\x00\x00\x00\x000\x00\x00-1\x000\x00\x00\x000\x00\x00\x000\x000\x00\x000\x00\x00\x00\x00\x00\x000\x00\x00\x00\x00\x000\x00\x00\x00\x00\x00\x00\x00\x00\x00\x00\x000\x00\x00\x000\x000\x00\x00\x000\x00\x000\x000\x000\x000\x00\x001.7976931348623157e+308\x001.7976931348623157e+308\x001.7976931348623157e+308\x001.7976931348623157e+308\x001.7976931348623157e+308\x000\x00\x00\x00\x001.7976931348623157e+308\x00\x00\x00\x00\x000\x000\x000\x00\x00'
2026-05-04 11:10:54,342 [INFO] disconnecting
2026-05-04 11:10:54,342 [INFO] ANSWER connectionClosed {}
2026-05-04 11:10:54,370 [INFO] Ciclo completado: 1 aperturas, 1 cierres
2026-05-04 11:10:54,370 [INFO] Ciclo completado: 1 aperturas, 1 cierres, 1 rechazadas
2026-05-04 11:13:26,992 [INFO] sent startApi
2026-05-04 11:13:26,996 [INFO] REQUEST startApi {}
2026-05-04 11:13:26,996 [INFO] SENDING startApi b'\x00\x00\x00\t71\x002\x0050\x00\x00'
2026-05-04 11:13:26,996 [INFO] ANSWER connectAck {}
2026-05-04 11:13:26,998 [INFO] ANSWER managedAccounts {'accountsList': 'DUP838882'}
2026-05-04 11:13:27,501 [INFO] REQUEST reqMktData {'reqId': 1, 'contract': 6296216048: 0,SQM,STK,,0.0,,,NYSE,,USD,,,False,,combo:, 'genericTickList': '100,101,106,233', 'snapshot': False, 'regulatorySnapshot': False, 'mktDataOptions': []}
2026-05-04 11:13:27,502 [INFO] SENDING reqMktData b'\x00\x00\x00;1\x0011\x001\x000\x00SQM\x00STK\x00\x000.0\x00\x00\x00NYSE\x00\x00USD\x00\x00\x000\x00100,101,106,233\x000\x000\x00\x00'
2026-05-04 11:13:27,702 [INFO] REQUEST reqMktData {'reqId': 2, 'contract': 6311861456: 0,ECH,STK,,0.0,,,NYSE,,USD,,,False,,combo:, 'genericTickList': '100,101,106,233', 'snapshot': False, 'regulatorySnapshot': False, 'mktDataOptions': []}
2026-05-04 11:13:27,703 [INFO] SENDING reqMktData b'\x00\x00\x00;1\x0011\x002\x000\x00ECH\x00STK\x00\x000.0\x00\x00\x00NYSE\x00\x00USD\x00\x00\x000\x00100,101,106,233\x000\x000\x00\x00'
2026-05-04 11:13:27,908 [INFO] REQUEST reqMktData {'reqId': 3, 'contract': 6296215952: 0,GLD,STK,,0.0,,,NYSE,,USD,,,False,,combo:, 'genericTickList': '100,101,106,233', 'snapshot': False, 'regulatorySnapshot': False, 'mktDataOptions': []}
2026-05-04 11:13:27,909 [INFO] SENDING reqMktData b'\x00\x00\x00;1\x0011\x003\x000\x00GLD\x00STK\x00\x000.0\x00\x00\x00NYSE\x00\x00USD\x00\x00\x000\x00100,101,106,233\x000\x000\x00\x00'
2026-05-04 11:13:28,114 [INFO] REQUEST reqMktData {'reqId': 4, 'contract': 6313091712: 0,SPY,STK,,0.0,,,NYSE,,USD,,,False,,combo:, 'genericTickList': '100,101,106,233', 'snapshot': False, 'regulatorySnapshot': False, 'mktDataOptions': []}
2026-05-04 11:13:28,114 [INFO] SENDING reqMktData b'\x00\x00\x00;1\x0011\x004\x000\x00SPY\x00STK\x00\x000.0\x00\x00\x00NYSE\x00\x00USD\x00\x00\x000\x00100,101,106,233\x000\x000\x00\x00'
2026-05-04 11:13:28,320 [INFO] REQUEST reqMktData {'reqId': 5, 'contract': 6311861456: 0,GC,FUT,202606,0.0,,,COMEX,,USD,,,False,,combo:, 'genericTickList': '100,101,106,233', 'snapshot': False, 'regulatorySnapshot': False, 'mktDataOptions': []}
2026-05-04 11:13:28,320 [INFO] SENDING reqMktData b'\x00\x00\x00A1\x0011\x005\x000\x00GC\x00FUT\x00202606\x000.0\x00\x00\x00COMEX\x00\x00USD\x00\x00\x000\x00100,101,106,233\x000\x000\x00\x00'
2026-05-04 11:13:28,523 [INFO] REQUEST reqMktData {'reqId': 6, 'contract': 5085269968: 0,HG,FUT,202606,0.0,,,COMEX,,USD,,,False,,combo:, 'genericTickList': '100,101,106,233', 'snapshot': False, 'regulatorySnapshot': False, 'mktDataOptions': []}
2026-05-04 11:13:28,523 [INFO] SENDING reqMktData b'\x00\x00\x00A1\x0011\x006\x000\x00HG\x00FUT\x00202606\x000.0\x00\x00\x00COMEX\x00\x00USD\x00\x00\x000\x00100,101,106,233\x000\x000\x00\x00'
2026-05-04 11:13:36,733 [INFO] disconnecting
2026-05-04 11:13:36,735 [INFO] ANSWER connectionClosed {}
2026-05-04 11:13:37,991 [INFO] sent startApi
2026-05-04 11:13:37,998 [INFO] REQUEST startApi {}
2026-05-04 11:13:38,009 [INFO] SENDING startApi b'\x00\x00\x00\t71\x002\x0050\x00\x00'
2026-05-04 11:13:38,012 [INFO] ANSWER connectAck {}
2026-05-04 11:13:38,025 [INFO] ANSWER managedAccounts {'accountsList': 'DUP838882'}
2026-05-04 11:13:38,048 [INFO] sent startApi
2026-05-04 11:13:38,048 [INFO] REQUEST startApi {}
2026-05-04 11:13:38,049 [INFO] SENDING startApi b'\x00\x00\x00\t71\x002\x0070\x00\x00'
2026-05-04 11:13:38,049 [INFO] ANSWER connectAck {}
2026-05-04 11:13:38,049 [INFO] ANSWER managedAccounts {'accountsList': 'DUP838882'}
2026-05-04 11:13:38,527 [INFO] REQUEST reqMktData {'reqId': 1, 'contract': 6310362368: 0,SQM,STK,,0.0,,,NYSE,,USD,,,False,,combo:, 'genericTickList': '100,101,106,233', 'snapshot': False, 'regulatorySnapshot': False, 'mktDataOptions': []}
2026-05-04 11:13:38,528 [INFO] SENDING reqMktData b'\x00\x00\x00;1\x0011\x001\x000\x00SQM\x00STK\x00\x000.0\x00\x00\x00NYSE\x00\x00USD\x00\x00\x000\x00100,101,106,233\x000\x000\x00\x00'
2026-05-04 11:13:38,549 [INFO] REQUEST reqMktDepth {'reqId': 100, 'contract': 6296216528: 0,SQM,STK,,0.0,,,SN,,CLP,,,False,,combo:, 'numRows': 5, 'isSmartDepth': False, 'mktDepthOptions': []}
2026-05-04 11:13:38,550 [INFO] SENDING reqMktDepth b'\x00\x00\x00)10\x005\x00100\x000\x00SQM\x00STK\x00\x000.0\x00\x00\x00SN\x00\x00CLP\x00\x00\x005\x000\x00\x00'
2026-05-04 11:13:38,656 [INFO] REQUEST reqMktDepth {'reqId': 101, 'contract': 5085100688: 0,COPEC,STK,,0.0,,,SN,,CLP,,,False,,combo:, 'numRows': 5, 'isSmartDepth': False, 'mktDepthOptions': []}
2026-05-04 11:13:38,657 [INFO] SENDING reqMktDepth b'\x00\x00\x00+10\x005\x00101\x000\x00COPEC\x00STK\x00\x000.0\x00\x00\x00SN\x00\x00CLP\x00\x00\x005\x000\x00\x00'
2026-05-04 11:13:38,737 [INFO] REQUEST reqMktData {'reqId': 2, 'contract': 6306511648: 0,ECH,STK,,0.0,,,NYSE,,USD,,,False,,combo:, 'genericTickList': '100,101,106,233', 'snapshot': False, 'regulatorySnapshot': False, 'mktDataOptions': []}
2026-05-04 11:13:38,741 [INFO] SENDING reqMktData b'\x00\x00\x00;1\x0011\x002\x000\x00ECH\x00STK\x00\x000.0\x00\x00\x00NYSE\x00\x00USD\x00\x00\x000\x00100,101,106,233\x000\x000\x00\x00'
2026-05-04 11:13:38,759 [INFO] REQUEST reqMktDepth {'reqId': 102, 'contract': 6293850720: 0,BCI,STK,,0.0,,,SN,,CLP,,,False,,combo:, 'numRows': 5, 'isSmartDepth': False, 'mktDepthOptions': []}
2026-05-04 11:13:38,759 [INFO] SENDING reqMktDepth b'\x00\x00\x00)10\x005\x00102\x000\x00BCI\x00STK\x00\x000.0\x00\x00\x00SN\x00\x00CLP\x00\x00\x005\x000\x00\x00'
2026-05-04 11:13:38,864 [INFO] REQUEST reqMktDepth {'reqId': 103, 'contract': 6306508912: 0,BSAC,STK,,0.0,,,SMART,,USD,,,False,,combo:, 'numRows': 5, 'isSmartDepth': False, 'mktDepthOptions': []}
2026-05-04 11:13:38,865 [INFO] SENDING reqMktDepth b'\x00\x00\x00-10\x005\x00103\x000\x00BSAC\x00STK\x00\x000.0\x00\x00\x00SMART\x00\x00USD\x00\x00\x005\x000\x00\x00'
2026-05-04 11:13:38,942 [INFO] REQUEST reqMktData {'reqId': 3, 'contract': 6306562496: 0,GLD,STK,,0.0,,,NYSE,,USD,,,False,,combo:, 'genericTickList': '100,101,106,233', 'snapshot': False, 'regulatorySnapshot': False, 'mktDataOptions': []}
2026-05-04 11:13:38,942 [INFO] SENDING reqMktData b'\x00\x00\x00;1\x0011\x003\x000\x00GLD\x00STK\x00\x000.0\x00\x00\x00NYSE\x00\x00USD\x00\x00\x000\x00100,101,106,233\x000\x000\x00\x00'
2026-05-04 11:13:38,980 [INFO] REQUEST reqMktDepth {'reqId': 104, 'contract': 6312015520: 0,BCH,STK,,0.0,,,SMART,,USD,,,False,,combo:, 'numRows': 5, 'isSmartDepth': False, 'mktDepthOptions': []}
2026-05-04 11:13:38,980 [INFO] SENDING reqMktDepth b'\x00\x00\x00,10\x005\x00104\x000\x00BCH\x00STK\x00\x000.0\x00\x00\x00SMART\x00\x00USD\x00\x00\x005\x000\x00\x00'
2026-05-04 11:13:39,086 [INFO] REQUEST reqMktDepth {'reqId': 105, 'contract': 6306563408: 0,FALABELLA,STK,,0.0,,,SN,,CLP,,,False,,combo:, 'numRows': 5, 'isSmartDepth': False, 'mktDepthOptions': []}
2026-05-04 11:13:39,086 [INFO] SENDING reqMktDepth b'\x00\x00\x00/10\x005\x00105\x000\x00FALABELLA\x00STK\x00\x000.0\x00\x00\x00SN\x00\x00CLP\x00\x00\x005\x000\x00\x00'
2026-05-04 11:13:39,144 [INFO] REQUEST reqMktData {'reqId': 4, 'contract': 6418744608: 0,SPY,STK,,0.0,,,NYSE,,USD,,,False,,combo:, 'genericTickList': '100,101,106,233', 'snapshot': False, 'regulatorySnapshot': False, 'mktDataOptions': []}
2026-05-04 11:13:39,144 [INFO] SENDING reqMktData b'\x00\x00\x00;1\x0011\x004\x000\x00SPY\x00STK\x00\x000.0\x00\x00\x00NYSE\x00\x00USD\x00\x00\x000\x00100,101,106,233\x000\x000\x00\x00'
2026-05-04 11:13:39,192 [INFO] REQUEST reqMktDepth {'reqId': 106, 'contract': 6306511648: 0,CENCOSUD,STK,,0.0,,,SN,,CLP,,,False,,combo:, 'numRows': 5, 'isSmartDepth': False, 'mktDepthOptions': []}
2026-05-04 11:13:39,192 [INFO] SENDING reqMktDepth b'\x00\x00\x00.10\x005\x00106\x000\x00CENCOSUD\x00STK\x00\x000.0\x00\x00\x00SN\x00\x00CLP\x00\x00\x005\x000\x00\x00'
2026-05-04 11:13:39,293 [INFO] REQUEST reqMktDepth {'reqId': 107, 'contract': 6293001984: 0,CMPC,STK,,0.0,,,SN,,CLP,,,False,,combo:, 'numRows': 5, 'isSmartDepth': False, 'mktDepthOptions': []}
2026-05-04 11:13:39,294 [INFO] SENDING reqMktDepth b'\x00\x00\x00*10\x005\x00107\x000\x00CMPC\x00STK\x00\x000.0\x00\x00\x00SN\x00\x00CLP\x00\x00\x005\x000\x00\x00'
2026-05-04 11:13:39,344 [INFO] REQUEST reqMktData {'reqId': 5, 'contract': 6306573664: 0,GC,FUT,202606,0.0,,,COMEX,,USD,,,False,,combo:, 'genericTickList': '100,101,106,233', 'snapshot': False, 'regulatorySnapshot': False, 'mktDataOptions': []}
2026-05-04 11:13:39,344 [INFO] SENDING reqMktData b'\x00\x00\x00A1\x0011\x005\x000\x00GC\x00FUT\x00202606\x000.0\x00\x00\x00COMEX\x00\x00USD\x00\x00\x000\x00100,101,106,233\x000\x000\x00\x00'
2026-05-04 11:13:39,399 [INFO] REQUEST reqMktDepth {'reqId': 108, 'contract': 6418744176: 0,COLBUN,STK,,0.0,,,SN,,CLP,,,False,,combo:, 'numRows': 5, 'isSmartDepth': False, 'mktDepthOptions': []}
2026-05-04 11:13:39,399 [INFO] SENDING reqMktDepth b'\x00\x00\x00,10\x005\x00108\x000\x00COLBUN\x00STK\x00\x000.0\x00\x00\x00SN\x00\x00CLP\x00\x00\x005\x000\x00\x00'
2026-05-04 11:13:39,508 [INFO] REQUEST reqMktDepth {'reqId': 109, 'contract': 6295184624: 0,ENELCHILE,STK,,0.0,,,SN,,CLP,,,False,,combo:, 'numRows': 5, 'isSmartDepth': False, 'mktDepthOptions': []}
2026-05-04 11:13:39,515 [INFO] SENDING reqMktDepth b'\x00\x00\x00/10\x005\x00109\x000\x00ENELCHILE\x00STK\x00\x000.0\x00\x00\x00SN\x00\x00CLP\x00\x00\x005\x000\x00\x00'
2026-05-04 11:13:39,546 [INFO] REQUEST reqMktData {'reqId': 6, 'contract': 6295342000: 0,HG,FUT,202606,0.0,,,COMEX,,USD,,,False,,combo:, 'genericTickList': '100,101,106,233', 'snapshot': False, 'regulatorySnapshot': False, 'mktDataOptions': []}
2026-05-04 11:13:39,546 [INFO] SENDING reqMktData b'\x00\x00\x00A1\x0011\x006\x000\x00HG\x00FUT\x00202606\x000.0\x00\x00\x00COMEX\x00\x00USD\x00\x00\x000\x00100,101,106,233\x000\x000\x00\x00'
2026-05-04 11:13:39,627 [INFO] REQUEST reqMktDepth {'reqId': 110, 'contract': 6412012320: 0,ENELAM,STK,,0.0,,,SN,,CLP,,,False,,combo:, 'numRows': 5, 'isSmartDepth': False, 'mktDepthOptions': []}
2026-05-04 11:13:39,631 [INFO] SENDING reqMktDepth b'\x00\x00\x00,10\x005\x00110\x000\x00ENELAM\x00STK\x00\x000.0\x00\x00\x00SN\x00\x00CLP\x00\x00\x005\x000\x00\x00'
2026-05-04 11:13:39,738 [INFO] REQUEST reqMktDepth {'reqId': 111, 'contract': 6295784560: 0,ENTEL,STK,,0.0,,,SN,,CLP,,,False,,combo:, 'numRows': 5, 'isSmartDepth': False, 'mktDepthOptions': []}
2026-05-04 11:13:39,738 [INFO] SENDING reqMktDepth b'\x00\x00\x00+10\x005\x00111\x000\x00ENTEL\x00STK\x00\x000.0\x00\x00\x00SN\x00\x00CLP\x00\x00\x005\x000\x00\x00'
2026-05-04 11:13:39,775 [ERROR] $CFR.SN: possibly delisted; no price data found  (period=3mo)
2026-05-04 11:13:39,846 [INFO] REQUEST reqMktDepth {'reqId': 112, 'contract': 6298497472: 0,LTM,STK,,0.0,,,SMART,,USD,,,False,,combo:, 'numRows': 5, 'isSmartDepth': False, 'mktDepthOptions': []}
2026-05-04 11:13:39,846 [INFO] SENDING reqMktDepth b'\x00\x00\x00,10\x005\x00112\x000\x00LTM\x00STK\x00\x000.0\x00\x00\x00SMART\x00\x00USD\x00\x00\x005\x000\x00\x00'
2026-05-04 11:13:39,948 [INFO] REQUEST reqMktDepth {'reqId': 113, 'contract': 6418644608: 0,CAP,STK,,0.0,,,SN,,CLP,,,False,,combo:, 'numRows': 5, 'isSmartDepth': False, 'mktDepthOptions': []}
2026-05-04 11:13:39,948 [INFO] SENDING reqMktDepth b'\x00\x00\x00)10\x005\x00113\x000\x00CAP\x00STK\x00\x000.0\x00\x00\x00SN\x00\x00CLP\x00\x00\x005\x000\x00\x00'
2026-05-04 11:13:40,050 [INFO] REQUEST reqMktDepth {'reqId': 114, 'contract': 6292871584: 0,CCU,STK,,0.0,,,SN,,CLP,,,False,,combo:, 'numRows': 5, 'isSmartDepth': False, 'mktDepthOptions': []}
2026-05-04 11:13:40,051 [INFO] SENDING reqMktDepth b'\x00\x00\x00)10\x005\x00114\x000\x00CCU\x00STK\x00\x000.0\x00\x00\x00SN\x00\x00CLP\x00\x00\x005\x000\x00\x00'
2026-05-04 11:13:40,176 [ERROR] $ENDESA.SN: possibly delisted; no price data found  (period=3mo)
2026-05-04 11:13:40,504 [ERROR] $BANMEDICA.SN: possibly delisted; no price data found  (period=3mo) (Yahoo error = "No data found, symbol may be delisted")
2026-05-04 11:13:47,757 [INFO] disconnecting
2026-05-04 11:13:47,758 [INFO] ANSWER connectionClosed {}
2026-05-04 11:13:48,166 [INFO] disconnecting
2026-05-04 11:13:48,166 [INFO] ANSWER connectionClosed {}
2026-05-04 11:15:01,164 [INFO] === CICLO AUTOMÁTICO INICIADO ===
2026-05-04 11:15:04,649 [INFO] sent startApi
2026-05-04 11:15:04,649 [INFO] REQUEST startApi {}
2026-05-04 11:15:04,649 [INFO] SENDING startApi b'\x00\x00\x00\t71\x002\x0050\x00\x00'
2026-05-04 11:15:04,649 [INFO] ANSWER connectAck {}
2026-05-04 11:15:04,652 [INFO] ANSWER managedAccounts {'accountsList': 'DUP838882'}
2026-05-04 11:15:05,236 [INFO] REQUEST reqMktData {'reqId': 1, 'contract': 4664316736: 0,SQM,STK,,0.0,,,NYSE,,USD,,,False,,combo:, 'genericTickList': '100,101,106,233', 'snapshot': False, 'regulatorySnapshot': False, 'mktDataOptions': []}
2026-05-04 11:15:05,248 [INFO] SENDING reqMktData b'\x00\x00\x00;1\x0011\x001\x000\x00SQM\x00STK\x00\x000.0\x00\x00\x00NYSE\x00\x00USD\x00\x00\x000\x00100,101,106,233\x000\x000\x00\x00'
2026-05-04 11:15:05,440 [INFO] sent startApi
2026-05-04 11:15:05,440 [INFO] REQUEST startApi {}
2026-05-04 11:15:05,440 [INFO] SENDING startApi b'\x00\x00\x00\t71\x002\x0070\x00\x00'
2026-05-04 11:15:05,440 [INFO] ANSWER connectAck {}
2026-05-04 11:15:05,441 [INFO] ANSWER managedAccounts {'accountsList': 'DUP838882'}
2026-05-04 11:15:05,549 [INFO] REQUEST reqMktData {'reqId': 2, 'contract': 4666686240: 0,ECH,STK,,0.0,,,NYSE,,USD,,,False,,combo:, 'genericTickList': '100,101,106,233', 'snapshot': False, 'regulatorySnapshot': False, 'mktDataOptions': []}
2026-05-04 11:15:05,550 [INFO] SENDING reqMktData b'\x00\x00\x00;1\x0011\x002\x000\x00ECH\x00STK\x00\x000.0\x00\x00\x00NYSE\x00\x00USD\x00\x00\x000\x00100,101,106,233\x000\x000\x00\x00'
2026-05-04 11:15:05,819 [INFO] REQUEST reqMktData {'reqId': 3, 'contract': 4680000800: 0,GLD,STK,,0.0,,,NYSE,,USD,,,False,,combo:, 'genericTickList': '100,101,106,233', 'snapshot': False, 'regulatorySnapshot': False, 'mktDataOptions': []}
2026-05-04 11:15:05,821 [INFO] SENDING reqMktData b'\x00\x00\x00;1\x0011\x003\x000\x00GLD\x00STK\x00\x000.0\x00\x00\x00NYSE\x00\x00USD\x00\x00\x000\x00100,101,106,233\x000\x000\x00\x00'
2026-05-04 11:15:05,994 [INFO] REQUEST reqMktDepth {'reqId': 100, 'contract': 4680207088: 0,SQM,STK,,0.0,,,SN,,CLP,,,False,,combo:, 'numRows': 5, 'isSmartDepth': False, 'mktDepthOptions': []}
2026-05-04 11:15:05,995 [INFO] SENDING reqMktDepth b'\x00\x00\x00)10\x005\x00100\x000\x00SQM\x00STK\x00\x000.0\x00\x00\x00SN\x00\x00CLP\x00\x00\x005\x000\x00\x00'
2026-05-04 11:15:06,110 [INFO] REQUEST reqMktData {'reqId': 4, 'contract': 4666683840: 0,SPY,STK,,0.0,,,NYSE,,USD,,,False,,combo:, 'genericTickList': '100,101,106,233', 'snapshot': False, 'regulatorySnapshot': False, 'mktDataOptions': []}
2026-05-04 11:15:06,110 [INFO] SENDING reqMktData b'\x00\x00\x00;1\x0011\x004\x000\x00SPY\x00STK\x00\x000.0\x00\x00\x00NYSE\x00\x00USD\x00\x00\x000\x00100,101,106,233\x000\x000\x00\x00'
2026-05-04 11:15:06,171 [INFO] REQUEST reqMktDepth {'reqId': 101, 'contract': 4673007424: 0,COPEC,STK,,0.0,,,SN,,CLP,,,False,,combo:, 'numRows': 5, 'isSmartDepth': False, 'mktDepthOptions': []}
2026-05-04 11:15:06,171 [INFO] SENDING reqMktDepth b'\x00\x00\x00+10\x005\x00101\x000\x00COPEC\x00STK\x00\x000.0\x00\x00\x00SN\x00\x00CLP\x00\x00\x005\x000\x00\x00'
2026-05-04 11:15:06,352 [INFO] REQUEST reqMktDepth {'reqId': 102, 'contract': 4680193984: 0,BCI,STK,,0.0,,,SN,,CLP,,,False,,combo:, 'numRows': 5, 'isSmartDepth': False, 'mktDepthOptions': []}
2026-05-04 11:15:06,374 [INFO] SENDING reqMktDepth b'\x00\x00\x00)10\x005\x00102\x000\x00BCI\x00STK\x00\x000.0\x00\x00\x00SN\x00\x00CLP\x00\x00\x005\x000\x00\x00'
2026-05-04 11:15:06,376 [INFO] REQUEST reqMktData {'reqId': 5, 'contract': 4680058240: 0,GC,FUT,202606,0.0,,,COMEX,,USD,,,False,,combo:, 'genericTickList': '100,101,106,233', 'snapshot': False, 'regulatorySnapshot': False, 'mktDataOptions': []}
2026-05-04 11:15:06,385 [INFO] SENDING reqMktData b'\x00\x00\x00A1\x0011\x005\x000\x00GC\x00FUT\x00202606\x000.0\x00\x00\x00COMEX\x00\x00USD\x00\x00\x000\x00100,101,106,233\x000\x000\x00\x00'
2026-05-04 11:15:06,582 [INFO] REQUEST reqMktDepth {'reqId': 103, 'contract': 4681707872: 0,BSAC,STK,,0.0,,,SMART,,USD,,,False,,combo:, 'numRows': 5, 'isSmartDepth': False, 'mktDepthOptions': []}
2026-05-04 11:15:06,583 [INFO] SENDING reqMktDepth b'\x00\x00\x00-10\x005\x00103\x000\x00BSAC\x00STK\x00\x000.0\x00\x00\x00SMART\x00\x00USD\x00\x00\x005\x000\x00\x00'
2026-05-04 11:15:06,679 [INFO] REQUEST reqMktData {'reqId': 6, 'contract': 4679909280: 0,HG,FUT,202606,0.0,,,COMEX,,USD,,,False,,combo:, 'genericTickList': '100,101,106,233', 'snapshot': False, 'regulatorySnapshot': False, 'mktDataOptions': []}
2026-05-04 11:15:06,680 [INFO] SENDING reqMktData b'\x00\x00\x00A1\x0011\x006\x000\x00HG\x00FUT\x00202606\x000.0\x00\x00\x00COMEX\x00\x00USD\x00\x00\x000\x00100,101,106,233\x000\x000\x00\x00'
2026-05-04 11:15:06,751 [INFO] REQUEST reqMktDepth {'reqId': 104, 'contract': 4680195424: 0,BCH,STK,,0.0,,,SMART,,USD,,,False,,combo:, 'numRows': 5, 'isSmartDepth': False, 'mktDepthOptions': []}
2026-05-04 11:15:06,754 [INFO] SENDING reqMktDepth b'\x00\x00\x00,10\x005\x00104\x000\x00BCH\x00STK\x00\x000.0\x00\x00\x00SMART\x00\x00USD\x00\x00\x005\x000\x00\x00'
2026-05-04 11:15:06,978 [INFO] REQUEST reqMktDepth {'reqId': 105, 'contract': 4673054176: 0,FALABELLA,STK,,0.0,,,SN,,CLP,,,False,,combo:, 'numRows': 5, 'isSmartDepth': False, 'mktDepthOptions': []}
2026-05-04 11:15:06,991 [INFO] SENDING reqMktDepth b'\x00\x00\x00/10\x005\x00105\x000\x00FALABELLA\x00STK\x00\x000.0\x00\x00\x00SN\x00\x00CLP\x00\x00\x005\x000\x00\x00'
2026-05-04 11:15:07,197 [INFO] REQUEST reqMktDepth {'reqId': 106, 'contract': 4680041136: 0,CENCOSUD,STK,,0.0,,,SN,,CLP,,,False,,combo:, 'numRows': 5, 'isSmartDepth': False, 'mktDepthOptions': []}
2026-05-04 11:15:07,197 [INFO] SENDING reqMktDepth b'\x00\x00\x00.10\x005\x00106\x000\x00CENCOSUD\x00STK\x00\x000.0\x00\x00\x00SN\x00\x00CLP\x00\x00\x005\x000\x00\x00'
2026-05-04 11:15:07,351 [INFO] REQUEST reqMktDepth {'reqId': 107, 'contract': 4679080112: 0,CMPC,STK,,0.0,,,SN,,CLP,,,False,,combo:, 'numRows': 5, 'isSmartDepth': False, 'mktDepthOptions': []}
2026-05-04 11:15:07,352 [INFO] SENDING reqMktDepth b'\x00\x00\x00*10\x005\x00107\x000\x00CMPC\x00STK\x00\x000.0\x00\x00\x00SN\x00\x00CLP\x00\x00\x005\x000\x00\x00'
2026-05-04 11:15:07,353 [ERROR] $CFR.SN: possibly delisted; no price data found  (period=3mo)
2026-05-04 11:15:07,539 [INFO] REQUEST reqMktDepth {'reqId': 108, 'contract': 4680206464: 0,COLBUN,STK,,0.0,,,SN,,CLP,,,False,,combo:, 'numRows': 5, 'isSmartDepth': False, 'mktDepthOptions': []}
2026-05-04 11:15:07,545 [INFO] SENDING reqMktDepth b'\x00\x00\x00,10\x005\x00108\x000\x00COLBUN\x00STK\x00\x000.0\x00\x00\x00SN\x00\x00CLP\x00\x00\x005\x000\x00\x00'
2026-05-04 11:15:07,581 [ERROR] $ENDESA.SN: possibly delisted; no price data found  (period=3mo)
2026-05-04 11:15:07,732 [INFO] REQUEST reqMktDepth {'reqId': 109, 'contract': 4680194272: 0,ENELCHILE,STK,,0.0,,,SN,,CLP,,,False,,combo:, 'numRows': 5, 'isSmartDepth': False, 'mktDepthOptions': []}
2026-05-04 11:15:07,751 [INFO] SENDING reqMktDepth b'\x00\x00\x00/10\x005\x00109\x000\x00ENELCHILE\x00STK\x00\x000.0\x00\x00\x00SN\x00\x00CLP\x00\x00\x005\x000\x00\x00'
2026-05-04 11:15:07,953 [INFO] REQUEST reqMktDepth {'reqId': 110, 'contract': 4679770800: 0,ENELAM,STK,,0.0,,,SN,,CLP,,,False,,combo:, 'numRows': 5, 'isSmartDepth': False, 'mktDepthOptions': []}
2026-05-04 11:15:07,954 [INFO] SENDING reqMktDepth b'\x00\x00\x00,10\x005\x00110\x000\x00ENELAM\x00STK\x00\x000.0\x00\x00\x00SN\x00\x00CLP\x00\x00\x005\x000\x00\x00'
2026-05-04 11:15:08,126 [INFO] REQUEST reqMktDepth {'reqId': 111, 'contract': 4679644928: 0,ENTEL,STK,,0.0,,,SN,,CLP,,,False,,combo:, 'numRows': 5, 'isSmartDepth': False, 'mktDepthOptions': []}
2026-05-04 11:15:08,128 [INFO] SENDING reqMktDepth b'\x00\x00\x00+10\x005\x00111\x000\x00ENTEL\x00STK\x00\x000.0\x00\x00\x00SN\x00\x00CLP\x00\x00\x005\x000\x00\x00'
2026-05-04 11:15:08,241 [INFO] REQUEST reqMktDepth {'reqId': 112, 'contract': 4680039440: 0,LTM,STK,,0.0,,,SMART,,USD,,,False,,combo:, 'numRows': 5, 'isSmartDepth': False, 'mktDepthOptions': []}
2026-05-04 11:15:08,265 [INFO] SENDING reqMktDepth b'\x00\x00\x00,10\x005\x00112\x000\x00LTM\x00STK\x00\x000.0\x00\x00\x00SMART\x00\x00USD\x00\x00\x005\x000\x00\x00'
2026-05-04 11:15:08,474 [INFO] REQUEST reqMktDepth {'reqId': 113, 'contract': 4680120256: 0,CAP,STK,,0.0,,,SN,,CLP,,,False,,combo:, 'numRows': 5, 'isSmartDepth': False, 'mktDepthOptions': []}
2026-05-04 11:15:08,474 [INFO] SENDING reqMktDepth b'\x00\x00\x00)10\x005\x00113\x000\x00CAP\x00STK\x00\x000.0\x00\x00\x00SN\x00\x00CLP\x00\x00\x005\x000\x00\x00'
2026-05-04 11:15:08,649 [INFO] REQUEST reqMktDepth {'reqId': 114, 'contract': 4667190912: 0,CCU,STK,,0.0,,,SN,,CLP,,,False,,combo:, 'numRows': 5, 'isSmartDepth': False, 'mktDepthOptions': []}
2026-05-04 11:15:08,650 [INFO] SENDING reqMktDepth b'\x00\x00\x00)10\x005\x00114\x000\x00CCU\x00STK\x00\x000.0\x00\x00\x00SN\x00\x00CLP\x00\x00\x005\x000\x00\x00'
2026-05-04 11:15:09,511 [ERROR] $BANMEDICA.SN: possibly delisted; no price data found  (period=3mo) (Yahoo error = "No data found, symbol may be delisted")
2026-05-04 11:15:15,019 [INFO] disconnecting
2026-05-04 11:15:15,020 [INFO] ANSWER connectionClosed {}
2026-05-04 11:15:16,904 [INFO] disconnecting
2026-05-04 11:15:16,904 [INFO] ANSWER connectionClosed {}
2026-05-04 11:15:21,930 [INFO] sent startApi
2026-05-04 11:15:21,930 [INFO] REQUEST startApi {}
2026-05-04 11:15:21,930 [INFO] SENDING startApi b'\x00\x00\x00\t71\x002\x0030\x00\x00'
2026-05-04 11:15:21,930 [INFO] ANSWER connectAck {}
2026-05-04 11:15:21,932 [INFO] ANSWER managedAccounts {'accountsList': 'DUP838882'}
2026-05-04 11:15:23,001 [INFO] REQUEST placeOrder {'orderId': 23, 'contract': 4679857488: 0,BTC,CRYPTO,,0.0,,,PAXOS,,USD,,,False,,combo:, 'order': 4679857200: 0,0,0: LMT BUY 1@77624.410000 }
2026-05-04 11:15:23,002 [INFO] SENDING placeOrder b'\x00\x00\x01?3\x0023\x000\x00BTC\x00CRYPTO\x00\x000.0\x00\x00\x00PAXOS\x00\x00USD\x00\x00\x00\x00\x00BUY\x001\x00LMT\x0077624.41\x00\x00\x00\x00\x00\x000\x00\x001\x000\x000\x000\x000\x000\x000\x000\x00\x000\x00\x00\x00\x00\x00\x00\x00\x000\x00\x00-1\x000\x00\x00\x000\x00\x00\x000\x000\x00\x000\x00\x00\x00\x00\x00\x000\x00\x00\x00\x00\x000\x00\x00\x00\x00\x00\x00\x00\x00\x00\x00\x000\x00\x00\x000\x000\x00\x00\x000\x00\x000\x000\x000\x000\x00\x001.7976931348623157e+308\x001.7976931348623157e+308\x001.7976931348623157e+308\x001.7976931348623157e+308\x001.7976931348623157e+308\x000\x00\x00\x00\x001.7976931348623157e+308\x00\x00\x00\x00\x000\x000\x000\x00\x00'
2026-05-04 11:15:26,038 [INFO] disconnecting
2026-05-04 11:15:26,039 [INFO] ANSWER connectionClosed {}
2026-05-04 11:15:27,566 [INFO] CIERRE: BTC | TRAILING STOP | PnL -3.06%
2026-05-04 11:15:35,184 [INFO] APERTURA: VENDER BTC | Conv 95.0% | Riesgo 4/10
2026-05-04 11:15:35,207 [INFO] sent startApi
2026-05-04 11:15:35,208 [INFO] REQUEST startApi {}
2026-05-04 11:15:35,208 [INFO] SENDING startApi b'\x00\x00\x00\t71\x002\x0010\x00\x00'
2026-05-04 11:15:35,208 [INFO] ANSWER connectAck {}
2026-05-04 11:15:35,209 [INFO] ANSWER managedAccounts {'accountsList': 'DUP838882'}
2026-05-04 11:15:36,217 [INFO] REQUEST placeOrder {'orderId': 20, 'contract': 4667587024: 0,BTC,CRYPTO,,0.0,,,PAXOS,,USD,,,False,,combo:, 'order': 4667587120: 0,0,0: MKT SELL 1@179769313486231570814527423731704356798070567525844996598917476803157260780028538760589558632766878171540458953514382464234321326889464182768467546703537516986049910576551282076245490090389328944075868508455133942304583236903222948165808559332123348274797826204144723168738177180919299881250404026184124858368.000000 }
2026-05-04 11:15:36,217 [INFO] SENDING placeOrder b'\x00\x00\x0183\x0020\x000\x00BTC\x00CRYPTO\x00\x000.0\x00\x00\x00PAXOS\x00\x00USD\x00\x00\x00\x00\x00SELL\x001\x00MKT\x00\x00\x00\x00\x00\x00\x000\x00\x000\x000\x000\x000\x000\x000\x000\x000\x00\x000\x00\x00\x00\x00\x00\x00\x00\x000\x00\x00-1\x000\x00\x00\x000\x00\x00\x000\x000\x00\x000\x00\x00\x00\x00\x00\x000\x00\x00\x00\x00\x000\x00\x00\x00\x00\x00\x00\x00\x00\x00\x00\x000\x00\x00\x000\x000\x00\x00\x000\x00\x000\x000\x000\x000\x00\x001.7976931348623157e+308\x001.7976931348623157e+308\x001.7976931348623157e+308\x001.7976931348623157e+308\x001.7976931348623157e+308\x000\x00\x00\x00\x001.7976931348623157e+308\x00\x00\x00\x00\x000\x000\x000\x00\x00'
2026-05-04 11:15:36,491 [INFO] REQUEST placeOrder {'orderId': 21, 'contract': 4667587024: 0,BTC,CRYPTO,,0.0,,,PAXOS,,USD,,,False,,combo:, 'order': 4667588032: 0,0,0: STP BUY 1@179769313486231570814527423731704356798070567525844996598917476803157260780028538760589558632766878171540458953514382464234321326889464182768467546703537516986049910576551282076245490090389328944075868508455133942304583236903222948165808559332123348274797826204144723168738177180919299881250404026184124858368.000000 }
2026-05-04 11:15:36,492 [INFO] SENDING placeOrder b'\x00\x00\x01@3\x0021\x000\x00BTC\x00CRYPTO\x00\x000.0\x00\x00\x00PAXOS\x00\x00USD\x00\x00\x00\x00\x00BUY\x001\x00STP\x00\x0081332.14\x00\x00\x00\x00\x000\x00\x000\x0020\x000\x000\x000\x000\x000\x000\x00\x000\x00\x00\x00\x00\x00\x00\x00\x000\x00\x00-1\x000\x00\x00\x000\x00\x00\x000\x000\x00\x000\x00\x00\x00\x00\x00\x000\x00\x00\x00\x00\x000\x00\x00\x00\x00\x00\x00\x00\x00\x00\x00\x000\x00\x00\x000\x000\x00\x00\x000\x00\x000\x000\x000\x000\x00\x001.7976931348623157e+308\x001.7976931348623157e+308\x001.7976931348623157e+308\x001.7976931348623157e+308\x001.7976931348623157e+308\x000\x00\x00\x00\x001.7976931348623157e+308\x00\x00\x00\x00\x000\x000\x000\x00\x00'
2026-05-04 11:15:36,742 [INFO] REQUEST placeOrder {'orderId': 22, 'contract': 4667587024: 0,BTC,CRYPTO,,0.0,,,PAXOS,,USD,,,False,,combo:, 'order': 4667584960: 0,0,0: LMT BUY 1@80800.000000 }
2026-05-04 11:15:36,743 [INFO] SENDING placeOrder b'\x00\x00\x01?3\x0022\x000\x00BTC\x00CRYPTO\x00\x000.0\x00\x00\x00PAXOS\x00\x00USD\x00\x00\x00\x00\x00BUY\x001\x00LMT\x0080800.0\x00\x00\x00\x00\x00\x000\x00\x001\x0020\x000\x000\x000\x000\x000\x000\x00\x000\x00\x00\x00\x00\x00\x00\x00\x000\x00\x00-1\x000\x00\x00\x000\x00\x00\x000\x000\x00\x000\x00\x00\x00\x00\x00\x000\x00\x00\x00\x00\x000\x00\x00\x00\x00\x00\x00\x00\x00\x00\x00\x000\x00\x00\x000\x000\x00\x00\x000\x00\x000\x000\x000\x000\x00\x001.7976931348623157e+308\x001.7976931348623157e+308\x001.7976931348623157e+308\x001.7976931348623157e+308\x001.7976931348623157e+308\x000\x00\x00\x00\x001.7976931348623157e+308\x00\x00\x00\x00\x000\x000\x000\x00\x00'
2026-05-04 11:15:38,653 [INFO] disconnecting
2026-05-04 11:15:38,654 [INFO] ANSWER connectionClosed {}
2026-05-04 11:15:38,673 [INFO] Ciclo completado: 1 aperturas, 1 cierres
2026-05-04 11:15:38,673 [INFO] Ciclo completado: 1 aperturas, 1 cierres, 2 rechazadas
2026-05-04 11:20:00,447 [INFO] === CICLO AUTOMÁTICO INICIADO ===
2026-05-04 11:20:04,704 [INFO] sent startApi
2026-05-04 11:20:04,726 [INFO] REQUEST startApi {}
2026-05-04 11:20:04,737 [INFO] SENDING startApi b'\x00\x00\x00\t71\x002\x0050\x00\x00'
2026-05-04 11:20:04,761 [INFO] ANSWER connectAck {}
2026-05-04 11:20:04,765 [INFO] ANSWER managedAccounts {'accountsList': 'DUP838882'}
2026-05-04 11:20:05,095 [INFO] sent startApi
2026-05-04 11:20:05,095 [INFO] REQUEST startApi {}
2026-05-04 11:20:05,095 [INFO] SENDING startApi b'\x00\x00\x00\t71\x002\x0070\x00\x00'
2026-05-04 11:20:05,095 [INFO] ANSWER connectAck {}
2026-05-04 11:20:05,096 [INFO] ANSWER managedAccounts {'accountsList': 'DUP838882'}
2026-05-04 11:20:05,330 [INFO] REQUEST reqMktData {'reqId': 1, 'contract': 4538984816: 0,SQM,STK,,0.0,,,NYSE,,USD,,,False,,combo:, 'genericTickList': '100,101,106,233', 'snapshot': False, 'regulatorySnapshot': False, 'mktDataOptions': []}
2026-05-04 11:20:05,334 [INFO] SENDING reqMktData b'\x00\x00\x00;1\x0011\x001\x000\x00SQM\x00STK\x00\x000.0\x00\x00\x00NYSE\x00\x00USD\x00\x00\x000\x00100,101,106,233\x000\x000\x00\x00'
2026-05-04 11:20:05,622 [INFO] REQUEST reqMktData {'reqId': 2, 'contract': 4700209056: 0,ECH,STK,,0.0,,,NYSE,,USD,,,False,,combo:, 'genericTickList': '100,101,106,233', 'snapshot': False, 'regulatorySnapshot': False, 'mktDataOptions': []}
2026-05-04 11:20:05,642 [INFO] SENDING reqMktData b'\x00\x00\x00;1\x0011\x002\x000\x00ECH\x00STK\x00\x000.0\x00\x00\x00NYSE\x00\x00USD\x00\x00\x000\x00100,101,106,233\x000\x000\x00\x00'
2026-05-04 11:20:05,674 [INFO] REQUEST reqMktDepth {'reqId': 100, 'contract': 4538635120: 0,SQM,STK,,0.0,,,SN,,CLP,,,False,,combo:, 'numRows': 5, 'isSmartDepth': False, 'mktDepthOptions': []}
2026-05-04 11:20:05,690 [INFO] SENDING reqMktDepth b'\x00\x00\x00)10\x005\x00100\x000\x00SQM\x00STK\x00\x000.0\x00\x00\x00SN\x00\x00CLP\x00\x00\x005\x000\x00\x00'
2026-05-04 11:20:05,812 [INFO] REQUEST reqMktDepth {'reqId': 101, 'contract': 4539108080: 0,COPEC,STK,,0.0,,,SN,,CLP,,,False,,combo:, 'numRows': 5, 'isSmartDepth': False, 'mktDepthOptions': []}
2026-05-04 11:20:05,813 [INFO] SENDING reqMktDepth b'\x00\x00\x00+10\x005\x00101\x000\x00COPEC\x00STK\x00\x000.0\x00\x00\x00SN\x00\x00CLP\x00\x00\x005\x000\x00\x00'
2026-05-04 11:20:05,926 [INFO] REQUEST reqMktData {'reqId': 3, 'contract': 4700620304: 0,GLD,STK,,0.0,,,NYSE,,USD,,,False,,combo:, 'genericTickList': '100,101,106,233', 'snapshot': False, 'regulatorySnapshot': False, 'mktDataOptions': []}
2026-05-04 11:20:05,926 [INFO] SENDING reqMktData b'\x00\x00\x00;1\x0011\x003\x000\x00GLD\x00STK\x00\x000.0\x00\x00\x00NYSE\x00\x00USD\x00\x00\x000\x00100,101,106,233\x000\x000\x00\x00'
2026-05-04 11:20:05,986 [INFO] REQUEST reqMktDepth {'reqId': 102, 'contract': 4700142176: 0,BCI,STK,,0.0,,,SN,,CLP,,,False,,combo:, 'numRows': 5, 'isSmartDepth': False, 'mktDepthOptions': []}
2026-05-04 11:20:05,987 [INFO] SENDING reqMktDepth b'\x00\x00\x00)10\x005\x00102\x000\x00BCI\x00STK\x00\x000.0\x00\x00\x00SN\x00\x00CLP\x00\x00\x005\x000\x00\x00'
2026-05-04 11:20:06,182 [INFO] REQUEST reqMktDepth {'reqId': 103, 'contract': 4700647536: 0,BSAC,STK,,0.0,,,SMART,,USD,,,False,,combo:, 'numRows': 5, 'isSmartDepth': False, 'mktDepthOptions': []}
2026-05-04 11:20:06,185 [INFO] SENDING reqMktDepth b'\x00\x00\x00-10\x005\x00103\x000\x00BSAC\x00STK\x00\x000.0\x00\x00\x00SMART\x00\x00USD\x00\x00\x005\x000\x00\x00'
2026-05-04 11:20:06,205 [INFO] REQUEST reqMktData {'reqId': 4, 'contract': 4700715808: 0,SPY,STK,,0.0,,,NYSE,,USD,,,False,,combo:, 'genericTickList': '100,101,106,233', 'snapshot': False, 'regulatorySnapshot': False, 'mktDataOptions': []}
2026-05-04 11:20:06,205 [INFO] SENDING reqMktData b'\x00\x00\x00;1\x0011\x004\x000\x00SPY\x00STK\x00\x000.0\x00\x00\x00NYSE\x00\x00USD\x00\x00\x000\x00100,101,106,233\x000\x000\x00\x00'
2026-05-04 11:20:06,360 [INFO] REQUEST reqMktDepth {'reqId': 104, 'contract': 4700598128: 0,BCH,STK,,0.0,,,SMART,,USD,,,False,,combo:, 'numRows': 5, 'isSmartDepth': False, 'mktDepthOptions': []}
2026-05-04 11:20:06,360 [INFO] SENDING reqMktDepth b'\x00\x00\x00,10\x005\x00104\x000\x00BCH\x00STK\x00\x000.0\x00\x00\x00SMART\x00\x00USD\x00\x00\x005\x000\x00\x00'
2026-05-04 11:20:06,470 [INFO] REQUEST reqMktData {'reqId': 5, 'contract': 4543292320: 0,GC,FUT,202606,0.0,,,COMEX,,USD,,,False,,combo:, 'genericTickList': '100,101,106,233', 'snapshot': False, 'regulatorySnapshot': False, 'mktDataOptions': []}
2026-05-04 11:20:06,486 [INFO] SENDING reqMktData b'\x00\x00\x00A1\x0011\x005\x000\x00GC\x00FUT\x00202606\x000.0\x00\x00\x00COMEX\x00\x00USD\x00\x00\x000\x00100,101,106,233\x000\x000\x00\x00'
2026-05-04 11:20:06,545 [INFO] REQUEST reqMktDepth {'reqId': 105, 'contract': 4700338784: 0,FALABELLA,STK,,0.0,,,SN,,CLP,,,False,,combo:, 'numRows': 5, 'isSmartDepth': False, 'mktDepthOptions': []}
2026-05-04 11:20:06,546 [INFO] SENDING reqMktDepth b'\x00\x00\x00/10\x005\x00105\x000\x00FALABELLA\x00STK\x00\x000.0\x00\x00\x00SN\x00\x00CLP\x00\x00\x005\x000\x00\x00'
2026-05-04 11:20:06,722 [INFO] REQUEST reqMktDepth {'reqId': 106, 'contract': 4700471104: 0,CENCOSUD,STK,,0.0,,,SN,,CLP,,,False,,combo:, 'numRows': 5, 'isSmartDepth': False, 'mktDepthOptions': []}
2026-05-04 11:20:06,726 [INFO] SENDING reqMktDepth b'\x00\x00\x00.10\x005\x00106\x000\x00CENCOSUD\x00STK\x00\x000.0\x00\x00\x00SN\x00\x00CLP\x00\x00\x005\x000\x00\x00'
2026-05-04 11:20:06,769 [ERROR] $CFR.SN: possibly delisted; no price data found  (period=3mo)
2026-05-04 11:20:06,770 [INFO] REQUEST reqMktData {'reqId': 6, 'contract': 4700467648: 0,HG,FUT,202606,0.0,,,COMEX,,USD,,,False,,combo:, 'genericTickList': '100,101,106,233', 'snapshot': False, 'regulatorySnapshot': False, 'mktDataOptions': []}
2026-05-04 11:20:06,775 [INFO] SENDING reqMktData b'\x00\x00\x00A1\x0011\x006\x000\x00HG\x00FUT\x00202606\x000.0\x00\x00\x00COMEX\x00\x00USD\x00\x00\x000\x00100,101,106,233\x000\x000\x00\x00'
2026-05-04 11:20:06,891 [INFO] REQUEST reqMktDepth {'reqId': 107, 'contract': 4700576880: 0,CMPC,STK,,0.0,,,SN,,CLP,,,False,,combo:, 'numRows': 5, 'isSmartDepth': False, 'mktDepthOptions': []}
2026-05-04 11:20:06,891 [INFO] SENDING reqMktDepth b'\x00\x00\x00*10\x005\x00107\x000\x00CMPC\x00STK\x00\x000.0\x00\x00\x00SN\x00\x00CLP\x00\x00\x005\x000\x00\x00'
2026-05-04 11:20:07,052 [ERROR] $ENDESA.SN: possibly delisted; no price data found  (period=3mo)
2026-05-04 11:20:07,067 [INFO] REQUEST reqMktDepth {'reqId': 108, 'contract': 4539105920: 0,COLBUN,STK,,0.0,,,SN,,CLP,,,False,,combo:, 'numRows': 5, 'isSmartDepth': False, 'mktDepthOptions': []}
2026-05-04 11:20:07,067 [INFO] SENDING reqMktDepth b'\x00\x00\x00,10\x005\x00108\x000\x00COLBUN\x00STK\x00\x000.0\x00\x00\x00SN\x00\x00CLP\x00\x00\x005\x000\x00\x00'
2026-05-04 11:20:07,260 [INFO] REQUEST reqMktDepth {'reqId': 109, 'contract': 4701855408: 0,ENELCHILE,STK,,0.0,,,SN,,CLP,,,False,,combo:, 'numRows': 5, 'isSmartDepth': False, 'mktDepthOptions': []}
2026-05-04 11:20:07,260 [INFO] SENDING reqMktDepth b'\x00\x00\x00/10\x005\x00109\x000\x00ENELCHILE\x00STK\x00\x000.0\x00\x00\x00SN\x00\x00CLP\x00\x00\x005\x000\x00\x00'
2026-05-04 11:20:07,433 [INFO] REQUEST reqMktDepth {'reqId': 110, 'contract': 4543291744: 0,ENELAM,STK,,0.0,,,SN,,CLP,,,False,,combo:, 'numRows': 5, 'isSmartDepth': False, 'mktDepthOptions': []}
2026-05-04 11:20:07,434 [INFO] SENDING reqMktDepth b'\x00\x00\x00,10\x005\x00110\x000\x00ENELAM\x00STK\x00\x000.0\x00\x00\x00SN\x00\x00CLP\x00\x00\x005\x000\x00\x00'
2026-05-04 11:20:07,564 [INFO] REQUEST reqMktDepth {'reqId': 111, 'contract': 4700140688: 0,ENTEL,STK,,0.0,,,SN,,CLP,,,False,,combo:, 'numRows': 5, 'isSmartDepth': False, 'mktDepthOptions': []}
2026-05-04 11:20:07,564 [INFO] SENDING reqMktDepth b'\x00\x00\x00+10\x005\x00111\x000\x00ENTEL\x00STK\x00\x000.0\x00\x00\x00SN\x00\x00CLP\x00\x00\x005\x000\x00\x00'
2026-05-04 11:20:07,720 [INFO] REQUEST reqMktDepth {'reqId': 112, 'contract': 4700575872: 0,LTM,STK,,0.0,,,SMART,,USD,,,False,,combo:, 'numRows': 5, 'isSmartDepth': False, 'mktDepthOptions': []}
2026-05-04 11:20:07,720 [INFO] SENDING reqMktDepth b'\x00\x00\x00,10\x005\x00112\x000\x00LTM\x00STK\x00\x000.0\x00\x00\x00SMART\x00\x00USD\x00\x00\x005\x000\x00\x00'
2026-05-04 11:20:07,896 [INFO] REQUEST reqMktDepth {'reqId': 113, 'contract': 4541036864: 0,CAP,STK,,0.0,,,SN,,CLP,,,False,,combo:, 'numRows': 5, 'isSmartDepth': False, 'mktDepthOptions': []}
2026-05-04 11:20:07,896 [INFO] SENDING reqMktDepth b'\x00\x00\x00)10\x005\x00113\x000\x00CAP\x00STK\x00\x000.0\x00\x00\x00SN\x00\x00CLP\x00\x00\x005\x000\x00\x00'
2026-05-04 11:20:08,002 [INFO] REQUEST reqMktDepth {'reqId': 114, 'contract': 4700140640: 0,CCU,STK,,0.0,,,SN,,CLP,,,False,,combo:, 'numRows': 5, 'isSmartDepth': False, 'mktDepthOptions': []}
2026-05-04 11:20:08,036 [INFO] SENDING reqMktDepth b'\x00\x00\x00)10\x005\x00114\x000\x00CCU\x00STK\x00\x000.0\x00\x00\x00SN\x00\x00CLP\x00\x00\x005\x000\x00\x00'
2026-05-04 11:20:08,989 [ERROR] $BANMEDICA.SN: possibly delisted; no price data found  (period=3mo) (Yahoo error = "No data found, symbol may be delisted")
2026-05-04 11:20:15,119 [INFO] disconnecting
2026-05-04 11:20:15,120 [INFO] ANSWER connectionClosed {}
2026-05-04 11:20:16,259 [INFO] disconnecting
2026-05-04 11:20:16,259 [INFO] ANSWER connectionClosed {}
2026-05-04 11:20:34,698 [INFO] sent startApi
2026-05-04 11:20:34,699 [INFO] REQUEST startApi {}
2026-05-04 11:20:34,699 [INFO] SENDING startApi b'\x00\x00\x00\t71\x002\x0030\x00\x00'
2026-05-04 11:20:34,699 [INFO] ANSWER connectAck {}
2026-05-04 11:20:34,701 [INFO] ANSWER managedAccounts {'accountsList': 'DUP838882'}
2026-05-04 11:20:35,722 [INFO] REQUEST placeOrder {'orderId': 23, 'contract': 4702086816: 0,BTC,CRYPTO,,0.0,,,PAXOS,,USD,,,False,,combo:, 'order': 4702087488: 0,0,0: LMT BUY 1@80800.000000 }
2026-05-04 11:20:35,723 [INFO] SENDING placeOrder b'\x00\x00\x01>3\x0023\x000\x00BTC\x00CRYPTO\x00\x000.0\x00\x00\x00PAXOS\x00\x00USD\x00\x00\x00\x00\x00BUY\x001\x00LMT\x0080800.0\x00\x00\x00\x00\x00\x000\x00\x001\x000\x000\x000\x000\x000\x000\x000\x00\x000\x00\x00\x00\x00\x00\x00\x00\x000\x00\x00-1\x000\x00\x00\x000\x00\x00\x000\x000\x00\x000\x00\x00\x00\x00\x00\x000\x00\x00\x00\x00\x000\x00\x00\x00\x00\x00\x00\x00\x00\x00\x00\x000\x00\x00\x000\x000\x00\x00\x000\x00\x000\x000\x000\x000\x00\x001.7976931348623157e+308\x001.7976931348623157e+308\x001.7976931348623157e+308\x001.7976931348623157e+308\x001.7976931348623157e+308\x000\x00\x00\x00\x001.7976931348623157e+308\x00\x00\x00\x00\x000\x000\x000\x00\x00'
2026-05-04 11:20:38,735 [INFO] disconnecting
2026-05-04 11:20:38,735 [INFO] ANSWER connectionClosed {}
2026-05-04 11:20:40,293 [INFO] sent startApi
2026-05-04 11:20:40,293 [INFO] REQUEST startApi {}
2026-05-04 11:20:40,294 [INFO] SENDING startApi b'\x00\x00\x00\t71\x002\x0030\x00\x00'
2026-05-04 11:20:40,294 [INFO] ANSWER connectAck {}
2026-05-04 11:20:40,295 [INFO] ANSWER managedAccounts {'accountsList': 'DUP838882'}
2026-05-04 11:20:41,367 [INFO] REQUEST placeOrder {'orderId': 23, 'contract': 4543120960: 0,BTC,CRYPTO,,0.0,,,PAXOS,,USD,,,False,,combo:, 'order': 4543121104: 0,0,0: LMT BUY 1@80800.000000 }
2026-05-04 11:20:41,367 [INFO] SENDING placeOrder b'\x00\x00\x01>3\x0023\x000\x00BTC\x00CRYPTO\x00\x000.0\x00\x00\x00PAXOS\x00\x00USD\x00\x00\x00\x00\x00BUY\x001\x00LMT\x0080800.0\x00\x00\x00\x00\x00\x000\x00\x001\x000\x000\x000\x000\x000\x000\x000\x00\x000\x00\x00\x00\x00\x00\x00\x00\x000\x00\x00-1\x000\x00\x00\x000\x00\x00\x000\x000\x00\x000\x00\x00\x00\x00\x00\x000\x00\x00\x00\x00\x000\x00\x00\x00\x00\x00\x00\x00\x00\x00\x00\x000\x00\x00\x000\x000\x00\x00\x000\x00\x000\x000\x000\x000\x00\x001.7976931348623157e+308\x001.7976931348623157e+308\x001.7976931348623157e+308\x001.7976931348623157e+308\x001.7976931348623157e+308\x000\x00\x00\x00\x001.7976931348623157e+308\x00\x00\x00\x00\x000\x000\x000\x00\x00'
2026-05-04 11:20:44,442 [INFO] disconnecting
2026-05-04 11:20:44,442 [INFO] ANSWER connectionClosed {}
2026-05-04 11:20:45,671 [INFO] CIERRE: BTC | TRAILING STOP | PnL -2.28%
2026-05-04 11:20:45,682 [INFO] CIERRE: BTC | TAKE PROFIT | PnL +0.79%
2026-05-04 11:20:52,897 [INFO] APERTURA: VENDER BTC | Conv 95.0% | Riesgo 4/10
2026-05-04 11:20:52,914 [INFO] sent startApi
2026-05-04 11:20:52,914 [INFO] REQUEST startApi {}
2026-05-04 11:20:52,914 [INFO] SENDING startApi b'\x00\x00\x00\t71\x002\x0010\x00\x00'
2026-05-04 11:20:52,914 [INFO] ANSWER connectAck {}
2026-05-04 11:20:52,933 [INFO] ANSWER managedAccounts {'accountsList': 'DUP838882'}
2026-05-04 11:20:53,997 [INFO] REQUEST placeOrder {'orderId': 21, 'contract': 4700062048: 0,BTC,CRYPTO,,0.0,,,PAXOS,,USD,,,False,,combo:, 'order': 4700062096: 0,0,0: MKT SELL 1@179769313486231570814527423731704356798070567525844996598917476803157260780028538760589558632766878171540458953514382464234321326889464182768467546703537516986049910576551282076245490090389328944075868508455133942304583236903222948165808559332123348274797826204144723168738177180919299881250404026184124858368.000000 }
2026-05-04 11:20:53,997 [INFO] SENDING placeOrder b'\x00\x00\x0183\x0021\x000\x00BTC\x00CRYPTO\x00\x000.0\x00\x00\x00PAXOS\x00\x00USD\x00\x00\x00\x00\x00SELL\x001\x00MKT\x00\x00\x00\x00\x00\x00\x000\x00\x000\x000\x000\x000\x000\x000\x000\x000\x00\x000\x00\x00\x00\x00\x00\x00\x00\x000\x00\x00-1\x000\x00\x00\x000\x00\x00\x000\x000\x00\x000\x00\x00\x00\x00\x00\x000\x00\x00\x00\x00\x000\x00\x00\x00\x00\x00\x00\x00\x00\x00\x00\x000\x00\x00\x000\x000\x00\x00\x000\x00\x000\x000\x000\x000\x00\x001.7976931348623157e+308\x001.7976931348623157e+308\x001.7976931348623157e+308\x001.7976931348623157e+308\x001.7976931348623157e+308\x000\x00\x00\x00\x001.7976931348623157e+308\x00\x00\x00\x00\x000\x000\x000\x00\x00'
2026-05-04 11:20:54,210 [INFO] REQUEST placeOrder {'orderId': 22, 'contract': 4700062048: 0,BTC,CRYPTO,,0.0,,,PAXOS,,USD,,,False,,combo:, 'order': 4700062624: 0,0,0: STP BUY 1@179769313486231570814527423731704356798070567525844996598917476803157260780028538760589558632766878171540458953514382464234321326889464182768467546703537516986049910576551282076245490090389328944075868508455133942304583236903222948165808559332123348274797826204144723168738177180919299881250404026184124858368.000000 }
2026-05-04 11:20:54,210 [INFO] SENDING placeOrder b'\x00\x00\x01?3\x0022\x000\x00BTC\x00CRYPTO\x00\x000.0\x00\x00\x00PAXOS\x00\x00USD\x00\x00\x00\x00\x00BUY\x001\x00STP\x00\x0080800.0\x00\x00\x00\x00\x000\x00\x000\x0021\x000\x000\x000\x000\x000\x000\x00\x000\x00\x00\x00\x00\x00\x00\x00\x000\x00\x00-1\x000\x00\x00\x000\x00\x00\x000\x000\x00\x000\x00\x00\x00\x00\x00\x000\x00\x00\x00\x00\x000\x00\x00\x00\x00\x00\x00\x00\x00\x00\x00\x000\x00\x00\x000\x000\x00\x00\x000\x00\x000\x000\x000\x000\x00\x001.7976931348623157e+308\x001.7976931348623157e+308\x001.7976931348623157e+308\x001.7976931348623157e+308\x001.7976931348623157e+308\x000\x00\x00\x00\x001.7976931348623157e+308\x00\x00\x00\x00\x000\x000\x000\x00\x00'
2026-05-04 11:20:54,485 [INFO] REQUEST placeOrder {'orderId': 23, 'contract': 4700062048: 0,BTC,CRYPTO,,0.0,,,PAXOS,,USD,,,False,,combo:, 'order': 4700063344: 0,0,0: LMT BUY 1@77624.410000 }
2026-05-04 11:20:54,486 [INFO] SENDING placeOrder b'\x00\x00\x01@3\x0023\x000\x00BTC\x00CRYPTO\x00\x000.0\x00\x00\x00PAXOS\x00\x00USD\x00\x00\x00\x00\x00BUY\x001\x00LMT\x0077624.41\x00\x00\x00\x00\x00\x000\x00\x001\x0021\x000\x000\x000\x000\x000\x000\x00\x000\x00\x00\x00\x00\x00\x00\x00\x000\x00\x00-1\x000\x00\x00\x000\x00\x00\x000\x000\x00\x000\x00\x00\x00\x00\x00\x000\x00\x00\x00\x00\x000\x00\x00\x00\x00\x00\x00\x00\x00\x00\x00\x000\x00\x00\x000\x000\x00\x00\x000\x00\x000\x000\x000\x000\x00\x001.7976931348623157e+308\x001.7976931348623157e+308\x001.7976931348623157e+308\x001.7976931348623157e+308\x001.7976931348623157e+308\x000\x00\x00\x00\x001.7976931348623157e+308\x00\x00\x00\x00\x000\x000\x000\x00\x00'
2026-05-04 11:20:56,339 [INFO] disconnecting
2026-05-04 11:20:56,340 [INFO] ANSWER connectionClosed {}
2026-05-04 11:20:56,359 [INFO] Ciclo completado: 1 aperturas, 2 cierres
2026-05-04 11:20:56,360 [INFO] Ciclo completado: 1 aperturas, 2 cierres, 2 rechazadas
2026-05-04 11:25:01,177 [INFO] === CICLO AUTOMÁTICO INICIADO ===
2026-05-04 11:25:06,904 [INFO] sent startApi
2026-05-04 11:25:06,918 [INFO] REQUEST startApi {}
2026-05-04 11:25:06,918 [INFO] SENDING startApi b'\x00\x00\x00\t71\x002\x0050\x00\x00'
2026-05-04 11:25:06,918 [INFO] ANSWER connectAck {}
2026-05-04 11:25:06,927 [INFO] ANSWER managedAccounts {'accountsList': 'DUP838882'}
2026-05-04 11:25:07,170 [INFO] sent startApi
2026-05-04 11:25:07,170 [INFO] REQUEST startApi {}
2026-05-04 11:25:07,170 [INFO] SENDING startApi b'\x00\x00\x00\t71\x002\x0070\x00\x00'
2026-05-04 11:25:07,170 [INFO] ANSWER connectAck {}
2026-05-04 11:25:07,172 [INFO] ANSWER managedAccounts {'accountsList': 'DUP838882'}
2026-05-04 11:25:07,497 [INFO] REQUEST reqMktData {'reqId': 1, 'contract': 4536543792: 0,SQM,STK,,0.0,,,NYSE,,USD,,,False,,combo:, 'genericTickList': '100,101,106,233', 'snapshot': False, 'regulatorySnapshot': False, 'mktDataOptions': []}
2026-05-04 11:25:07,497 [INFO] SENDING reqMktData b'\x00\x00\x00;1\x0011\x001\x000\x00SQM\x00STK\x00\x000.0\x00\x00\x00NYSE\x00\x00USD\x00\x00\x000\x00100,101,106,233\x000\x000\x00\x00'
2026-05-04 11:25:07,741 [INFO] REQUEST reqMktDepth {'reqId': 100, 'contract': 4532884480: 0,SQM,STK,,0.0,,,SN,,CLP,,,False,,combo:, 'numRows': 5, 'isSmartDepth': False, 'mktDepthOptions': []}
2026-05-04 11:25:07,741 [INFO] SENDING reqMktDepth b'\x00\x00\x00)10\x005\x00100\x000\x00SQM\x00STK\x00\x000.0\x00\x00\x00SN\x00\x00CLP\x00\x00\x005\x000\x00\x00'
2026-05-04 11:25:07,773 [INFO] REQUEST reqMktData {'reqId': 2, 'contract': 4535384048: 0,ECH,STK,,0.0,,,NYSE,,USD,,,False,,combo:, 'genericTickList': '100,101,106,233', 'snapshot': False, 'regulatorySnapshot': False, 'mktDataOptions': []}
2026-05-04 11:25:07,773 [INFO] SENDING reqMktData b'\x00\x00\x00;1\x0011\x002\x000\x00ECH\x00STK\x00\x000.0\x00\x00\x00NYSE\x00\x00USD\x00\x00\x000\x00100,101,106,233\x000\x000\x00\x00'
2026-05-04 11:25:07,907 [INFO] REQUEST reqMktDepth {'reqId': 101, 'contract': 4532676448: 0,COPEC,STK,,0.0,,,SN,,CLP,,,False,,combo:, 'numRows': 5, 'isSmartDepth': False, 'mktDepthOptions': []}
2026-05-04 11:25:07,907 [INFO] SENDING reqMktDepth b'\x00\x00\x00+10\x005\x00101\x000\x00COPEC\x00STK\x00\x000.0\x00\x00\x00SN\x00\x00CLP\x00\x00\x005\x000\x00\x00'
2026-05-04 11:25:08,040 [INFO] REQUEST reqMktData {'reqId': 3, 'contract': 4536541680: 0,GLD,STK,,0.0,,,NYSE,,USD,,,False,,combo:, 'genericTickList': '100,101,106,233', 'snapshot': False, 'regulatorySnapshot': False, 'mktDataOptions': []}
2026-05-04 11:25:08,040 [INFO] SENDING reqMktData b'\x00\x00\x00;1\x0011\x003\x000\x00GLD\x00STK\x00\x000.0\x00\x00\x00NYSE\x00\x00USD\x00\x00\x000\x00100,101,106,233\x000\x000\x00\x00'
2026-05-04 11:25:08,075 [INFO] REQUEST reqMktDepth {'reqId': 102, 'contract': 4534695200: 0,BCI,STK,,0.0,,,SN,,CLP,,,False,,combo:, 'numRows': 5, 'isSmartDepth': False, 'mktDepthOptions': []}
2026-05-04 11:25:08,077 [INFO] SENDING reqMktDepth b'\x00\x00\x00)10\x005\x00102\x000\x00BCI\x00STK\x00\x000.0\x00\x00\x00SN\x00\x00CLP\x00\x00\x005\x000\x00\x00'
2026-05-04 11:25:08,221 [INFO] sent startApi
2026-05-04 11:25:08,222 [INFO] REQUEST startApi {}
2026-05-04 11:25:08,223 [INFO] SENDING startApi b'\x00\x00\x00\t71\x002\x0030\x00\x00'
2026-05-04 11:25:08,223 [INFO] ANSWER connectAck {}
2026-05-04 11:25:08,225 [INFO] ANSWER managedAccounts {'accountsList': 'DUP838882'}
2026-05-04 11:25:08,250 [INFO] REQUEST reqMktDepth {'reqId': 103, 'contract': 4533378400: 0,BSAC,STK,,0.0,,,SMART,,USD,,,False,,combo:, 'numRows': 5, 'isSmartDepth': False, 'mktDepthOptions': []}
2026-05-04 11:25:08,250 [INFO] SENDING reqMktDepth b'\x00\x00\x00-10\x005\x00103\x000\x00BSAC\x00STK\x00\x000.0\x00\x00\x00SMART\x00\x00USD\x00\x00\x005\x000\x00\x00'
2026-05-04 11:25:08,286 [INFO] REQUEST reqMktData {'reqId': 4, 'contract': 4537017776: 0,SPY,STK,,0.0,,,NYSE,,USD,,,False,,combo:, 'genericTickList': '100,101,106,233', 'snapshot': False, 'regulatorySnapshot': False, 'mktDataOptions': []}
2026-05-04 11:25:08,286 [INFO] SENDING reqMktData b'\x00\x00\x00;1\x0011\x004\x000\x00SPY\x00STK\x00\x000.0\x00\x00\x00NYSE\x00\x00USD\x00\x00\x000\x00100,101,106,233\x000\x000\x00\x00'
2026-05-04 11:25:08,423 [INFO] REQUEST reqMktDepth {'reqId': 104, 'contract': 4537017968: 0,BCH,STK,,0.0,,,SMART,,USD,,,False,,combo:, 'numRows': 5, 'isSmartDepth': False, 'mktDepthOptions': []}
2026-05-04 11:25:08,423 [INFO] SENDING reqMktDepth b'\x00\x00\x00,10\x005\x00104\x000\x00BCH\x00STK\x00\x000.0\x00\x00\x00SMART\x00\x00USD\x00\x00\x005\x000\x00\x00'
2026-05-04 11:25:08,507 [INFO] REQUEST reqMktData {'reqId': 5, 'contract': 4536948000: 0,GC,FUT,202606,0.0,,,COMEX,,USD,,,False,,combo:, 'genericTickList': '100,101,106,233', 'snapshot': False, 'regulatorySnapshot': False, 'mktDataOptions': []}
2026-05-04 11:25:08,508 [INFO] SENDING reqMktData b'\x00\x00\x00A1\x0011\x005\x000\x00GC\x00FUT\x00202606\x000.0\x00\x00\x00COMEX\x00\x00USD\x00\x00\x000\x00100,101,106,233\x000\x000\x00\x00'
2026-05-04 11:25:08,598 [INFO] REQUEST reqMktDepth {'reqId': 105, 'contract': 4536810992: 0,FALABELLA,STK,,0.0,,,SN,,CLP,,,False,,combo:, 'numRows': 5, 'isSmartDepth': False, 'mktDepthOptions': []}
2026-05-04 11:25:08,601 [INFO] SENDING reqMktDepth b'\x00\x00\x00/10\x005\x00105\x000\x00FALABELLA\x00STK\x00\x000.0\x00\x00\x00SN\x00\x00CLP\x00\x00\x005\x000\x00\x00'
2026-05-04 11:25:08,777 [INFO] REQUEST reqMktDepth {'reqId': 106, 'contract': 4537017488: 0,CENCOSUD,STK,,0.0,,,SN,,CLP,,,False,,combo:, 'numRows': 5, 'isSmartDepth': False, 'mktDepthOptions': []}
2026-05-04 11:25:08,777 [INFO] SENDING reqMktDepth b'\x00\x00\x00.10\x005\x00106\x000\x00CENCOSUD\x00STK\x00\x000.0\x00\x00\x00SN\x00\x00CLP\x00\x00\x005\x000\x00\x00'
2026-05-04 11:25:08,780 [INFO] REQUEST reqMktData {'reqId': 6, 'contract': 4535871136: 0,HG,FUT,202606,0.0,,,COMEX,,USD,,,False,,combo:, 'genericTickList': '100,101,106,233', 'snapshot': False, 'regulatorySnapshot': False, 'mktDataOptions': []}
2026-05-04 11:25:08,780 [INFO] SENDING reqMktData b'\x00\x00\x00A1\x0011\x006\x000\x00HG\x00FUT\x00202606\x000.0\x00\x00\x00COMEX\x00\x00USD\x00\x00\x000\x00100,101,106,233\x000\x000\x00\x00'
2026-05-04 11:25:08,951 [INFO] REQUEST reqMktDepth {'reqId': 107, 'contract': 4536531312: 0,CMPC,STK,,0.0,,,SN,,CLP,,,False,,combo:, 'numRows': 5, 'isSmartDepth': False, 'mktDepthOptions': []}
2026-05-04 11:25:08,953 [INFO] SENDING reqMktDepth b'\x00\x00\x00*10\x005\x00107\x000\x00CMPC\x00STK\x00\x000.0\x00\x00\x00SN\x00\x00CLP\x00\x00\x005\x000\x00\x00'
2026-05-04 11:25:09,123 [INFO] REQUEST reqMktDepth {'reqId': 108, 'contract': 4536543840: 0,COLBUN,STK,,0.0,,,SN,,CLP,,,False,,combo:, 'numRows': 5, 'isSmartDepth': False, 'mktDepthOptions': []}
2026-05-04 11:25:09,123 [INFO] SENDING reqMktDepth b'\x00\x00\x00,10\x005\x00108\x000\x00COLBUN\x00STK\x00\x000.0\x00\x00\x00SN\x00\x00CLP\x00\x00\x005\x000\x00\x00'
2026-05-04 11:25:09,231 [INFO] REQUEST placeOrder {'orderId': 23, 'contract': 6311248464: 0,BTC,CRYPTO,,0.0,,,PAXOS,,USD,,,False,,combo:, 'order': 6304862896: 0,0,0: LMT BUY 1@77624.410000 }
2026-05-04 11:25:09,232 [INFO] SENDING placeOrder b'\x00\x00\x01?3\x0023\x000\x00BTC\x00CRYPTO\x00\x000.0\x00\x00\x00PAXOS\x00\x00USD\x00\x00\x00\x00\x00BUY\x001\x00LMT\x0077624.41\x00\x00\x00\x00\x00\x000\x00\x001\x000\x000\x000\x000\x000\x000\x000\x00\x000\x00\x00\x00\x00\x00\x00\x00\x000\x00\x00-1\x000\x00\x00\x000\x00\x00\x000\x000\x00\x000\x00\x00\x00\x00\x00\x000\x00\x00\x00\x00\x000\x00\x00\x00\x00\x00\x00\x00\x00\x00\x00\x000\x00\x00\x000\x000\x00\x00\x000\x00\x000\x000\x000\x000\x00\x001.7976931348623157e+308\x001.7976931348623157e+308\x001.7976931348623157e+308\x001.7976931348623157e+308\x001.7976931348623157e+308\x000\x00\x00\x00\x001.7976931348623157e+308\x00\x00\x00\x00\x000\x000\x000\x00\x00'
2026-05-04 11:25:09,292 [INFO] REQUEST reqMktDepth {'reqId': 109, 'contract': 4537019264: 0,ENELCHILE,STK,,0.0,,,SN,,CLP,,,False,,combo:, 'numRows': 5, 'isSmartDepth': False, 'mktDepthOptions': []}
2026-05-04 11:25:09,292 [INFO] SENDING reqMktDepth b'\x00\x00\x00/10\x005\x00109\x000\x00ENELCHILE\x00STK\x00\x000.0\x00\x00\x00SN\x00\x00CLP\x00\x00\x005\x000\x00\x00'
2026-05-04 11:25:09,484 [INFO] REQUEST reqMktDepth {'reqId': 110, 'contract': 4535870032: 0,ENELAM,STK,,0.0,,,SN,,CLP,,,False,,combo:, 'numRows': 5, 'isSmartDepth': False, 'mktDepthOptions': []}
2026-05-04 11:25:09,485 [INFO] SENDING reqMktDepth b'\x00\x00\x00,10\x005\x00110\x000\x00ENELAM\x00STK\x00\x000.0\x00\x00\x00SN\x00\x00CLP\x00\x00\x005\x000\x00\x00'
2026-05-04 11:25:09,690 [INFO] REQUEST reqMktDepth {'reqId': 111, 'contract': 4542526992: 0,ENTEL,STK,,0.0,,,SN,,CLP,,,False,,combo:, 'numRows': 5, 'isSmartDepth': False, 'mktDepthOptions': []}
2026-05-04 11:25:09,699 [INFO] SENDING reqMktDepth b'\x00\x00\x00+10\x005\x00111\x000\x00ENTEL\x00STK\x00\x000.0\x00\x00\x00SN\x00\x00CLP\x00\x00\x005\x000\x00\x00'
2026-05-04 11:25:09,895 [INFO] REQUEST reqMktDepth {'reqId': 112, 'contract': 4546074080: 0,LTM,STK,,0.0,,,SMART,,USD,,,False,,combo:, 'numRows': 5, 'isSmartDepth': False, 'mktDepthOptions': []}
2026-05-04 11:25:09,917 [INFO] SENDING reqMktDepth b'\x00\x00\x00,10\x005\x00112\x000\x00LTM\x00STK\x00\x000.0\x00\x00\x00SMART\x00\x00USD\x00\x00\x005\x000\x00\x00'
2026-05-04 11:25:10,042 [INFO] REQUEST reqMktDepth {'reqId': 113, 'contract': 4546807936: 0,CAP,STK,,0.0,,,SN,,CLP,,,False,,combo:, 'numRows': 5, 'isSmartDepth': False, 'mktDepthOptions': []}
2026-05-04 11:25:10,042 [INFO] SENDING reqMktDepth b'\x00\x00\x00)10\x005\x00113\x000\x00CAP\x00STK\x00\x000.0\x00\x00\x00SN\x00\x00CLP\x00\x00\x005\x000\x00\x00'
2026-05-04 11:25:10,173 [INFO] REQUEST reqMktDepth {'reqId': 114, 'contract': 4546809808: 0,CCU,STK,,0.0,,,SN,,CLP,,,False,,combo:, 'numRows': 5, 'isSmartDepth': False, 'mktDepthOptions': []}
2026-05-04 11:25:10,197 [INFO] SENDING reqMktDepth b'\x00\x00\x00)10\x005\x00114\x000\x00CCU\x00STK\x00\x000.0\x00\x00\x00SN\x00\x00CLP\x00\x00\x005\x000\x00\x00'
2026-05-04 11:25:11,988 [ERROR] $ENDESA.SN: possibly delisted; no price data found  (period=3mo)
2026-05-04 11:25:11,990 [ERROR] $CFR.SN: possibly delisted; no price data found  (period=3mo)
2026-05-04 11:25:12,235 [INFO] disconnecting
2026-05-04 11:25:12,236 [INFO] ANSWER connectionClosed {}
2026-05-04 11:25:13,582 [INFO] CIERRE: BTC | TRAILING STOP | PnL -2.29%
2026-05-04 11:25:14,875 [ERROR] $BANMEDICA.SN: possibly delisted; no price data found  (period=3mo) (Yahoo error = "No data found, symbol may be delisted")
2026-05-04 11:25:17,124 [INFO] disconnecting
2026-05-04 11:25:17,147 [INFO] ANSWER connectionClosed {}
2026-05-04 11:25:18,451 [INFO] disconnecting
2026-05-04 11:25:18,451 [INFO] ANSWER connectionClosed {}
2026-05-04 11:25:20,378 [INFO] APERTURA: VENDER BTC | Conv 95.0% | Riesgo 4/10
2026-05-04 11:25:20,421 [INFO] sent startApi
2026-05-04 11:25:20,421 [INFO] REQUEST startApi {}
2026-05-04 11:25:20,421 [INFO] SENDING startApi b'\x00\x00\x00\t71\x002\x0010\x00\x00'
2026-05-04 11:25:20,421 [INFO] ANSWER connectAck {}
2026-05-04 11:25:20,430 [INFO] ANSWER managedAccounts {'accountsList': 'DUP838882'}
2026-05-04 11:25:21,436 [INFO] REQUEST placeOrder {'orderId': 22, 'contract': 6410985920: 0,BTC,CRYPTO,,0.0,,,PAXOS,,USD,,,False,,combo:, 'order': 6410988560: 0,0,0: MKT SELL 1@179769313486231570814527423731704356798070567525844996598917476803157260780028538760589558632766878171540458953514382464234321326889464182768467546703537516986049910576551282076245490090389328944075868508455133942304583236903222948165808559332123348274797826204144723168738177180919299881250404026184124858368.000000 }
2026-05-04 11:25:21,437 [INFO] SENDING placeOrder b'\x00\x00\x0183\x0022\x000\x00BTC\x00CRYPTO\x00\x000.0\x00\x00\x00PAXOS\x00\x00USD\x00\x00\x00\x00\x00SELL\x001\x00MKT\x00\x00\x00\x00\x00\x00\x000\x00\x000\x000\x000\x000\x000\x000\x000\x000\x00\x000\x00\x00\x00\x00\x00\x00\x00\x000\x00\x00-1\x000\x00\x00\x000\x00\x00\x000\x000\x00\x000\x00\x00\x00\x00\x00\x000\x00\x00\x00\x00\x000\x00\x00\x00\x00\x00\x00\x00\x00\x00\x00\x000\x00\x00\x000\x000\x00\x00\x000\x00\x000\x000\x000\x000\x00\x001.7976931348623157e+308\x001.7976931348623157e+308\x001.7976931348623157e+308\x001.7976931348623157e+308\x001.7976931348623157e+308\x000\x00\x00\x00\x001.7976931348623157e+308\x00\x00\x00\x00\x000\x000\x000\x00\x00'
2026-05-04 11:25:21,642 [INFO] REQUEST placeOrder {'orderId': 23, 'contract': 6410985920: 0,BTC,CRYPTO,,0.0,,,PAXOS,,USD,,,False,,combo:, 'order': 6410987888: 0,0,0: STP BUY 1@179769313486231570814527423731704356798070567525844996598917476803157260780028538760589558632766878171540458953514382464234321326889464182768467546703537516986049910576551282076245490090389328944075868508455133942304583236903222948165808559332123348274797826204144723168738177180919299881250404026184124858368.000000 }
2026-05-04 11:25:21,642 [INFO] SENDING placeOrder b'\x00\x00\x01?3\x0023\x000\x00BTC\x00CRYPTO\x00\x000.0\x00\x00\x00PAXOS\x00\x00USD\x00\x00\x00\x00\x00BUY\x001\x00STP\x00\x0080800.0\x00\x00\x00\x00\x000\x00\x000\x0022\x000\x000\x000\x000\x000\x000\x00\x000\x00\x00\x00\x00\x00\x00\x00\x000\x00\x00-1\x000\x00\x00\x000\x00\x00\x000\x000\x00\x000\x00\x00\x00\x00\x00\x000\x00\x00\x00\x00\x000\x00\x00\x00\x00\x00\x00\x00\x00\x00\x00\x000\x00\x00\x000\x000\x00\x00\x000\x00\x000\x000\x000\x000\x00\x001.7976931348623157e+308\x001.7976931348623157e+308\x001.7976931348623157e+308\x001.7976931348623157e+308\x001.7976931348623157e+308\x000\x00\x00\x00\x001.7976931348623157e+308\x00\x00\x00\x00\x000\x000\x000\x00\x00'
2026-05-04 11:25:21,849 [INFO] REQUEST placeOrder {'orderId': 24, 'contract': 6410985920: 0,BTC,CRYPTO,,0.0,,,PAXOS,,USD,,,False,,combo:, 'order': 6310602304: 0,0,0: LMT BUY 1@77624.410000 }
2026-05-04 11:25:21,849 [INFO] SENDING placeOrder b'\x00\x00\x01@3\x0024\x000\x00BTC\x00CRYPTO\x00\x000.0\x00\x00\x00PAXOS\x00\x00USD\x00\x00\x00\x00\x00BUY\x001\x00LMT\x0077624.41\x00\x00\x00\x00\x00\x000\x00\x001\x0022\x000\x000\x000\x000\x000\x000\x00\x000\x00\x00\x00\x00\x00\x00\x00\x000\x00\x00-1\x000\x00\x00\x000\x00\x00\x000\x000\x00\x000\x00\x00\x00\x00\x00\x000\x00\x00\x00\x00\x000\x00\x00\x00\x00\x00\x00\x00\x00\x00\x00\x000\x00\x00\x000\x000\x00\x00\x000\x00\x000\x000\x000\x000\x00\x001.7976931348623157e+308\x001.7976931348623157e+308\x001.7976931348623157e+308\x001.7976931348623157e+308\x001.7976931348623157e+308\x000\x00\x00\x00\x001.7976931348623157e+308\x00\x00\x00\x00\x000\x000\x000\x00\x00'
2026-05-04 11:25:23,572 [INFO] disconnecting
2026-05-04 11:25:23,582 [INFO] ANSWER connectionClosed {}
2026-05-04 11:25:23,617 [INFO] Ciclo completado: 1 aperturas, 1 cierres
2026-05-04 11:25:24,831 [INFO] sent startApi
2026-05-04 11:25:24,840 [INFO] REQUEST startApi {}
2026-05-04 11:25:24,841 [INFO] SENDING startApi b'\x00\x00\x00\t71\x002\x0030\x00\x00'
2026-05-04 11:25:24,841 [INFO] ANSWER connectAck {}
2026-05-04 11:25:24,845 [INFO] ANSWER managedAccounts {'accountsList': 'DUP838882'}
2026-05-04 11:25:25,901 [INFO] REQUEST placeOrder {'orderId': 23, 'contract': 4535744160: 0,BTC,CRYPTO,,0.0,,,PAXOS,,USD,,,False,,combo:, 'order': 4535745840: 0,0,0: LMT BUY 1@77624.410000 }
2026-05-04 11:25:25,902 [INFO] SENDING placeOrder b'\x00\x00\x01?3\x0023\x000\x00BTC\x00CRYPTO\x00\x000.0\x00\x00\x00PAXOS\x00\x00USD\x00\x00\x00\x00\x00BUY\x001\x00LMT\x0077624.41\x00\x00\x00\x00\x00\x000\x00\x001\x000\x000\x000\x000\x000\x000\x000\x00\x000\x00\x00\x00\x00\x00\x00\x00\x000\x00\x00-1\x000\x00\x00\x000\x00\x00\x000\x000\x00\x000\x00\x00\x00\x00\x00\x000\x00\x00\x00\x00\x000\x00\x00\x00\x00\x00\x00\x00\x00\x00\x00\x000\x00\x00\x000\x000\x00\x00\x000\x00\x000\x000\x000\x000\x00\x001.7976931348623157e+308\x001.7976931348623157e+308\x001.7976931348623157e+308\x001.7976931348623157e+308\x001.7976931348623157e+308\x000\x00\x00\x00\x001.7976931348623157e+308\x00\x00\x00\x00\x000\x000\x000\x00\x00'
2026-05-04 11:25:28,970 [INFO] disconnecting
2026-05-04 11:25:28,999 [INFO] ANSWER connectionClosed {}
2026-05-04 11:25:34,368 [INFO] CIERRE: BTC | TRAILING STOP | PnL -2.35%
2026-05-04 11:25:46,402 [INFO] APERTURA: VENDER BTC | Conv 95.0% | Riesgo 4/10
2026-05-04 11:25:46,468 [INFO] sent startApi
2026-05-04 11:25:46,468 [INFO] REQUEST startApi {}
2026-05-04 11:25:46,469 [INFO] SENDING startApi b'\x00\x00\x00\t71\x002\x0010\x00\x00'
2026-05-04 11:25:46,469 [INFO] ANSWER connectAck {}
2026-05-04 11:25:46,472 [INFO] ANSWER managedAccounts {'accountsList': 'DUP838882'}
2026-05-04 11:25:47,578 [INFO] REQUEST placeOrder {'orderId': 23, 'contract': 4535674960: 0,BTC,CRYPTO,,0.0,,,PAXOS,,USD,,,False,,combo:, 'order': 4535674384: 0,0,0: MKT SELL 1@179769313486231570814527423731704356798070567525844996598917476803157260780028538760589558632766878171540458953514382464234321326889464182768467546703537516986049910576551282076245490090389328944075868508455133942304583236903222948165808559332123348274797826204144723168738177180919299881250404026184124858368.000000 }
2026-05-04 11:25:47,579 [INFO] SENDING placeOrder b'\x00\x00\x0183\x0023\x000\x00BTC\x00CRYPTO\x00\x000.0\x00\x00\x00PAXOS\x00\x00USD\x00\x00\x00\x00\x00SELL\x001\x00MKT\x00\x00\x00\x00\x00\x00\x000\x00\x000\x000\x000\x000\x000\x000\x000\x000\x00\x000\x00\x00\x00\x00\x00\x00\x00\x000\x00\x00-1\x000\x00\x00\x000\x00\x00\x000\x000\x00\x000\x00\x00\x00\x00\x00\x000\x00\x00\x00\x00\x000\x00\x00\x00\x00\x00\x00\x00\x00\x00\x00\x000\x00\x00\x000\x000\x00\x00\x000\x00\x000\x000\x000\x000\x00\x001.7976931348623157e+308\x001.7976931348623157e+308\x001.7976931348623157e+308\x001.7976931348623157e+308\x001.7976931348623157e+308\x000\x00\x00\x00\x001.7976931348623157e+308\x00\x00\x00\x00\x000\x000\x000\x00\x00'
2026-05-04 11:25:47,841 [INFO] REQUEST placeOrder {'orderId': 24, 'contract': 4535674960: 0,BTC,CRYPTO,,0.0,,,PAXOS,,USD,,,False,,combo:, 'order': 4535675584: 0,0,0: STP BUY 1@179769313486231570814527423731704356798070567525844996598917476803157260780028538760589558632766878171540458953514382464234321326889464182768467546703537516986049910576551282076245490090389328944075868508455133942304583236903222948165808559332123348274797826204144723168738177180919299881250404026184124858368.000000 }
2026-05-04 11:25:47,842 [INFO] SENDING placeOrder b'\x00\x00\x01?3\x0024\x000\x00BTC\x00CRYPTO\x00\x000.0\x00\x00\x00PAXOS\x00\x00USD\x00\x00\x00\x00\x00BUY\x001\x00STP\x00\x0080800.0\x00\x00\x00\x00\x000\x00\x000\x0023\x000\x000\x000\x000\x000\x000\x00\x000\x00\x00\x00\x00\x00\x00\x00\x000\x00\x00-1\x000\x00\x00\x000\x00\x00\x000\x000\x00\x000\x00\x00\x00\x00\x00\x000\x00\x00\x00\x00\x000\x00\x00\x00\x00\x00\x00\x00\x00\x00\x00\x000\x00\x00\x000\x000\x00\x00\x000\x00\x000\x000\x000\x000\x00\x001.7976931348623157e+308\x001.7976931348623157e+308\x001.7976931348623157e+308\x001.7976931348623157e+308\x001.7976931348623157e+308\x000\x00\x00\x00\x001.7976931348623157e+308\x00\x00\x00\x00\x000\x000\x000\x00\x00'
2026-05-04 11:25:48,068 [INFO] REQUEST placeOrder {'orderId': 25, 'contract': 4535674960: 0,BTC,CRYPTO,,0.0,,,PAXOS,,USD,,,False,,combo:, 'order': 4535673520: 0,0,0: LMT BUY 1@77624.410000 }
2026-05-04 11:25:48,070 [INFO] SENDING placeOrder b'\x00\x00\x01@3\x0025\x000\x00BTC\x00CRYPTO\x00\x000.0\x00\x00\x00PAXOS\x00\x00USD\x00\x00\x00\x00\x00BUY\x001\x00LMT\x0077624.41\x00\x00\x00\x00\x00\x000\x00\x001\x0023\x000\x000\x000\x000\x000\x000\x00\x000\x00\x00\x00\x00\x00\x00\x00\x000\x00\x00-1\x000\x00\x00\x000\x00\x00\x000\x000\x00\x000\x00\x00\x00\x00\x00\x000\x00\x00\x00\x00\x000\x00\x00\x00\x00\x00\x00\x00\x00\x00\x00\x000\x00\x00\x000\x000\x00\x00\x000\x00\x000\x000\x000\x000\x00\x001.7976931348623157e+308\x001.7976931348623157e+308\x001.7976931348623157e+308\x001.7976931348623157e+308\x001.7976931348623157e+308\x000\x00\x00\x00\x001.7976931348623157e+308\x00\x00\x00\x00\x000\x000\x000\x00\x00'
2026-05-04 11:25:49,961 [INFO] disconnecting
2026-05-04 11:25:49,962 [INFO] ANSWER connectionClosed {}
2026-05-04 11:25:49,986 [INFO] Ciclo completado: 1 aperturas, 1 cierres
2026-05-04 11:25:49,987 [INFO] Ciclo completado: 1 aperturas, 1 cierres, 2 rechazadas
2026-05-04 11:26:56,582 [INFO] sent startApi
2026-05-04 11:26:56,585 [INFO] REQUEST startApi {}
2026-05-04 11:26:56,585 [INFO] SENDING startApi b'\x00\x00\x00\t71\x002\x0050\x00\x00'
2026-05-04 11:26:56,586 [INFO] ANSWER connectAck {}
2026-05-04 11:26:56,589 [INFO] ANSWER managedAccounts {'accountsList': 'DUP838882'}
2026-05-04 11:26:57,095 [INFO] REQUEST reqMktData {'reqId': 1, 'contract': 6304893008: 0,SQM,STK,,0.0,,,NYSE,,USD,,,False,,combo:, 'genericTickList': '100,101,106,233', 'snapshot': False, 'regulatorySnapshot': False, 'mktDataOptions': []}
2026-05-04 11:26:57,096 [INFO] SENDING reqMktData b'\x00\x00\x00;1\x0011\x001\x000\x00SQM\x00STK\x00\x000.0\x00\x00\x00NYSE\x00\x00USD\x00\x00\x000\x00100,101,106,233\x000\x000\x00\x00'
2026-05-04 11:26:57,301 [INFO] REQUEST reqMktData {'reqId': 2, 'contract': 6311251920: 0,ECH,STK,,0.0,,,NYSE,,USD,,,False,,combo:, 'genericTickList': '100,101,106,233', 'snapshot': False, 'regulatorySnapshot': False, 'mktDataOptions': []}
2026-05-04 11:26:57,301 [INFO] SENDING reqMktData b'\x00\x00\x00;1\x0011\x002\x000\x00ECH\x00STK\x00\x000.0\x00\x00\x00NYSE\x00\x00USD\x00\x00\x000\x00100,101,106,233\x000\x000\x00\x00'
2026-05-04 11:26:57,505 [INFO] REQUEST reqMktData {'reqId': 3, 'contract': 6419010752: 0,GLD,STK,,0.0,,,NYSE,,USD,,,False,,combo:, 'genericTickList': '100,101,106,233', 'snapshot': False, 'regulatorySnapshot': False, 'mktDataOptions': []}
2026-05-04 11:26:57,505 [INFO] SENDING reqMktData b'\x00\x00\x00;1\x0011\x003\x000\x00GLD\x00STK\x00\x000.0\x00\x00\x00NYSE\x00\x00USD\x00\x00\x000\x00100,101,106,233\x000\x000\x00\x00'
2026-05-04 11:26:57,710 [INFO] REQUEST reqMktData {'reqId': 4, 'contract': 6295857904: 0,SPY,STK,,0.0,,,NYSE,,USD,,,False,,combo:, 'genericTickList': '100,101,106,233', 'snapshot': False, 'regulatorySnapshot': False, 'mktDataOptions': []}
2026-05-04 11:26:57,710 [INFO] SENDING reqMktData b'\x00\x00\x00;1\x0011\x004\x000\x00SPY\x00STK\x00\x000.0\x00\x00\x00NYSE\x00\x00USD\x00\x00\x000\x00100,101,106,233\x000\x000\x00\x00'
2026-05-04 11:26:57,915 [INFO] REQUEST reqMktData {'reqId': 5, 'contract': 6310809264: 0,GC,FUT,202606,0.0,,,COMEX,,USD,,,False,,combo:, 'genericTickList': '100,101,106,233', 'snapshot': False, 'regulatorySnapshot': False, 'mktDataOptions': []}
2026-05-04 11:26:57,916 [INFO] SENDING reqMktData b'\x00\x00\x00A1\x0011\x005\x000\x00GC\x00FUT\x00202606\x000.0\x00\x00\x00COMEX\x00\x00USD\x00\x00\x000\x00100,101,106,233\x000\x000\x00\x00'
2026-05-04 11:26:58,127 [INFO] REQUEST reqMktData {'reqId': 6, 'contract': 6389654384: 0,HG,FUT,202606,0.0,,,COMEX,,USD,,,False,,combo:, 'genericTickList': '100,101,106,233', 'snapshot': False, 'regulatorySnapshot': False, 'mktDataOptions': []}
2026-05-04 11:26:58,127 [INFO] SENDING reqMktData b'\x00\x00\x00A1\x0011\x006\x000\x00HG\x00FUT\x00202606\x000.0\x00\x00\x00COMEX\x00\x00USD\x00\x00\x000\x00100,101,106,233\x000\x000\x00\x00'
2026-05-04 11:27:06,337 [INFO] disconnecting
2026-05-04 11:27:06,339 [INFO] ANSWER connectionClosed {}
2026-05-04 11:27:06,605 [INFO] sent startApi
2026-05-04 11:27:06,605 [INFO] REQUEST startApi {}
2026-05-04 11:27:06,605 [INFO] SENDING startApi b'\x00\x00\x00\t71\x002\x0050\x00\x00'
2026-05-04 11:27:06,605 [INFO] ANSWER connectAck {}
2026-05-04 11:27:06,607 [INFO] ANSWER managedAccounts {'accountsList': 'DUP838882'}
2026-05-04 11:27:07,112 [INFO] REQUEST reqMktData {'reqId': 1, 'contract': 6292884448: 0,SQM,STK,,0.0,,,NYSE,,USD,,,False,,combo:, 'genericTickList': '100,101,106,233', 'snapshot': False, 'regulatorySnapshot': False, 'mktDataOptions': []}
2026-05-04 11:27:07,113 [INFO] SENDING reqMktData b'\x00\x00\x00;1\x0011\x001\x000\x00SQM\x00STK\x00\x000.0\x00\x00\x00NYSE\x00\x00USD\x00\x00\x000\x00100,101,106,233\x000\x000\x00\x00'
2026-05-04 11:27:07,313 [INFO] REQUEST reqMktData {'reqId': 2, 'contract': 5086526624: 0,ECH,STK,,0.0,,,NYSE,,USD,,,False,,combo:, 'genericTickList': '100,101,106,233', 'snapshot': False, 'regulatorySnapshot': False, 'mktDataOptions': []}
2026-05-04 11:27:07,314 [INFO] SENDING reqMktData b'\x00\x00\x00;1\x0011\x002\x000\x00ECH\x00STK\x00\x000.0\x00\x00\x00NYSE\x00\x00USD\x00\x00\x000\x00100,101,106,233\x000\x000\x00\x00'
2026-05-04 11:27:07,519 [INFO] REQUEST reqMktData {'reqId': 3, 'contract': 6304865632: 0,GLD,STK,,0.0,,,NYSE,,USD,,,False,,combo:, 'genericTickList': '100,101,106,233', 'snapshot': False, 'regulatorySnapshot': False, 'mktDataOptions': []}
2026-05-04 11:27:07,519 [INFO] SENDING reqMktData b'\x00\x00\x00;1\x0011\x003\x000\x00GLD\x00STK\x00\x000.0\x00\x00\x00NYSE\x00\x00USD\x00\x00\x000\x00100,101,106,233\x000\x000\x00\x00'
2026-05-04 11:27:07,724 [INFO] REQUEST reqMktData {'reqId': 4, 'contract': 6418973312: 0,SPY,STK,,0.0,,,NYSE,,USD,,,False,,combo:, 'genericTickList': '100,101,106,233', 'snapshot': False, 'regulatorySnapshot': False, 'mktDataOptions': []}
2026-05-04 11:27:07,724 [INFO] SENDING reqMktData b'\x00\x00\x00;1\x0011\x004\x000\x00SPY\x00STK\x00\x000.0\x00\x00\x00NYSE\x00\x00USD\x00\x00\x000\x00100,101,106,233\x000\x000\x00\x00'
2026-05-04 11:27:07,930 [INFO] REQUEST reqMktData {'reqId': 5, 'contract': 6290627216: 0,GC,FUT,202606,0.0,,,COMEX,,USD,,,False,,combo:, 'genericTickList': '100,101,106,233', 'snapshot': False, 'regulatorySnapshot': False, 'mktDataOptions': []}
2026-05-04 11:27:07,930 [INFO] SENDING reqMktData b'\x00\x00\x00A1\x0011\x005\x000\x00GC\x00FUT\x00202606\x000.0\x00\x00\x00COMEX\x00\x00USD\x00\x00\x000\x00100,101,106,233\x000\x000\x00\x00'
2026-05-04 11:27:07,959 [INFO] sent startApi
2026-05-04 11:27:07,959 [INFO] REQUEST startApi {}
2026-05-04 11:27:07,959 [INFO] SENDING startApi b'\x00\x00\x00\t71\x002\x0070\x00\x00'
2026-05-04 11:27:07,970 [INFO] ANSWER connectAck {}
2026-05-04 11:27:07,973 [INFO] ANSWER managedAccounts {'accountsList': 'DUP838882'}
2026-05-04 11:27:08,133 [INFO] REQUEST reqMktData {'reqId': 6, 'contract': 6292881664: 0,HG,FUT,202606,0.0,,,COMEX,,USD,,,False,,combo:, 'genericTickList': '100,101,106,233', 'snapshot': False, 'regulatorySnapshot': False, 'mktDataOptions': []}
2026-05-04 11:27:08,134 [INFO] SENDING reqMktData b'\x00\x00\x00A1\x0011\x006\x000\x00HG\x00FUT\x00202606\x000.0\x00\x00\x00COMEX\x00\x00USD\x00\x00\x000\x00100,101,106,233\x000\x000\x00\x00'
2026-05-04 11:27:08,478 [INFO] REQUEST reqMktDepth {'reqId': 100, 'contract': 6295668000: 0,SQM,STK,,0.0,,,SN,,CLP,,,False,,combo:, 'numRows': 5, 'isSmartDepth': False, 'mktDepthOptions': []}
2026-05-04 11:27:08,478 [INFO] SENDING reqMktDepth b'\x00\x00\x00)10\x005\x00100\x000\x00SQM\x00STK\x00\x000.0\x00\x00\x00SN\x00\x00CLP\x00\x00\x005\x000\x00\x00'
2026-05-04 11:27:08,583 [INFO] REQUEST reqMktDepth {'reqId': 101, 'contract': 6306033376: 0,COPEC,STK,,0.0,,,SN,,CLP,,,False,,combo:, 'numRows': 5, 'isSmartDepth': False, 'mktDepthOptions': []}
2026-05-04 11:27:08,584 [INFO] SENDING reqMktDepth b'\x00\x00\x00+10\x005\x00101\x000\x00COPEC\x00STK\x00\x000.0\x00\x00\x00SN\x00\x00CLP\x00\x00\x005\x000\x00\x00'
2026-05-04 11:27:08,687 [INFO] REQUEST reqMktDepth {'reqId': 102, 'contract': 6418974080: 0,BCI,STK,,0.0,,,SN,,CLP,,,False,,combo:, 'numRows': 5, 'isSmartDepth': False, 'mktDepthOptions': []}
2026-05-04 11:27:08,688 [INFO] SENDING reqMktDepth b'\x00\x00\x00)10\x005\x00102\x000\x00BCI\x00STK\x00\x000.0\x00\x00\x00SN\x00\x00CLP\x00\x00\x005\x000\x00\x00'
2026-05-04 11:27:08,793 [INFO] REQUEST reqMktDepth {'reqId': 103, 'contract': 6306028128: 0,BSAC,STK,,0.0,,,SMART,,USD,,,False,,combo:, 'numRows': 5, 'isSmartDepth': False, 'mktDepthOptions': []}
2026-05-04 11:27:08,793 [INFO] SENDING reqMktDepth b'\x00\x00\x00-10\x005\x00103\x000\x00BSAC\x00STK\x00\x000.0\x00\x00\x00SMART\x00\x00USD\x00\x00\x005\x000\x00\x00'
2026-05-04 11:27:08,898 [INFO] REQUEST reqMktDepth {'reqId': 104, 'contract': 6309979808: 0,BCH,STK,,0.0,,,SMART,,USD,,,False,,combo:, 'numRows': 5, 'isSmartDepth': False, 'mktDepthOptions': []}
2026-05-04 11:27:08,898 [INFO] SENDING reqMktDepth b'\x00\x00\x00,10\x005\x00104\x000\x00BCH\x00STK\x00\x000.0\x00\x00\x00SMART\x00\x00USD\x00\x00\x005\x000\x00\x00'
2026-05-04 11:27:09,003 [INFO] REQUEST reqMktDepth {'reqId': 105, 'contract': 6299556544: 0,FALABELLA,STK,,0.0,,,SN,,CLP,,,False,,combo:, 'numRows': 5, 'isSmartDepth': False, 'mktDepthOptions': []}
2026-05-04 11:27:09,003 [INFO] SENDING reqMktDepth b'\x00\x00\x00/10\x005\x00105\x000\x00FALABELLA\x00STK\x00\x000.0\x00\x00\x00SN\x00\x00CLP\x00\x00\x005\x000\x00\x00'
2026-05-04 11:27:09,108 [INFO] REQUEST reqMktDepth {'reqId': 106, 'contract': 6304863136: 0,CENCOSUD,STK,,0.0,,,SN,,CLP,,,False,,combo:, 'numRows': 5, 'isSmartDepth': False, 'mktDepthOptions': []}
2026-05-04 11:27:09,109 [INFO] SENDING reqMktDepth b'\x00\x00\x00.10\x005\x00106\x000\x00CENCOSUD\x00STK\x00\x000.0\x00\x00\x00SN\x00\x00CLP\x00\x00\x005\x000\x00\x00'
2026-05-04 11:27:09,233 [INFO] REQUEST reqMktDepth {'reqId': 107, 'contract': 6310382848: 0,CMPC,STK,,0.0,,,SN,,CLP,,,False,,combo:, 'numRows': 5, 'isSmartDepth': False, 'mktDepthOptions': []}
2026-05-04 11:27:09,243 [INFO] SENDING reqMktDepth b'\x00\x00\x00*10\x005\x00107\x000\x00CMPC\x00STK\x00\x000.0\x00\x00\x00SN\x00\x00CLP\x00\x00\x005\x000\x00\x00'
2026-05-04 11:27:09,353 [INFO] REQUEST reqMktDepth {'reqId': 108, 'contract': 6416280640: 0,COLBUN,STK,,0.0,,,SN,,CLP,,,False,,combo:, 'numRows': 5, 'isSmartDepth': False, 'mktDepthOptions': []}
2026-05-04 11:27:09,353 [INFO] SENDING reqMktDepth b'\x00\x00\x00,10\x005\x00108\x000\x00COLBUN\x00STK\x00\x000.0\x00\x00\x00SN\x00\x00CLP\x00\x00\x005\x000\x00\x00'
2026-05-04 11:27:09,460 [INFO] REQUEST reqMktDepth {'reqId': 109, 'contract': 6310008480: 0,ENELCHILE,STK,,0.0,,,SN,,CLP,,,False,,combo:, 'numRows': 5, 'isSmartDepth': False, 'mktDepthOptions': []}
2026-05-04 11:27:09,461 [INFO] SENDING reqMktDepth b'\x00\x00\x00/10\x005\x00109\x000\x00ENELCHILE\x00STK\x00\x000.0\x00\x00\x00SN\x00\x00CLP\x00\x00\x005\x000\x00\x00'
2026-05-04 11:27:09,567 [INFO] REQUEST reqMktDepth {'reqId': 110, 'contract': 6290857552: 0,ENELAM,STK,,0.0,,,SN,,CLP,,,False,,combo:, 'numRows': 5, 'isSmartDepth': False, 'mktDepthOptions': []}
2026-05-04 11:27:09,567 [INFO] SENDING reqMktDepth b'\x00\x00\x00,10\x005\x00110\x000\x00ENELAM\x00STK\x00\x000.0\x00\x00\x00SN\x00\x00CLP\x00\x00\x005\x000\x00\x00'
2026-05-04 11:27:09,668 [INFO] REQUEST reqMktDepth {'reqId': 111, 'contract': 6295336944: 0,ENTEL,STK,,0.0,,,SN,,CLP,,,False,,combo:, 'numRows': 5, 'isSmartDepth': False, 'mktDepthOptions': []}
2026-05-04 11:27:09,668 [INFO] SENDING reqMktDepth b'\x00\x00\x00+10\x005\x00111\x000\x00ENTEL\x00STK\x00\x000.0\x00\x00\x00SN\x00\x00CLP\x00\x00\x005\x000\x00\x00'
2026-05-04 11:27:09,774 [INFO] REQUEST reqMktDepth {'reqId': 112, 'contract': 6419050944: 0,LTM,STK,,0.0,,,SMART,,USD,,,False,,combo:, 'numRows': 5, 'isSmartDepth': False, 'mktDepthOptions': []}
2026-05-04 11:27:09,774 [INFO] SENDING reqMktDepth b'\x00\x00\x00,10\x005\x00112\x000\x00LTM\x00STK\x00\x000.0\x00\x00\x00SMART\x00\x00USD\x00\x00\x005\x000\x00\x00'
2026-05-04 11:27:09,882 [INFO] REQUEST reqMktDepth {'reqId': 113, 'contract': 6293069344: 0,CAP,STK,,0.0,,,SN,,CLP,,,False,,combo:, 'numRows': 5, 'isSmartDepth': False, 'mktDepthOptions': []}
2026-05-04 11:27:09,883 [INFO] SENDING reqMktDepth b'\x00\x00\x00)10\x005\x00113\x000\x00CAP\x00STK\x00\x000.0\x00\x00\x00SN\x00\x00CLP\x00\x00\x005\x000\x00\x00'
2026-05-04 11:27:09,990 [INFO] REQUEST reqMktDepth {'reqId': 114, 'contract': 6299555968: 0,CCU,STK,,0.0,,,SN,,CLP,,,False,,combo:, 'numRows': 5, 'isSmartDepth': False, 'mktDepthOptions': []}
2026-05-04 11:27:09,990 [INFO] SENDING reqMktDepth b'\x00\x00\x00)10\x005\x00114\x000\x00CCU\x00STK\x00\x000.0\x00\x00\x00SN\x00\x00CLP\x00\x00\x005\x000\x00\x00'
2026-05-04 11:27:10,161 [ERROR] $CFR.SN: possibly delisted; no price data found  (period=3mo)
2026-05-04 11:27:10,243 [ERROR] $ENDESA.SN: possibly delisted; no price data found  (period=3mo)
2026-05-04 11:27:10,917 [ERROR] $BANMEDICA.SN: possibly delisted; no price data found  (period=3mo) (Yahoo error = "No data found, symbol may be delisted")
2026-05-04 11:27:16,349 [INFO] disconnecting
2026-05-04 11:27:16,352 [INFO] ANSWER connectionClosed {}
2026-05-04 11:27:18,098 [INFO] disconnecting
2026-05-04 11:27:18,098 [INFO] ANSWER connectionClosed {}
2026-05-04 11:30:00,952 [INFO] === CICLO AUTOMÁTICO INICIADO ===
2026-05-04 11:30:05,868 [INFO] sent startApi
2026-05-04 11:30:05,868 [INFO] REQUEST startApi {}
2026-05-04 11:30:05,868 [INFO] SENDING startApi b'\x00\x00\x00\t71\x002\x0050\x00\x00'
2026-05-04 11:30:05,869 [INFO] ANSWER connectAck {}
2026-05-04 11:30:05,874 [INFO] ANSWER managedAccounts {'accountsList': 'DUP838882'}
2026-05-04 11:30:06,293 [INFO] sent startApi
2026-05-04 11:30:06,293 [INFO] REQUEST startApi {}
2026-05-04 11:30:06,293 [INFO] SENDING startApi b'\x00\x00\x00\t71\x002\x0070\x00\x00'
2026-05-04 11:30:06,293 [INFO] ANSWER connectAck {}
2026-05-04 11:30:06,294 [INFO] ANSWER managedAccounts {'accountsList': 'DUP838882'}
2026-05-04 11:30:06,438 [INFO] REQUEST reqMktData {'reqId': 1, 'contract': 4600357072: 0,SQM,STK,,0.0,,,NYSE,,USD,,,False,,combo:, 'genericTickList': '100,101,106,233', 'snapshot': False, 'regulatorySnapshot': False, 'mktDataOptions': []}
2026-05-04 11:30:06,439 [INFO] SENDING reqMktData b'\x00\x00\x00;1\x0011\x001\x000\x00SQM\x00STK\x00\x000.0\x00\x00\x00NYSE\x00\x00USD\x00\x00\x000\x00100,101,106,233\x000\x000\x00\x00'
2026-05-04 11:30:06,725 [INFO] REQUEST reqMktData {'reqId': 2, 'contract': 4599545424: 0,ECH,STK,,0.0,,,NYSE,,USD,,,False,,combo:, 'genericTickList': '100,101,106,233', 'snapshot': False, 'regulatorySnapshot': False, 'mktDataOptions': []}
2026-05-04 11:30:06,726 [INFO] SENDING reqMktData b'\x00\x00\x00;1\x0011\x002\x000\x00ECH\x00STK\x00\x000.0\x00\x00\x00NYSE\x00\x00USD\x00\x00\x000\x00100,101,106,233\x000\x000\x00\x00'
2026-05-04 11:30:06,846 [INFO] REQUEST reqMktDepth {'reqId': 100, 'contract': 4599155440: 0,SQM,STK,,0.0,,,SN,,CLP,,,False,,combo:, 'numRows': 5, 'isSmartDepth': False, 'mktDepthOptions': []}
2026-05-04 11:30:06,846 [INFO] SENDING reqMktDepth b'\x00\x00\x00)10\x005\x00100\x000\x00SQM\x00STK\x00\x000.0\x00\x00\x00SN\x00\x00CLP\x00\x00\x005\x000\x00\x00'
2026-05-04 11:30:06,963 [INFO] REQUEST reqMktData {'reqId': 3, 'contract': 4600420720: 0,GLD,STK,,0.0,,,NYSE,,USD,,,False,,combo:, 'genericTickList': '100,101,106,233', 'snapshot': False, 'regulatorySnapshot': False, 'mktDataOptions': []}
2026-05-04 11:30:06,971 [INFO] SENDING reqMktData b'\x00\x00\x00;1\x0011\x003\x000\x00GLD\x00STK\x00\x000.0\x00\x00\x00NYSE\x00\x00USD\x00\x00\x000\x00100,101,106,233\x000\x000\x00\x00'
2026-05-04 11:30:07,003 [INFO] REQUEST reqMktDepth {'reqId': 101, 'contract': 4602750672: 0,COPEC,STK,,0.0,,,SN,,CLP,,,False,,combo:, 'numRows': 5, 'isSmartDepth': False, 'mktDepthOptions': []}
2026-05-04 11:30:07,005 [INFO] SENDING reqMktDepth b'\x00\x00\x00+10\x005\x00101\x000\x00COPEC\x00STK\x00\x000.0\x00\x00\x00SN\x00\x00CLP\x00\x00\x005\x000\x00\x00'
2026-05-04 11:30:07,179 [INFO] REQUEST reqMktDepth {'reqId': 102, 'contract': 4599064176: 0,BCI,STK,,0.0,,,SN,,CLP,,,False,,combo:, 'numRows': 5, 'isSmartDepth': False, 'mktDepthOptions': []}
2026-05-04 11:30:07,179 [INFO] SENDING reqMktDepth b'\x00\x00\x00)10\x005\x00102\x000\x00BCI\x00STK\x00\x000.0\x00\x00\x00SN\x00\x00CLP\x00\x00\x005\x000\x00\x00'
2026-05-04 11:30:07,288 [INFO] REQUEST reqMktDepth {'reqId': 103, 'contract': 4597973584: 0,BSAC,STK,,0.0,,,SMART,,USD,,,False,,combo:, 'numRows': 5, 'isSmartDepth': False, 'mktDepthOptions': []}
2026-05-04 11:30:07,289 [INFO] REQUEST reqMktData {'reqId': 4, 'contract': 4600004768: 0,SPY,STK,,0.0,,,NYSE,,USD,,,False,,combo:, 'genericTickList': '100,101,106,233', 'snapshot': False, 'regulatorySnapshot': False, 'mktDataOptions': []}
2026-05-04 11:30:07,289 [INFO] SENDING reqMktDepth b'\x00\x00\x00-10\x005\x00103\x000\x00BSAC\x00STK\x00\x000.0\x00\x00\x00SMART\x00\x00USD\x00\x00\x005\x000\x00\x00'
2026-05-04 11:30:07,290 [INFO] SENDING reqMktData b'\x00\x00\x00;1\x0011\x004\x000\x00SPY\x00STK\x00\x000.0\x00\x00\x00NYSE\x00\x00USD\x00\x00\x000\x00100,101,106,233\x000\x000\x00\x00'
2026-05-04 11:30:07,456 [INFO] REQUEST reqMktDepth {'reqId': 104, 'contract': 4646528144: 0,BCH,STK,,0.0,,,SMART,,USD,,,False,,combo:, 'numRows': 5, 'isSmartDepth': False, 'mktDepthOptions': []}
2026-05-04 11:30:07,482 [INFO] SENDING reqMktDepth b'\x00\x00\x00,10\x005\x00104\x000\x00BCH\x00STK\x00\x000.0\x00\x00\x00SMART\x00\x00USD\x00\x00\x005\x000\x00\x00'
2026-05-04 11:30:07,568 [INFO] REQUEST reqMktData {'reqId': 5, 'contract': 4661565664: 0,GC,FUT,202606,0.0,,,COMEX,,USD,,,False,,combo:, 'genericTickList': '100,101,106,233', 'snapshot': False, 'regulatorySnapshot': False, 'mktDataOptions': []}
2026-05-04 11:30:07,581 [INFO] SENDING reqMktData b'\x00\x00\x00A1\x0011\x005\x000\x00GC\x00FUT\x00202606\x000.0\x00\x00\x00COMEX\x00\x00USD\x00\x00\x000\x00100,101,106,233\x000\x000\x00\x00'
2026-05-04 11:30:07,720 [INFO] REQUEST reqMktDepth {'reqId': 105, 'contract': 4596866736: 0,FALABELLA,STK,,0.0,,,SN,,CLP,,,False,,combo:, 'numRows': 5, 'isSmartDepth': False, 'mktDepthOptions': []}
2026-05-04 11:30:07,724 [INFO] SENDING reqMktDepth b'\x00\x00\x00/10\x005\x00105\x000\x00FALABELLA\x00STK\x00\x000.0\x00\x00\x00SN\x00\x00CLP\x00\x00\x005\x000\x00\x00'
2026-05-04 11:30:07,866 [INFO] REQUEST reqMktData {'reqId': 6, 'contract': 4663221072: 0,HG,FUT,202606,0.0,,,COMEX,,USD,,,False,,combo:, 'genericTickList': '100,101,106,233', 'snapshot': False, 'regulatorySnapshot': False, 'mktDataOptions': []}
2026-05-04 11:30:07,866 [INFO] REQUEST reqMktDepth {'reqId': 106, 'contract': 4663287760: 0,CENCOSUD,STK,,0.0,,,SN,,CLP,,,False,,combo:, 'numRows': 5, 'isSmartDepth': False, 'mktDepthOptions': []}
2026-05-04 11:30:07,866 [INFO] SENDING reqMktData b'\x00\x00\x00A1\x0011\x006\x000\x00HG\x00FUT\x00202606\x000.0\x00\x00\x00COMEX\x00\x00USD\x00\x00\x000\x00100,101,106,233\x000\x000\x00\x00'
2026-05-04 11:30:07,866 [INFO] SENDING reqMktDepth b'\x00\x00\x00.10\x005\x00106\x000\x00CENCOSUD\x00STK\x00\x000.0\x00\x00\x00SN\x00\x00CLP\x00\x00\x005\x000\x00\x00'
2026-05-04 11:30:08,013 [INFO] REQUEST reqMktDepth {'reqId': 107, 'contract': 4597976752: 0,CMPC,STK,,0.0,,,SN,,CLP,,,False,,combo:, 'numRows': 5, 'isSmartDepth': False, 'mktDepthOptions': []}
2026-05-04 11:30:08,013 [INFO] SENDING reqMktDepth b'\x00\x00\x00*10\x005\x00107\x000\x00CMPC\x00STK\x00\x000.0\x00\x00\x00SN\x00\x00CLP\x00\x00\x005\x000\x00\x00'
2026-05-04 11:30:08,188 [INFO] REQUEST reqMktDepth {'reqId': 108, 'contract': 4598557664: 0,COLBUN,STK,,0.0,,,SN,,CLP,,,False,,combo:, 'numRows': 5, 'isSmartDepth': False, 'mktDepthOptions': []}
2026-05-04 11:30:08,188 [INFO] SENDING reqMktDepth b'\x00\x00\x00,10\x005\x00108\x000\x00COLBUN\x00STK\x00\x000.0\x00\x00\x00SN\x00\x00CLP\x00\x00\x005\x000\x00\x00'
2026-05-04 11:30:08,354 [INFO] REQUEST reqMktDepth {'reqId': 109, 'contract': 4663134960: 0,ENELCHILE,STK,,0.0,,,SN,,CLP,,,False,,combo:, 'numRows': 5, 'isSmartDepth': False, 'mktDepthOptions': []}
2026-05-04 11:30:08,356 [INFO] SENDING reqMktDepth b'\x00\x00\x00/10\x005\x00109\x000\x00ENELCHILE\x00STK\x00\x000.0\x00\x00\x00SN\x00\x00CLP\x00\x00\x005\x000\x00\x00'
2026-05-04 11:30:08,514 [INFO] REQUEST reqMktDepth {'reqId': 110, 'contract': 4597067840: 0,ENELAM,STK,,0.0,,,SN,,CLP,,,False,,combo:, 'numRows': 5, 'isSmartDepth': False, 'mktDepthOptions': []}
2026-05-04 11:30:08,515 [INFO] SENDING reqMktDepth b'\x00\x00\x00,10\x005\x00110\x000\x00ENELAM\x00STK\x00\x000.0\x00\x00\x00SN\x00\x00CLP\x00\x00\x005\x000\x00\x00'
2026-05-04 11:30:08,700 [INFO] REQUEST reqMktDepth {'reqId': 111, 'contract': 4663254368: 0,ENTEL,STK,,0.0,,,SN,,CLP,,,False,,combo:, 'numRows': 5, 'isSmartDepth': False, 'mktDepthOptions': []}
2026-05-04 11:30:08,705 [INFO] SENDING reqMktDepth b'\x00\x00\x00+10\x005\x00111\x000\x00ENTEL\x00STK\x00\x000.0\x00\x00\x00SN\x00\x00CLP\x00\x00\x005\x000\x00\x00'
2026-05-04 11:30:08,879 [INFO] REQUEST reqMktDepth {'reqId': 112, 'contract': 4647006704: 0,LTM,STK,,0.0,,,SMART,,USD,,,False,,combo:, 'numRows': 5, 'isSmartDepth': False, 'mktDepthOptions': []}
2026-05-04 11:30:08,879 [INFO] SENDING reqMktDepth b'\x00\x00\x00,10\x005\x00112\x000\x00LTM\x00STK\x00\x000.0\x00\x00\x00SMART\x00\x00USD\x00\x00\x005\x000\x00\x00'
2026-05-04 11:30:09,055 [INFO] REQUEST reqMktDepth {'reqId': 113, 'contract': 4663219824: 0,CAP,STK,,0.0,,,SN,,CLP,,,False,,combo:, 'numRows': 5, 'isSmartDepth': False, 'mktDepthOptions': []}
2026-05-04 11:30:09,063 [INFO] SENDING reqMktDepth b'\x00\x00\x00)10\x005\x00113\x000\x00CAP\x00STK\x00\x000.0\x00\x00\x00SN\x00\x00CLP\x00\x00\x005\x000\x00\x00'
2026-05-04 11:30:09,234 [INFO] REQUEST reqMktDepth {'reqId': 114, 'contract': 4597491024: 0,CCU,STK,,0.0,,,SN,,CLP,,,False,,combo:, 'numRows': 5, 'isSmartDepth': False, 'mktDepthOptions': []}
2026-05-04 11:30:09,238 [INFO] SENDING reqMktDepth b'\x00\x00\x00)10\x005\x00114\x000\x00CCU\x00STK\x00\x000.0\x00\x00\x00SN\x00\x00CLP\x00\x00\x005\x000\x00\x00'
2026-05-04 11:30:09,268 [ERROR] $CFR.SN: possibly delisted; no price data found  (period=3mo)
2026-05-04 11:30:09,582 [ERROR] $ENDESA.SN: possibly delisted; no price data found  (period=3mo)
2026-05-04 11:30:11,769 [ERROR] $BANMEDICA.SN: possibly delisted; no price data found  (period=3mo) (Yahoo error = "No data found, symbol may be delisted")
2026-05-04 11:30:16,181 [INFO] disconnecting
2026-05-04 11:30:16,181 [INFO] ANSWER connectionClosed {}
2026-05-04 11:30:17,506 [INFO] disconnecting
2026-05-04 11:30:17,506 [INFO] ANSWER connectionClosed {}
2026-05-04 11:30:40,010 [INFO] sent startApi
2026-05-04 11:30:40,011 [INFO] REQUEST startApi {}
2026-05-04 11:30:40,011 [INFO] SENDING startApi b'\x00\x00\x00\t71\x002\x0030\x00\x00'
2026-05-04 11:30:40,011 [INFO] ANSWER connectAck {}
2026-05-04 11:30:40,014 [INFO] ANSWER managedAccounts {'accountsList': 'DUP838882'}
2026-05-04 11:30:41,089 [INFO] REQUEST placeOrder {'orderId': 23, 'contract': 4599893008: 0,BTC,CRYPTO,,0.0,,,PAXOS,,USD,,,False,,combo:, 'order': 4599890800: 0,0,0: LMT BUY 1@77624.410000 }
2026-05-04 11:30:41,090 [INFO] SENDING placeOrder b'\x00\x00\x01?3\x0023\x000\x00BTC\x00CRYPTO\x00\x000.0\x00\x00\x00PAXOS\x00\x00USD\x00\x00\x00\x00\x00BUY\x001\x00LMT\x0077624.41\x00\x00\x00\x00\x00\x000\x00\x001\x000\x000\x000\x000\x000\x000\x000\x00\x000\x00\x00\x00\x00\x00\x00\x00\x000\x00\x00-1\x000\x00\x00\x000\x00\x00\x000\x000\x00\x000\x00\x00\x00\x00\x00\x000\x00\x00\x00\x00\x000\x00\x00\x00\x00\x00\x00\x00\x00\x00\x00\x000\x00\x00\x000\x000\x00\x00\x000\x00\x000\x000\x000\x000\x00\x001.7976931348623157e+308\x001.7976931348623157e+308\x001.7976931348623157e+308\x001.7976931348623157e+308\x001.7976931348623157e+308\x000\x00\x00\x00\x001.7976931348623157e+308\x00\x00\x00\x00\x000\x000\x000\x00\x00'
2026-05-04 11:30:44,163 [INFO] disconnecting
2026-05-04 11:30:44,164 [INFO] ANSWER connectionClosed {}
2026-05-04 11:30:45,910 [INFO] CIERRE: BTC | TRAILING STOP | PnL -2.48%
2026-05-04 11:30:55,128 [INFO] APERTURA: VENDER BTC | Conv 95.0% | Riesgo 4/10
2026-05-04 11:30:55,159 [INFO] sent startApi
2026-05-04 11:30:55,159 [INFO] REQUEST startApi {}
2026-05-04 11:30:55,159 [INFO] SENDING startApi b'\x00\x00\x00\t71\x002\x0010\x00\x00'
2026-05-04 11:30:55,160 [INFO] ANSWER connectAck {}
2026-05-04 11:30:55,170 [INFO] ANSWER managedAccounts {'accountsList': 'DUP838882'}
2026-05-04 11:30:56,238 [INFO] REQUEST placeOrder {'orderId': 24, 'contract': 4599108704: 0,BTC,CRYPTO,,0.0,,,PAXOS,,USD,,,False,,combo:, 'order': 4599110144: 0,0,0: MKT SELL 1@179769313486231570814527423731704356798070567525844996598917476803157260780028538760589558632766878171540458953514382464234321326889464182768467546703537516986049910576551282076245490090389328944075868508455133942304583236903222948165808559332123348274797826204144723168738177180919299881250404026184124858368.000000 }
2026-05-04 11:30:56,239 [INFO] SENDING placeOrder b'\x00\x00\x0183\x0024\x000\x00BTC\x00CRYPTO\x00\x000.0\x00\x00\x00PAXOS\x00\x00USD\x00\x00\x00\x00\x00SELL\x001\x00MKT\x00\x00\x00\x00\x00\x00\x000\x00\x000\x000\x000\x000\x000\x000\x000\x000\x00\x000\x00\x00\x00\x00\x00\x00\x00\x000\x00\x00-1\x000\x00\x00\x000\x00\x00\x000\x000\x00\x000\x00\x00\x00\x00\x00\x000\x00\x00\x00\x00\x000\x00\x00\x00\x00\x00\x00\x00\x00\x00\x00\x000\x00\x00\x000\x000\x00\x00\x000\x00\x000\x000\x000\x000\x00\x001.7976931348623157e+308\x001.7976931348623157e+308\x001.7976931348623157e+308\x001.7976931348623157e+308\x001.7976931348623157e+308\x000\x00\x00\x00\x001.7976931348623157e+308\x00\x00\x00\x00\x000\x000\x000\x00\x00'
2026-05-04 11:30:56,471 [INFO] REQUEST placeOrder {'orderId': 25, 'contract': 4599108704: 0,BTC,CRYPTO,,0.0,,,PAXOS,,USD,,,False,,combo:, 'order': 4599110432: 0,0,0: STP BUY 1@179769313486231570814527423731704356798070567525844996598917476803157260780028538760589558632766878171540458953514382464234321326889464182768467546703537516986049910576551282076245490090389328944075868508455133942304583236903222948165808559332123348274797826204144723168738177180919299881250404026184124858368.000000 }
2026-05-04 11:30:56,472 [INFO] SENDING placeOrder b'\x00\x00\x01?3\x0025\x000\x00BTC\x00CRYPTO\x00\x000.0\x00\x00\x00PAXOS\x00\x00USD\x00\x00\x00\x00\x00BUY\x001\x00STP\x00\x0080800.0\x00\x00\x00\x00\x000\x00\x000\x0024\x000\x000\x000\x000\x000\x000\x00\x000\x00\x00\x00\x00\x00\x00\x00\x000\x00\x00-1\x000\x00\x00\x000\x00\x00\x000\x000\x00\x000\x00\x00\x00\x00\x00\x000\x00\x00\x00\x00\x000\x00\x00\x00\x00\x00\x00\x00\x00\x00\x00\x000\x00\x00\x000\x000\x00\x00\x000\x00\x000\x000\x000\x000\x00\x001.7976931348623157e+308\x001.7976931348623157e+308\x001.7976931348623157e+308\x001.7976931348623157e+308\x001.7976931348623157e+308\x000\x00\x00\x00\x001.7976931348623157e+308\x00\x00\x00\x00\x000\x000\x000\x00\x00'
2026-05-04 11:30:56,737 [INFO] REQUEST placeOrder {'orderId': 26, 'contract': 4599108704: 0,BTC,CRYPTO,,0.0,,,PAXOS,,USD,,,False,,combo:, 'order': 4599110048: 0,0,0: LMT BUY 1@77624.410000 }
2026-05-04 11:30:56,738 [INFO] SENDING placeOrder b'\x00\x00\x01@3\x0026\x000\x00BTC\x00CRYPTO\x00\x000.0\x00\x00\x00PAXOS\x00\x00USD\x00\x00\x00\x00\x00BUY\x001\x00LMT\x0077624.41\x00\x00\x00\x00\x00\x000\x00\x001\x0024\x000\x000\x000\x000\x000\x000\x00\x000\x00\x00\x00\x00\x00\x00\x00\x000\x00\x00-1\x000\x00\x00\x000\x00\x00\x000\x000\x00\x000\x00\x00\x00\x00\x00\x000\x00\x00\x00\x00\x000\x00\x00\x00\x00\x00\x00\x00\x00\x00\x00\x000\x00\x00\x000\x000\x00\x00\x000\x00\x000\x000\x000\x000\x00\x001.7976931348623157e+308\x001.7976931348623157e+308\x001.7976931348623157e+308\x001.7976931348623157e+308\x001.7976931348623157e+308\x000\x00\x00\x00\x001.7976931348623157e+308\x00\x00\x00\x00\x000\x000\x000\x00\x00'
2026-05-04 11:30:58,644 [INFO] disconnecting
2026-05-04 11:30:58,644 [INFO] ANSWER connectionClosed {}
2026-05-04 11:30:58,660 [INFO] Ciclo completado: 1 aperturas, 1 cierres
2026-05-04 11:30:58,660 [INFO] Ciclo completado: 1 aperturas, 1 cierres, 2 rechazadas
2026-05-04 11:35:00,661 [INFO] === CICLO AUTOMÁTICO INICIADO ===
2026-05-04 11:35:05,436 [INFO] sent startApi
2026-05-04 11:35:05,436 [INFO] REQUEST startApi {}
2026-05-04 11:35:05,436 [INFO] SENDING startApi b'\x00\x00\x00\t71\x002\x0050\x00\x00'
2026-05-04 11:35:05,436 [INFO] ANSWER connectAck {}
2026-05-04 11:35:05,442 [INFO] ANSWER managedAccounts {'accountsList': 'DUP838882'}
2026-05-04 11:35:05,792 [INFO] sent startApi
2026-05-04 11:35:05,793 [INFO] REQUEST startApi {}
2026-05-04 11:35:05,793 [INFO] SENDING startApi b'\x00\x00\x00\t71\x002\x0070\x00\x00'
2026-05-04 11:35:05,793 [INFO] ANSWER connectAck {}
2026-05-04 11:35:05,794 [INFO] ANSWER managedAccounts {'accountsList': 'DUP838882'}
2026-05-04 11:35:06,018 [INFO] REQUEST reqMktData {'reqId': 1, 'contract': 4461205296: 0,SQM,STK,,0.0,,,NYSE,,USD,,,False,,combo:, 'genericTickList': '100,101,106,233', 'snapshot': False, 'regulatorySnapshot': False, 'mktDataOptions': []}
2026-05-04 11:35:06,018 [INFO] SENDING reqMktData b'\x00\x00\x00;1\x0011\x001\x000\x00SQM\x00STK\x00\x000.0\x00\x00\x00NYSE\x00\x00USD\x00\x00\x000\x00100,101,106,233\x000\x000\x00\x00'
2026-05-04 11:35:06,286 [INFO] REQUEST reqMktData {'reqId': 2, 'contract': 4460835792: 0,ECH,STK,,0.0,,,NYSE,,USD,,,False,,combo:, 'genericTickList': '100,101,106,233', 'snapshot': False, 'regulatorySnapshot': False, 'mktDataOptions': []}
2026-05-04 11:35:06,287 [INFO] SENDING reqMktData b'\x00\x00\x00;1\x0011\x002\x000\x00ECH\x00STK\x00\x000.0\x00\x00\x00NYSE\x00\x00USD\x00\x00\x000\x00100,101,106,233\x000\x000\x00\x00'
2026-05-04 11:35:06,308 [INFO] REQUEST reqMktDepth {'reqId': 100, 'contract': 4461205296: 0,SQM,STK,,0.0,,,SN,,CLP,,,False,,combo:, 'numRows': 5, 'isSmartDepth': False, 'mktDepthOptions': []}
2026-05-04 11:35:06,308 [INFO] SENDING reqMktDepth b'\x00\x00\x00)10\x005\x00100\x000\x00SQM\x00STK\x00\x000.0\x00\x00\x00SN\x00\x00CLP\x00\x00\x005\x000\x00\x00'
2026-05-04 11:35:06,479 [INFO] REQUEST reqMktDepth {'reqId': 101, 'contract': 4474332544: 0,COPEC,STK,,0.0,,,SN,,CLP,,,False,,combo:, 'numRows': 5, 'isSmartDepth': False, 'mktDepthOptions': []}
2026-05-04 11:35:06,489 [INFO] SENDING reqMktDepth b'\x00\x00\x00+10\x005\x00101\x000\x00COPEC\x00STK\x00\x000.0\x00\x00\x00SN\x00\x00CLP\x00\x00\x005\x000\x00\x00'
2026-05-04 11:35:06,543 [INFO] REQUEST reqMktData {'reqId': 3, 'contract': 4474001728: 0,GLD,STK,,0.0,,,NYSE,,USD,,,False,,combo:, 'genericTickList': '100,101,106,233', 'snapshot': False, 'regulatorySnapshot': False, 'mktDataOptions': []}
2026-05-04 11:35:06,543 [INFO] SENDING reqMktData b'\x00\x00\x00;1\x0011\x003\x000\x00GLD\x00STK\x00\x000.0\x00\x00\x00NYSE\x00\x00USD\x00\x00\x000\x00100,101,106,233\x000\x000\x00\x00'
2026-05-04 11:35:06,658 [INFO] REQUEST reqMktDepth {'reqId': 102, 'contract': 4463215856: 0,BCI,STK,,0.0,,,SN,,CLP,,,False,,combo:, 'numRows': 5, 'isSmartDepth': False, 'mktDepthOptions': []}
2026-05-04 11:35:06,658 [INFO] SENDING reqMktDepth b'\x00\x00\x00)10\x005\x00102\x000\x00BCI\x00STK\x00\x000.0\x00\x00\x00SN\x00\x00CLP\x00\x00\x005\x000\x00\x00'
2026-05-04 11:35:06,768 [INFO] REQUEST reqMktData {'reqId': 4, 'contract': 4473288400: 0,SPY,STK,,0.0,,,NYSE,,USD,,,False,,combo:, 'genericTickList': '100,101,106,233', 'snapshot': False, 'regulatorySnapshot': False, 'mktDataOptions': []}
2026-05-04 11:35:06,768 [INFO] SENDING reqMktData b'\x00\x00\x00;1\x0011\x004\x000\x00SPY\x00STK\x00\x000.0\x00\x00\x00NYSE\x00\x00USD\x00\x00\x000\x00100,101,106,233\x000\x000\x00\x00'
2026-05-04 11:35:06,794 [INFO] REQUEST reqMktDepth {'reqId': 103, 'contract': 4463096400: 0,BSAC,STK,,0.0,,,SMART,,USD,,,False,,combo:, 'numRows': 5, 'isSmartDepth': False, 'mktDepthOptions': []}
2026-05-04 11:35:06,800 [INFO] SENDING reqMktDepth b'\x00\x00\x00-10\x005\x00103\x000\x00BSAC\x00STK\x00\x000.0\x00\x00\x00SMART\x00\x00USD\x00\x00\x005\x000\x00\x00'
2026-05-04 11:35:06,955 [INFO] REQUEST reqMktDepth {'reqId': 104, 'contract': 4474002496: 0,BCH,STK,,0.0,,,SMART,,USD,,,False,,combo:, 'numRows': 5, 'isSmartDepth': False, 'mktDepthOptions': []}
2026-05-04 11:35:06,955 [INFO] SENDING reqMktDepth b'\x00\x00\x00,10\x005\x00104\x000\x00BCH\x00STK\x00\x000.0\x00\x00\x00SMART\x00\x00USD\x00\x00\x005\x000\x00\x00'
2026-05-04 11:35:07,025 [INFO] REQUEST reqMktData {'reqId': 5, 'contract': 4474195920: 0,GC,FUT,202606,0.0,,,COMEX,,USD,,,False,,combo:, 'genericTickList': '100,101,106,233', 'snapshot': False, 'regulatorySnapshot': False, 'mktDataOptions': []}
2026-05-04 11:35:07,029 [INFO] SENDING reqMktData b'\x00\x00\x00A1\x0011\x005\x000\x00GC\x00FUT\x00202606\x000.0\x00\x00\x00COMEX\x00\x00USD\x00\x00\x000\x00100,101,106,233\x000\x000\x00\x00'
2026-05-04 11:35:07,157 [INFO] REQUEST reqMktDepth {'reqId': 105, 'contract': 4461465552: 0,FALABELLA,STK,,0.0,,,SN,,CLP,,,False,,combo:, 'numRows': 5, 'isSmartDepth': False, 'mktDepthOptions': []}
2026-05-04 11:35:07,158 [INFO] SENDING reqMktDepth b'\x00\x00\x00/10\x005\x00105\x000\x00FALABELLA\x00STK\x00\x000.0\x00\x00\x00SN\x00\x00CLP\x00\x00\x005\x000\x00\x00'
2026-05-04 11:35:07,276 [INFO] REQUEST reqMktDepth {'reqId': 106, 'contract': 4463598848: 0,CENCOSUD,STK,,0.0,,,SN,,CLP,,,False,,combo:, 'numRows': 5, 'isSmartDepth': False, 'mktDepthOptions': []}
2026-05-04 11:35:07,277 [INFO] SENDING reqMktDepth b'\x00\x00\x00.10\x005\x00106\x000\x00CENCOSUD\x00STK\x00\x000.0\x00\x00\x00SN\x00\x00CLP\x00\x00\x005\x000\x00\x00'
2026-05-04 11:35:07,309 [INFO] REQUEST reqMktData {'reqId': 6, 'contract': 4473929104: 0,HG,FUT,202606,0.0,,,COMEX,,USD,,,False,,combo:, 'genericTickList': '100,101,106,233', 'snapshot': False, 'regulatorySnapshot': False, 'mktDataOptions': []}
2026-05-04 11:35:07,312 [INFO] SENDING reqMktData b'\x00\x00\x00A1\x0011\x006\x000\x00HG\x00FUT\x00202606\x000.0\x00\x00\x00COMEX\x00\x00USD\x00\x00\x000\x00100,101,106,233\x000\x000\x00\x00'
2026-05-04 11:35:07,452 [INFO] REQUEST reqMktDepth {'reqId': 107, 'contract': 4474333888: 0,CMPC,STK,,0.0,,,SN,,CLP,,,False,,combo:, 'numRows': 5, 'isSmartDepth': False, 'mktDepthOptions': []}
2026-05-04 11:35:07,452 [INFO] SENDING reqMktDepth b'\x00\x00\x00*10\x005\x00107\x000\x00CMPC\x00STK\x00\x000.0\x00\x00\x00SN\x00\x00CLP\x00\x00\x005\x000\x00\x00'
2026-05-04 11:35:07,646 [INFO] REQUEST reqMktDepth {'reqId': 108, 'contract': 4461121152: 0,COLBUN,STK,,0.0,,,SN,,CLP,,,False,,combo:, 'numRows': 5, 'isSmartDepth': False, 'mktDepthOptions': []}
2026-05-04 11:35:07,647 [INFO] SENDING reqMktDepth b'\x00\x00\x00,10\x005\x00108\x000\x00COLBUN\x00STK\x00\x000.0\x00\x00\x00SN\x00\x00CLP\x00\x00\x005\x000\x00\x00'
2026-05-04 11:35:07,814 [INFO] REQUEST reqMktDepth {'reqId': 109, 'contract': 4460638752: 0,ENELCHILE,STK,,0.0,,,SN,,CLP,,,False,,combo:, 'numRows': 5, 'isSmartDepth': False, 'mktDepthOptions': []}
2026-05-04 11:35:07,815 [INFO] SENDING reqMktDepth b'\x00\x00\x00/10\x005\x00109\x000\x00ENELCHILE\x00STK\x00\x000.0\x00\x00\x00SN\x00\x00CLP\x00\x00\x005\x000\x00\x00'
2026-05-04 11:35:07,935 [INFO] REQUEST reqMktDepth {'reqId': 110, 'contract': 4474107888: 0,ENELAM,STK,,0.0,,,SN,,CLP,,,False,,combo:, 'numRows': 5, 'isSmartDepth': False, 'mktDepthOptions': []}
2026-05-04 11:35:07,935 [INFO] SENDING reqMktDepth b'\x00\x00\x00,10\x005\x00110\x000\x00ENELAM\x00STK\x00\x000.0\x00\x00\x00SN\x00\x00CLP\x00\x00\x005\x000\x00\x00'
2026-05-04 11:35:08,100 [INFO] REQUEST reqMktDepth {'reqId': 111, 'contract': 4463563440: 0,ENTEL,STK,,0.0,,,SN,,CLP,,,False,,combo:, 'numRows': 5, 'isSmartDepth': False, 'mktDepthOptions': []}
2026-05-04 11:35:08,101 [INFO] SENDING reqMktDepth b'\x00\x00\x00+10\x005\x00111\x000\x00ENTEL\x00STK\x00\x000.0\x00\x00\x00SN\x00\x00CLP\x00\x00\x005\x000\x00\x00'
2026-05-04 11:35:08,267 [INFO] REQUEST reqMktDepth {'reqId': 112, 'contract': 4474222000: 0,LTM,STK,,0.0,,,SMART,,USD,,,False,,combo:, 'numRows': 5, 'isSmartDepth': False, 'mktDepthOptions': []}
2026-05-04 11:35:08,268 [INFO] SENDING reqMktDepth b'\x00\x00\x00,10\x005\x00112\x000\x00LTM\x00STK\x00\x000.0\x00\x00\x00SMART\x00\x00USD\x00\x00\x005\x000\x00\x00'
2026-05-04 11:35:08,511 [INFO] REQUEST reqMktDepth {'reqId': 113, 'contract': 4462710208: 0,CAP,STK,,0.0,,,SN,,CLP,,,False,,combo:, 'numRows': 5, 'isSmartDepth': False, 'mktDepthOptions': []}
2026-05-04 11:35:08,511 [INFO] SENDING reqMktDepth b'\x00\x00\x00)10\x005\x00113\x000\x00CAP\x00STK\x00\x000.0\x00\x00\x00SN\x00\x00CLP\x00\x00\x005\x000\x00\x00'
2026-05-04 11:35:08,660 [INFO] REQUEST reqMktDepth {'reqId': 114, 'contract': 4474930704: 0,CCU,STK,,0.0,,,SN,,CLP,,,False,,combo:, 'numRows': 5, 'isSmartDepth': False, 'mktDepthOptions': []}
2026-05-04 11:35:08,696 [INFO] SENDING reqMktDepth b'\x00\x00\x00)10\x005\x00114\x000\x00CCU\x00STK\x00\x000.0\x00\x00\x00SN\x00\x00CLP\x00\x00\x005\x000\x00\x00'
2026-05-04 11:35:10,938 [ERROR] $CFR.SN: possibly delisted; no price data found  (period=3mo)
2026-05-04 11:35:11,370 [ERROR] $ENDESA.SN: possibly delisted; no price data found  (period=3mo)
2026-05-04 11:35:13,510 [ERROR] $BANMEDICA.SN: possibly delisted; no price data found  (period=3mo) (Yahoo error = "No data found, symbol may be delisted")
2026-05-04 11:35:15,599 [INFO] disconnecting
2026-05-04 11:35:15,600 [INFO] ANSWER connectionClosed {}
2026-05-04 11:35:16,968 [INFO] disconnecting
2026-05-04 11:35:16,969 [INFO] ANSWER connectionClosed {}
2026-05-04 11:35:22,341 [WARNING] Motor PAUSADO: 3 trades consecutivos perdedores
2026-05-04 11:35:22,353 [INFO] Ciclo completado: 0 aperturas, 0 cierres, 0 rechazadas
2026-05-04 11:40:01,116 [INFO] === CICLO AUTOMÁTICO INICIADO ===
2026-05-04 11:40:03,008 [INFO] Motor pausado: 3 trades consecutivos perdedores
2026-05-04 11:40:08,100 [INFO] sent startApi
2026-05-04 11:40:08,101 [INFO] REQUEST startApi {}
2026-05-04 11:40:08,101 [INFO] SENDING startApi b'\x00\x00\x00\t71\x002\x0030\x00\x00'
2026-05-04 11:40:08,101 [INFO] ANSWER connectAck {}
2026-05-04 11:40:08,103 [INFO] ANSWER managedAccounts {'accountsList': 'DUP838882'}
2026-05-04 11:40:09,113 [INFO] REQUEST placeOrder {'orderId': 23, 'contract': 6298611136: 0,BTC,CRYPTO,,0.0,,,PAXOS,,USD,,,False,,combo:, 'order': 6298608688: 0,0,0: LMT BUY 1@77624.410000 }
2026-05-04 11:40:09,113 [INFO] SENDING placeOrder b'\x00\x00\x01?3\x0023\x000\x00BTC\x00CRYPTO\x00\x000.0\x00\x00\x00PAXOS\x00\x00USD\x00\x00\x00\x00\x00BUY\x001\x00LMT\x0077624.41\x00\x00\x00\x00\x00\x000\x00\x001\x000\x000\x000\x000\x000\x000\x000\x00\x000\x00\x00\x00\x00\x00\x00\x00\x000\x00\x00-1\x000\x00\x00\x000\x00\x00\x000\x000\x00\x000\x00\x00\x00\x00\x00\x000\x00\x00\x00\x00\x000\x00\x00\x00\x00\x00\x00\x00\x00\x00\x00\x000\x00\x00\x000\x000\x00\x00\x000\x00\x000\x000\x000\x000\x00\x001.7976931348623157e+308\x001.7976931348623157e+308\x001.7976931348623157e+308\x001.7976931348623157e+308\x001.7976931348623157e+308\x000\x00\x00\x00\x001.7976931348623157e+308\x00\x00\x00\x00\x000\x000\x000\x00\x00'
2026-05-04 11:40:12,121 [INFO] disconnecting
2026-05-04 11:40:12,121 [INFO] ANSWER connectionClosed {}
2026-05-04 11:41:52,974 [INFO] sent startApi
2026-05-04 11:41:52,976 [INFO] REQUEST startApi {}
2026-05-04 11:41:52,976 [INFO] SENDING startApi b'\x00\x00\x00\t71\x002\x0050\x00\x00'
2026-05-04 11:41:52,976 [INFO] ANSWER connectAck {}
2026-05-04 11:41:52,979 [INFO] ANSWER managedAccounts {'accountsList': 'DUP838882'}
2026-05-04 11:41:53,489 [INFO] REQUEST reqMktData {'reqId': 1, 'contract': 6305449584: 0,SQM,STK,,0.0,,,NYSE,,USD,,,False,,combo:, 'genericTickList': '100,101,106,233', 'snapshot': False, 'regulatorySnapshot': False, 'mktDataOptions': []}
2026-05-04 11:41:53,490 [INFO] SENDING reqMktData b'\x00\x00\x00;1\x0011\x001\x000\x00SQM\x00STK\x00\x000.0\x00\x00\x00NYSE\x00\x00USD\x00\x00\x000\x00100,101,106,233\x000\x000\x00\x00'
2026-05-04 11:41:53,701 [INFO] REQUEST reqMktData {'reqId': 2, 'contract': 6312727744: 0,ECH,STK,,0.0,,,NYSE,,USD,,,False,,combo:, 'genericTickList': '100,101,106,233', 'snapshot': False, 'regulatorySnapshot': False, 'mktDataOptions': []}
2026-05-04 11:41:53,701 [INFO] SENDING reqMktData b'\x00\x00\x00;1\x0011\x002\x000\x00ECH\x00STK\x00\x000.0\x00\x00\x00NYSE\x00\x00USD\x00\x00\x000\x00100,101,106,233\x000\x000\x00\x00'
2026-05-04 11:41:53,910 [INFO] REQUEST reqMktData {'reqId': 3, 'contract': 6295567952: 0,GLD,STK,,0.0,,,NYSE,,USD,,,False,,combo:, 'genericTickList': '100,101,106,233', 'snapshot': False, 'regulatorySnapshot': False, 'mktDataOptions': []}
2026-05-04 11:41:53,910 [INFO] SENDING reqMktData b'\x00\x00\x00;1\x0011\x003\x000\x00GLD\x00STK\x00\x000.0\x00\x00\x00NYSE\x00\x00USD\x00\x00\x000\x00100,101,106,233\x000\x000\x00\x00'
2026-05-04 11:41:54,120 [INFO] REQUEST reqMktData {'reqId': 4, 'contract': 6295336032: 0,SPY,STK,,0.0,,,NYSE,,USD,,,False,,combo:, 'genericTickList': '100,101,106,233', 'snapshot': False, 'regulatorySnapshot': False, 'mktDataOptions': []}
2026-05-04 11:41:54,120 [INFO] SENDING reqMktData b'\x00\x00\x00;1\x0011\x004\x000\x00SPY\x00STK\x00\x000.0\x00\x00\x00NYSE\x00\x00USD\x00\x00\x000\x00100,101,106,233\x000\x000\x00\x00'
2026-05-04 11:41:54,329 [INFO] REQUEST reqMktData {'reqId': 5, 'contract': 6295566896: 0,GC,FUT,202606,0.0,,,COMEX,,USD,,,False,,combo:, 'genericTickList': '100,101,106,233', 'snapshot': False, 'regulatorySnapshot': False, 'mktDataOptions': []}
2026-05-04 11:41:54,330 [INFO] SENDING reqMktData b'\x00\x00\x00A1\x0011\x005\x000\x00GC\x00FUT\x00202606\x000.0\x00\x00\x00COMEX\x00\x00USD\x00\x00\x000\x00100,101,106,233\x000\x000\x00\x00'
2026-05-04 11:41:54,532 [INFO] REQUEST reqMktData {'reqId': 6, 'contract': 6294986320: 0,HG,FUT,202606,0.0,,,COMEX,,USD,,,False,,combo:, 'genericTickList': '100,101,106,233', 'snapshot': False, 'regulatorySnapshot': False, 'mktDataOptions': []}
2026-05-04 11:41:54,533 [INFO] SENDING reqMktData b'\x00\x00\x00A1\x0011\x006\x000\x00HG\x00FUT\x00202606\x000.0\x00\x00\x00COMEX\x00\x00USD\x00\x00\x000\x00100,101,106,233\x000\x000\x00\x00'
2026-05-04 11:42:02,736 [INFO] disconnecting
2026-05-04 11:42:02,738 [INFO] ANSWER connectionClosed {}
2026-05-04 11:42:03,796 [INFO] sent startApi
2026-05-04 11:42:03,796 [INFO] REQUEST startApi {}
2026-05-04 11:42:03,796 [INFO] SENDING startApi b'\x00\x00\x00\t71\x002\x0050\x00\x00'
2026-05-04 11:42:03,796 [INFO] ANSWER connectAck {}
2026-05-04 11:42:03,798 [INFO] ANSWER managedAccounts {'accountsList': 'DUP838882'}
2026-05-04 11:42:04,312 [INFO] REQUEST reqMktData {'reqId': 1, 'contract': 6312830912: 0,SQM,STK,,0.0,,,NYSE,,USD,,,False,,combo:, 'genericTickList': '100,101,106,233', 'snapshot': False, 'regulatorySnapshot': False, 'mktDataOptions': []}
2026-05-04 11:42:04,313 [INFO] SENDING reqMktData b'\x00\x00\x00;1\x0011\x001\x000\x00SQM\x00STK\x00\x000.0\x00\x00\x00NYSE\x00\x00USD\x00\x00\x000\x00100,101,106,233\x000\x000\x00\x00'
2026-05-04 11:42:04,401 [INFO] sent startApi
2026-05-04 11:42:04,401 [INFO] REQUEST startApi {}
2026-05-04 11:42:04,401 [INFO] SENDING startApi b'\x00\x00\x00\t71\x002\x0070\x00\x00'
2026-05-04 11:42:04,401 [INFO] ANSWER connectAck {}
2026-05-04 11:42:04,402 [INFO] ANSWER managedAccounts {'accountsList': 'DUP838882'}
2026-05-04 11:42:04,530 [INFO] REQUEST reqMktData {'reqId': 2, 'contract': 6312727312: 0,ECH,STK,,0.0,,,NYSE,,USD,,,False,,combo:, 'genericTickList': '100,101,106,233', 'snapshot': False, 'regulatorySnapshot': False, 'mktDataOptions': []}
2026-05-04 11:42:04,531 [INFO] SENDING reqMktData b'\x00\x00\x00;1\x0011\x002\x000\x00ECH\x00STK\x00\x000.0\x00\x00\x00NYSE\x00\x00USD\x00\x00\x000\x00100,101,106,233\x000\x000\x00\x00'
2026-05-04 11:42:04,733 [INFO] REQUEST reqMktData {'reqId': 3, 'contract': 6306524224: 0,GLD,STK,,0.0,,,NYSE,,USD,,,False,,combo:, 'genericTickList': '100,101,106,233', 'snapshot': False, 'regulatorySnapshot': False, 'mktDataOptions': []}
2026-05-04 11:42:04,734 [INFO] SENDING reqMktData b'\x00\x00\x00;1\x0011\x003\x000\x00GLD\x00STK\x00\x000.0\x00\x00\x00NYSE\x00\x00USD\x00\x00\x000\x00100,101,106,233\x000\x000\x00\x00'
2026-05-04 11:42:04,911 [INFO] REQUEST reqMktDepth {'reqId': 100, 'contract': 5014190928: 0,SQM,STK,,0.0,,,SN,,CLP,,,False,,combo:, 'numRows': 5, 'isSmartDepth': False, 'mktDepthOptions': []}
2026-05-04 11:42:04,912 [INFO] SENDING reqMktDepth b'\x00\x00\x00)10\x005\x00100\x000\x00SQM\x00STK\x00\x000.0\x00\x00\x00SN\x00\x00CLP\x00\x00\x005\x000\x00\x00'
2026-05-04 11:42:04,966 [INFO] REQUEST reqMktData {'reqId': 4, 'contract': 6294702544: 0,SPY,STK,,0.0,,,NYSE,,USD,,,False,,combo:, 'genericTickList': '100,101,106,233', 'snapshot': False, 'regulatorySnapshot': False, 'mktDataOptions': []}
2026-05-04 11:42:04,975 [INFO] SENDING reqMktData b'\x00\x00\x00;1\x0011\x004\x000\x00SPY\x00STK\x00\x000.0\x00\x00\x00NYSE\x00\x00USD\x00\x00\x000\x00100,101,106,233\x000\x000\x00\x00'
2026-05-04 11:42:05,022 [INFO] REQUEST reqMktDepth {'reqId': 101, 'contract': 6306524560: 0,COPEC,STK,,0.0,,,SN,,CLP,,,False,,combo:, 'numRows': 5, 'isSmartDepth': False, 'mktDepthOptions': []}
2026-05-04 11:42:05,022 [INFO] SENDING reqMktDepth b'\x00\x00\x00+10\x005\x00101\x000\x00COPEC\x00STK\x00\x000.0\x00\x00\x00SN\x00\x00CLP\x00\x00\x005\x000\x00\x00'
2026-05-04 11:42:05,126 [INFO] REQUEST reqMktDepth {'reqId': 102, 'contract': 5091178144: 0,BCI,STK,,0.0,,,SN,,CLP,,,False,,combo:, 'numRows': 5, 'isSmartDepth': False, 'mktDepthOptions': []}
2026-05-04 11:42:05,126 [INFO] SENDING reqMktDepth b'\x00\x00\x00)10\x005\x00102\x000\x00BCI\x00STK\x00\x000.0\x00\x00\x00SN\x00\x00CLP\x00\x00\x005\x000\x00\x00'
2026-05-04 11:42:05,176 [INFO] REQUEST reqMktData {'reqId': 5, 'contract': 6294197872: 0,GC,FUT,202606,0.0,,,COMEX,,USD,,,False,,combo:, 'genericTickList': '100,101,106,233', 'snapshot': False, 'regulatorySnapshot': False, 'mktDataOptions': []}
2026-05-04 11:42:05,176 [INFO] SENDING reqMktData b'\x00\x00\x00A1\x0011\x005\x000\x00GC\x00FUT\x00202606\x000.0\x00\x00\x00COMEX\x00\x00USD\x00\x00\x000\x00100,101,106,233\x000\x000\x00\x00'
2026-05-04 11:42:05,237 [INFO] REQUEST reqMktDepth {'reqId': 103, 'contract': 6312759200: 0,BSAC,STK,,0.0,,,SMART,,USD,,,False,,combo:, 'numRows': 5, 'isSmartDepth': False, 'mktDepthOptions': []}
2026-05-04 11:42:05,237 [INFO] SENDING reqMktDepth b'\x00\x00\x00-10\x005\x00103\x000\x00BSAC\x00STK\x00\x000.0\x00\x00\x00SMART\x00\x00USD\x00\x00\x005\x000\x00\x00'
2026-05-04 11:42:05,347 [INFO] REQUEST reqMktDepth {'reqId': 104, 'contract': 6295337520: 0,BCH,STK,,0.0,,,SMART,,USD,,,False,,combo:, 'numRows': 5, 'isSmartDepth': False, 'mktDepthOptions': []}
2026-05-04 11:42:05,348 [INFO] SENDING reqMktDepth b'\x00\x00\x00,10\x005\x00104\x000\x00BCH\x00STK\x00\x000.0\x00\x00\x00SMART\x00\x00USD\x00\x00\x005\x000\x00\x00'
2026-05-04 11:42:05,378 [INFO] REQUEST reqMktData {'reqId': 6, 'contract': 6312759200: 0,HG,FUT,202606,0.0,,,COMEX,,USD,,,False,,combo:, 'genericTickList': '100,101,106,233', 'snapshot': False, 'regulatorySnapshot': False, 'mktDataOptions': []}
2026-05-04 11:42:05,379 [INFO] SENDING reqMktData b'\x00\x00\x00A1\x0011\x006\x000\x00HG\x00FUT\x00202606\x000.0\x00\x00\x00COMEX\x00\x00USD\x00\x00\x000\x00100,101,106,233\x000\x000\x00\x00'
2026-05-04 11:42:05,452 [INFO] REQUEST reqMktDepth {'reqId': 105, 'contract': 6294703408: 0,FALABELLA,STK,,0.0,,,SN,,CLP,,,False,,combo:, 'numRows': 5, 'isSmartDepth': False, 'mktDepthOptions': []}
2026-05-04 11:42:05,453 [INFO] SENDING reqMktDepth b'\x00\x00\x00/10\x005\x00105\x000\x00FALABELLA\x00STK\x00\x000.0\x00\x00\x00SN\x00\x00CLP\x00\x00\x005\x000\x00\x00'
2026-05-04 11:42:05,563 [INFO] REQUEST reqMktDepth {'reqId': 106, 'contract': 6312758096: 0,CENCOSUD,STK,,0.0,,,SN,,CLP,,,False,,combo:, 'numRows': 5, 'isSmartDepth': False, 'mktDepthOptions': []}
2026-05-04 11:42:05,563 [INFO] SENDING reqMktDepth b'\x00\x00\x00.10\x005\x00106\x000\x00CENCOSUD\x00STK\x00\x000.0\x00\x00\x00SN\x00\x00CLP\x00\x00\x005\x000\x00\x00'
2026-05-04 11:42:05,665 [INFO] REQUEST reqMktDepth {'reqId': 107, 'contract': 6419146208: 0,CMPC,STK,,0.0,,,SN,,CLP,,,False,,combo:, 'numRows': 5, 'isSmartDepth': False, 'mktDepthOptions': []}
2026-05-04 11:42:05,665 [INFO] SENDING reqMktDepth b'\x00\x00\x00*10\x005\x00107\x000\x00CMPC\x00STK\x00\x000.0\x00\x00\x00SN\x00\x00CLP\x00\x00\x005\x000\x00\x00'
2026-05-04 11:42:05,780 [INFO] REQUEST reqMktDepth {'reqId': 108, 'contract': 6310624176: 0,COLBUN,STK,,0.0,,,SN,,CLP,,,False,,combo:, 'numRows': 5, 'isSmartDepth': False, 'mktDepthOptions': []}
2026-05-04 11:42:05,780 [INFO] SENDING reqMktDepth b'\x00\x00\x00,10\x005\x00108\x000\x00COLBUN\x00STK\x00\x000.0\x00\x00\x00SN\x00\x00CLP\x00\x00\x005\x000\x00\x00'
2026-05-04 11:42:05,889 [INFO] REQUEST reqMktDepth {'reqId': 109, 'contract': 6308648512: 0,ENELCHILE,STK,,0.0,,,SN,,CLP,,,False,,combo:, 'numRows': 5, 'isSmartDepth': False, 'mktDepthOptions': []}
2026-05-04 11:42:05,889 [INFO] SENDING reqMktDepth b'\x00\x00\x00/10\x005\x00109\x000\x00ENELCHILE\x00STK\x00\x000.0\x00\x00\x00SN\x00\x00CLP\x00\x00\x005\x000\x00\x00'
2026-05-04 11:42:05,996 [INFO] REQUEST reqMktDepth {'reqId': 110, 'contract': 6419146352: 0,ENELAM,STK,,0.0,,,SN,,CLP,,,False,,combo:, 'numRows': 5, 'isSmartDepth': False, 'mktDepthOptions': []}
2026-05-04 11:42:05,996 [INFO] SENDING reqMktDepth b'\x00\x00\x00,10\x005\x00110\x000\x00ENELAM\x00STK\x00\x000.0\x00\x00\x00SN\x00\x00CLP\x00\x00\x005\x000\x00\x00'
2026-05-04 11:42:06,106 [INFO] REQUEST reqMktDepth {'reqId': 111, 'contract': 6308650288: 0,ENTEL,STK,,0.0,,,SN,,CLP,,,False,,combo:, 'numRows': 5, 'isSmartDepth': False, 'mktDepthOptions': []}
2026-05-04 11:42:06,106 [INFO] SENDING reqMktDepth b'\x00\x00\x00+10\x005\x00111\x000\x00ENTEL\x00STK\x00\x000.0\x00\x00\x00SN\x00\x00CLP\x00\x00\x005\x000\x00\x00'
2026-05-04 11:42:06,217 [INFO] REQUEST reqMktDepth {'reqId': 112, 'contract': 6312076960: 0,LTM,STK,,0.0,,,SMART,,USD,,,False,,combo:, 'numRows': 5, 'isSmartDepth': False, 'mktDepthOptions': []}
2026-05-04 11:42:06,217 [INFO] SENDING reqMktDepth b'\x00\x00\x00,10\x005\x00112\x000\x00LTM\x00STK\x00\x000.0\x00\x00\x00SMART\x00\x00USD\x00\x00\x005\x000\x00\x00'
2026-05-04 11:42:06,334 [INFO] REQUEST reqMktDepth {'reqId': 113, 'contract': 6310622064: 0,CAP,STK,,0.0,,,SN,,CLP,,,False,,combo:, 'numRows': 5, 'isSmartDepth': False, 'mktDepthOptions': []}
2026-05-04 11:42:06,339 [INFO] SENDING reqMktDepth b'\x00\x00\x00)10\x005\x00113\x000\x00CAP\x00STK\x00\x000.0\x00\x00\x00SN\x00\x00CLP\x00\x00\x005\x000\x00\x00'
2026-05-04 11:42:06,453 [INFO] REQUEST reqMktDepth {'reqId': 114, 'contract': 6305689664: 0,CCU,STK,,0.0,,,SN,,CLP,,,False,,combo:, 'numRows': 5, 'isSmartDepth': False, 'mktDepthOptions': []}
2026-05-04 11:42:06,453 [INFO] SENDING reqMktDepth b'\x00\x00\x00)10\x005\x00114\x000\x00CCU\x00STK\x00\x000.0\x00\x00\x00SN\x00\x00CLP\x00\x00\x005\x000\x00\x00'
2026-05-04 11:42:06,503 [ERROR] $CFR.SN: possibly delisted; no price data found  (period=3mo)
2026-05-04 11:42:06,767 [ERROR] $ENDESA.SN: possibly delisted; no price data found  (period=3mo)
2026-05-04 11:42:07,315 [ERROR] $BANMEDICA.SN: possibly delisted; no price data found  (period=3mo) (Yahoo error = "No data found, symbol may be delisted")
2026-05-04 11:42:13,596 [INFO] disconnecting
2026-05-04 11:42:13,597 [INFO] ANSWER connectionClosed {}
2026-05-04 11:42:14,573 [INFO] disconnecting
2026-05-04 11:42:14,573 [INFO] ANSWER connectionClosed {}
2026-05-04 11:46:29,303 [INFO] === CICLO AUTOMÁTICO INICIADO ===
2026-05-04 11:46:31,920 [INFO] Motor pausado: 3 trades consecutivos perdedores
2026-05-04 11:47:14,039 [INFO] sent startApi
2026-05-04 11:47:14,042 [INFO] REQUEST startApi {}
2026-05-04 11:47:14,042 [INFO] SENDING startApi b'\x00\x00\x00\t71\x002\x0050\x00\x00'
2026-05-04 11:47:14,042 [INFO] ANSWER connectAck {}
2026-05-04 11:47:14,047 [INFO] ANSWER managedAccounts {'accountsList': 'DUP838882'}
2026-05-04 11:47:14,553 [INFO] REQUEST reqMktData {'reqId': 1, 'contract': 6287063792: 0,SQM,STK,,0.0,,,NYSE,,USD,,,False,,combo:, 'genericTickList': '100,101,106,233', 'snapshot': False, 'regulatorySnapshot': False, 'mktDataOptions': []}
2026-05-04 11:47:14,554 [INFO] SENDING reqMktData b'\x00\x00\x00;1\x0011\x001\x000\x00SQM\x00STK\x00\x000.0\x00\x00\x00NYSE\x00\x00USD\x00\x00\x000\x00100,101,106,233\x000\x000\x00\x00'
2026-05-04 11:47:14,759 [INFO] REQUEST reqMktData {'reqId': 2, 'contract': 6416431280: 0,ECH,STK,,0.0,,,NYSE,,USD,,,False,,combo:, 'genericTickList': '100,101,106,233', 'snapshot': False, 'regulatorySnapshot': False, 'mktDataOptions': []}
2026-05-04 11:47:14,759 [INFO] SENDING reqMktData b'\x00\x00\x00;1\x0011\x002\x000\x00ECH\x00STK\x00\x000.0\x00\x00\x00NYSE\x00\x00USD\x00\x00\x000\x00100,101,106,233\x000\x000\x00\x00'
2026-05-04 11:47:14,965 [INFO] REQUEST reqMktData {'reqId': 3, 'contract': 6287063072: 0,GLD,STK,,0.0,,,NYSE,,USD,,,False,,combo:, 'genericTickList': '100,101,106,233', 'snapshot': False, 'regulatorySnapshot': False, 'mktDataOptions': []}
2026-05-04 11:47:14,965 [INFO] SENDING reqMktData b'\x00\x00\x00;1\x0011\x003\x000\x00GLD\x00STK\x00\x000.0\x00\x00\x00NYSE\x00\x00USD\x00\x00\x000\x00100,101,106,233\x000\x000\x00\x00'
2026-05-04 11:47:15,167 [INFO] REQUEST reqMktData {'reqId': 4, 'contract': 6287063792: 0,SPY,STK,,0.0,,,NYSE,,USD,,,False,,combo:, 'genericTickList': '100,101,106,233', 'snapshot': False, 'regulatorySnapshot': False, 'mktDataOptions': []}
2026-05-04 11:47:15,168 [INFO] SENDING reqMktData b'\x00\x00\x00;1\x0011\x004\x000\x00SPY\x00STK\x00\x000.0\x00\x00\x00NYSE\x00\x00USD\x00\x00\x000\x00100,101,106,233\x000\x000\x00\x00'
2026-05-04 11:47:15,373 [INFO] REQUEST reqMktData {'reqId': 5, 'contract': 6287063168: 0,GC,FUT,202606,0.0,,,COMEX,,USD,,,False,,combo:, 'genericTickList': '100,101,106,233', 'snapshot': False, 'regulatorySnapshot': False, 'mktDataOptions': []}
2026-05-04 11:47:15,373 [INFO] SENDING reqMktData b'\x00\x00\x00A1\x0011\x005\x000\x00GC\x00FUT\x00202606\x000.0\x00\x00\x00COMEX\x00\x00USD\x00\x00\x000\x00100,101,106,233\x000\x000\x00\x00'
2026-05-04 11:47:15,579 [INFO] REQUEST reqMktData {'reqId': 6, 'contract': 6287063072: 0,HG,FUT,202606,0.0,,,COMEX,,USD,,,False,,combo:, 'genericTickList': '100,101,106,233', 'snapshot': False, 'regulatorySnapshot': False, 'mktDataOptions': []}
2026-05-04 11:47:15,579 [INFO] SENDING reqMktData b'\x00\x00\x00A1\x0011\x006\x000\x00HG\x00FUT\x00202606\x000.0\x00\x00\x00COMEX\x00\x00USD\x00\x00\x000\x00100,101,106,233\x000\x000\x00\x00'
2026-05-04 11:47:23,786 [INFO] disconnecting
2026-05-04 11:47:23,790 [INFO] ANSWER connectionClosed {}
2026-05-04 11:47:24,185 [INFO] sent startApi
2026-05-04 11:47:24,185 [INFO] REQUEST startApi {}
2026-05-04 11:47:24,185 [INFO] SENDING startApi b'\x00\x00\x00\t71\x002\x0050\x00\x00'
2026-05-04 11:47:24,185 [INFO] ANSWER connectAck {}
2026-05-04 11:47:24,187 [INFO] ANSWER managedAccounts {'accountsList': 'DUP838882'}
2026-05-04 11:47:24,692 [INFO] REQUEST reqMktData {'reqId': 1, 'contract': 6291202400: 0,SQM,STK,,0.0,,,NYSE,,USD,,,False,,combo:, 'genericTickList': '100,101,106,233', 'snapshot': False, 'regulatorySnapshot': False, 'mktDataOptions': []}
2026-05-04 11:47:24,693 [INFO] SENDING reqMktData b'\x00\x00\x00;1\x0011\x001\x000\x00SQM\x00STK\x00\x000.0\x00\x00\x00NYSE\x00\x00USD\x00\x00\x000\x00100,101,106,233\x000\x000\x00\x00'
2026-05-04 11:47:24,899 [INFO] REQUEST reqMktData {'reqId': 2, 'contract': 6295818400: 0,ECH,STK,,0.0,,,NYSE,,USD,,,False,,combo:, 'genericTickList': '100,101,106,233', 'snapshot': False, 'regulatorySnapshot': False, 'mktDataOptions': []}
2026-05-04 11:47:24,899 [INFO] SENDING reqMktData b'\x00\x00\x00;1\x0011\x002\x000\x00ECH\x00STK\x00\x000.0\x00\x00\x00NYSE\x00\x00USD\x00\x00\x000\x00100,101,106,233\x000\x000\x00\x00'
2026-05-04 11:47:25,104 [INFO] REQUEST reqMktData {'reqId': 3, 'contract': 6292940064: 0,GLD,STK,,0.0,,,NYSE,,USD,,,False,,combo:, 'genericTickList': '100,101,106,233', 'snapshot': False, 'regulatorySnapshot': False, 'mktDataOptions': []}
2026-05-04 11:47:25,105 [INFO] SENDING reqMktData b'\x00\x00\x00;1\x0011\x003\x000\x00GLD\x00STK\x00\x000.0\x00\x00\x00NYSE\x00\x00USD\x00\x00\x000\x00100,101,106,233\x000\x000\x00\x00'
2026-05-04 11:47:25,310 [INFO] REQUEST reqMktData {'reqId': 4, 'contract': 6300332528: 0,SPY,STK,,0.0,,,NYSE,,USD,,,False,,combo:, 'genericTickList': '100,101,106,233', 'snapshot': False, 'regulatorySnapshot': False, 'mktDataOptions': []}
2026-05-04 11:47:25,310 [INFO] SENDING reqMktData b'\x00\x00\x00;1\x0011\x004\x000\x00SPY\x00STK\x00\x000.0\x00\x00\x00NYSE\x00\x00USD\x00\x00\x000\x00100,101,106,233\x000\x000\x00\x00'
2026-05-04 11:47:25,456 [INFO] sent startApi
2026-05-04 11:47:25,457 [INFO] REQUEST startApi {}
2026-05-04 11:47:25,458 [INFO] SENDING startApi b'\x00\x00\x00\t71\x002\x0070\x00\x00'
2026-05-04 11:47:25,458 [INFO] ANSWER connectAck {}
2026-05-04 11:47:25,461 [INFO] ANSWER managedAccounts {'accountsList': 'DUP838882'}
2026-05-04 11:47:25,515 [INFO] REQUEST reqMktData {'reqId': 5, 'contract': 6308857600: 0,GC,FUT,202606,0.0,,,COMEX,,USD,,,False,,combo:, 'genericTickList': '100,101,106,233', 'snapshot': False, 'regulatorySnapshot': False, 'mktDataOptions': []}
2026-05-04 11:47:25,515 [INFO] SENDING reqMktData b'\x00\x00\x00A1\x0011\x005\x000\x00GC\x00FUT\x00202606\x000.0\x00\x00\x00COMEX\x00\x00USD\x00\x00\x000\x00100,101,106,233\x000\x000\x00\x00'
2026-05-04 11:47:25,721 [INFO] REQUEST reqMktData {'reqId': 6, 'contract': 6295818928: 0,HG,FUT,202606,0.0,,,COMEX,,USD,,,False,,combo:, 'genericTickList': '100,101,106,233', 'snapshot': False, 'regulatorySnapshot': False, 'mktDataOptions': []}
2026-05-04 11:47:25,721 [INFO] SENDING reqMktData b'\x00\x00\x00A1\x0011\x006\x000\x00HG\x00FUT\x00202606\x000.0\x00\x00\x00COMEX\x00\x00USD\x00\x00\x000\x00100,101,106,233\x000\x000\x00\x00'
2026-05-04 11:47:25,966 [INFO] REQUEST reqMktDepth {'reqId': 100, 'contract': 6308857600: 0,SQM,STK,,0.0,,,SN,,CLP,,,False,,combo:, 'numRows': 5, 'isSmartDepth': False, 'mktDepthOptions': []}
2026-05-04 11:47:25,966 [INFO] SENDING reqMktDepth b'\x00\x00\x00)10\x005\x00100\x000\x00SQM\x00STK\x00\x000.0\x00\x00\x00SN\x00\x00CLP\x00\x00\x005\x000\x00\x00'
2026-05-04 11:47:26,068 [INFO] REQUEST reqMktDepth {'reqId': 101, 'contract': 6308856208: 0,COPEC,STK,,0.0,,,SN,,CLP,,,False,,combo:, 'numRows': 5, 'isSmartDepth': False, 'mktDepthOptions': []}
2026-05-04 11:47:26,069 [INFO] SENDING reqMktDepth b'\x00\x00\x00+10\x005\x00101\x000\x00COPEC\x00STK\x00\x000.0\x00\x00\x00SN\x00\x00CLP\x00\x00\x005\x000\x00\x00'
2026-05-04 11:47:26,173 [INFO] REQUEST reqMktDepth {'reqId': 102, 'contract': 6291204944: 0,BCI,STK,,0.0,,,SN,,CLP,,,False,,combo:, 'numRows': 5, 'isSmartDepth': False, 'mktDepthOptions': []}
2026-05-04 11:47:26,174 [INFO] SENDING reqMktDepth b'\x00\x00\x00)10\x005\x00102\x000\x00BCI\x00STK\x00\x000.0\x00\x00\x00SN\x00\x00CLP\x00\x00\x005\x000\x00\x00'
2026-05-04 11:47:26,277 [INFO] REQUEST reqMktDepth {'reqId': 103, 'contract': 6308857600: 0,BSAC,STK,,0.0,,,SMART,,USD,,,False,,combo:, 'numRows': 5, 'isSmartDepth': False, 'mktDepthOptions': []}
2026-05-04 11:47:26,277 [INFO] SENDING reqMktDepth b'\x00\x00\x00-10\x005\x00103\x000\x00BSAC\x00STK\x00\x000.0\x00\x00\x00SMART\x00\x00USD\x00\x00\x005\x000\x00\x00'
2026-05-04 11:47:26,382 [INFO] REQUEST reqMktDepth {'reqId': 104, 'contract': 6291268416: 0,BCH,STK,,0.0,,,SMART,,USD,,,False,,combo:, 'numRows': 5, 'isSmartDepth': False, 'mktDepthOptions': []}
2026-05-04 11:47:26,382 [INFO] SENDING reqMktDepth b'\x00\x00\x00,10\x005\x00104\x000\x00BCH\x00STK\x00\x000.0\x00\x00\x00SMART\x00\x00USD\x00\x00\x005\x000\x00\x00'
2026-05-04 11:47:26,484 [INFO] REQUEST reqMktDepth {'reqId': 105, 'contract': 6308987232: 0,FALABELLA,STK,,0.0,,,SN,,CLP,,,False,,combo:, 'numRows': 5, 'isSmartDepth': False, 'mktDepthOptions': []}
2026-05-04 11:47:26,485 [INFO] SENDING reqMktDepth b'\x00\x00\x00/10\x005\x00105\x000\x00FALABELLA\x00STK\x00\x000.0\x00\x00\x00SN\x00\x00CLP\x00\x00\x005\x000\x00\x00'
2026-05-04 11:47:26,597 [INFO] REQUEST reqMktDepth {'reqId': 106, 'contract': 6291269088: 0,CENCOSUD,STK,,0.0,,,SN,,CLP,,,False,,combo:, 'numRows': 5, 'isSmartDepth': False, 'mktDepthOptions': []}
2026-05-04 11:47:26,600 [INFO] SENDING reqMktDepth b'\x00\x00\x00.10\x005\x00106\x000\x00CENCOSUD\x00STK\x00\x000.0\x00\x00\x00SN\x00\x00CLP\x00\x00\x005\x000\x00\x00'
2026-05-04 11:47:26,708 [INFO] REQUEST reqMktDepth {'reqId': 107, 'contract': 6311590160: 0,CMPC,STK,,0.0,,,SN,,CLP,,,False,,combo:, 'numRows': 5, 'isSmartDepth': False, 'mktDepthOptions': []}
2026-05-04 11:47:26,708 [INFO] SENDING reqMktDepth b'\x00\x00\x00*10\x005\x00107\x000\x00CMPC\x00STK\x00\x000.0\x00\x00\x00SN\x00\x00CLP\x00\x00\x005\x000\x00\x00'
2026-05-04 11:47:26,814 [INFO] REQUEST reqMktDepth {'reqId': 108, 'contract': 6308856208: 0,COLBUN,STK,,0.0,,,SN,,CLP,,,False,,combo:, 'numRows': 5, 'isSmartDepth': False, 'mktDepthOptions': []}
2026-05-04 11:47:26,814 [INFO] SENDING reqMktDepth b'\x00\x00\x00,10\x005\x00108\x000\x00COLBUN\x00STK\x00\x000.0\x00\x00\x00SN\x00\x00CLP\x00\x00\x005\x000\x00\x00'
2026-05-04 11:47:26,914 [INFO] REQUEST reqMktDepth {'reqId': 109, 'contract': 6311590928: 0,ENELCHILE,STK,,0.0,,,SN,,CLP,,,False,,combo:, 'numRows': 5, 'isSmartDepth': False, 'mktDepthOptions': []}
2026-05-04 11:47:26,915 [INFO] SENDING reqMktDepth b'\x00\x00\x00/10\x005\x00109\x000\x00ENELCHILE\x00STK\x00\x000.0\x00\x00\x00SN\x00\x00CLP\x00\x00\x005\x000\x00\x00'
2026-05-04 11:47:27,015 [INFO] REQUEST reqMktDepth {'reqId': 110, 'contract': 6308938368: 0,ENELAM,STK,,0.0,,,SN,,CLP,,,False,,combo:, 'numRows': 5, 'isSmartDepth': False, 'mktDepthOptions': []}
2026-05-04 11:47:27,015 [INFO] SENDING reqMktDepth b'\x00\x00\x00,10\x005\x00110\x000\x00ENELAM\x00STK\x00\x000.0\x00\x00\x00SN\x00\x00CLP\x00\x00\x005\x000\x00\x00'
2026-05-04 11:47:27,120 [INFO] REQUEST reqMktDepth {'reqId': 111, 'contract': 6292940400: 0,ENTEL,STK,,0.0,,,SN,,CLP,,,False,,combo:, 'numRows': 5, 'isSmartDepth': False, 'mktDepthOptions': []}
2026-05-04 11:47:27,120 [INFO] SENDING reqMktDepth b'\x00\x00\x00+10\x005\x00111\x000\x00ENTEL\x00STK\x00\x000.0\x00\x00\x00SN\x00\x00CLP\x00\x00\x005\x000\x00\x00'
2026-05-04 11:47:27,229 [INFO] REQUEST reqMktDepth {'reqId': 112, 'contract': 6311589296: 0,LTM,STK,,0.0,,,SMART,,USD,,,False,,combo:, 'numRows': 5, 'isSmartDepth': False, 'mktDepthOptions': []}
2026-05-04 11:47:27,231 [INFO] SENDING reqMktDepth b'\x00\x00\x00,10\x005\x00112\x000\x00LTM\x00STK\x00\x000.0\x00\x00\x00SMART\x00\x00USD\x00\x00\x005\x000\x00\x00'
2026-05-04 11:47:27,336 [INFO] REQUEST reqMktDepth {'reqId': 113, 'contract': 6311591888: 0,CAP,STK,,0.0,,,SN,,CLP,,,False,,combo:, 'numRows': 5, 'isSmartDepth': False, 'mktDepthOptions': []}
2026-05-04 11:47:27,337 [INFO] SENDING reqMktDepth b'\x00\x00\x00)10\x005\x00113\x000\x00CAP\x00STK\x00\x000.0\x00\x00\x00SN\x00\x00CLP\x00\x00\x005\x000\x00\x00'
2026-05-04 11:47:27,444 [INFO] REQUEST reqMktDepth {'reqId': 114, 'contract': 6295820224: 0,CCU,STK,,0.0,,,SN,,CLP,,,False,,combo:, 'numRows': 5, 'isSmartDepth': False, 'mktDepthOptions': []}
2026-05-04 11:47:27,444 [INFO] SENDING reqMktDepth b'\x00\x00\x00)10\x005\x00114\x000\x00CCU\x00STK\x00\x000.0\x00\x00\x00SN\x00\x00CLP\x00\x00\x005\x000\x00\x00'
2026-05-04 11:47:27,690 [ERROR] $CFR.SN: possibly delisted; no price data found  (period=3mo)
2026-05-04 11:47:27,747 [ERROR] $ENDESA.SN: possibly delisted; no price data found  (period=3mo)
2026-05-04 11:47:28,262 [ERROR] $BANMEDICA.SN: possibly delisted; no price data found  (period=3mo) (Yahoo error = "No data found, symbol may be delisted")
2026-05-04 11:47:33,925 [INFO] disconnecting
2026-05-04 11:47:33,926 [INFO] ANSWER connectionClosed {}
2026-05-04 11:47:35,554 [INFO] disconnecting
2026-05-04 11:47:35,555 [INFO] ANSWER connectionClosed {}
2026-05-04 11:50:00,445 [INFO] === CICLO AUTOMÁTICO INICIADO ===
2026-05-04 11:50:02,315 [INFO] Motor pausado: 3 trades consecutivos perdedores
2026-05-04 11:55:00,972 [INFO] === CICLO AUTOMÁTICO INICIADO ===
2026-05-04 11:55:02,842 [INFO] Motor pausado: 3 trades consecutivos perdedores
2026-05-04 12:00:00,372 [INFO] === CICLO AUTOMÁTICO INICIADO ===
2026-05-04 12:00:03,203 [INFO] Motor pausado: 3 trades consecutivos perdedores
2026-05-04 12:02:43,367 [INFO] sent startApi
2026-05-04 12:02:43,368 [INFO] REQUEST startApi {}
2026-05-04 12:02:43,368 [INFO] SENDING startApi b'\x00\x00\x00\t71\x002\x0050\x00\x00'
2026-05-04 12:02:43,369 [INFO] ANSWER connectAck {}
2026-05-04 12:02:43,372 [INFO] ANSWER managedAccounts {'accountsList': 'DUP838882'}
2026-05-04 12:02:43,877 [INFO] REQUEST reqMktData {'reqId': 1, 'contract': 6305105328: 0,SQM,STK,,0.0,,,NYSE,,USD,,,False,,combo:, 'genericTickList': '100,101,106,233', 'snapshot': False, 'regulatorySnapshot': False, 'mktDataOptions': []}
2026-05-04 12:02:43,878 [INFO] SENDING reqMktData b'\x00\x00\x00;1\x0011\x001\x000\x00SQM\x00STK\x00\x000.0\x00\x00\x00NYSE\x00\x00USD\x00\x00\x000\x00100,101,106,233\x000\x000\x00\x00'
2026-05-04 12:02:44,084 [INFO] REQUEST reqMktData {'reqId': 2, 'contract': 5100069264: 0,ECH,STK,,0.0,,,NYSE,,USD,,,False,,combo:, 'genericTickList': '100,101,106,233', 'snapshot': False, 'regulatorySnapshot': False, 'mktDataOptions': []}
2026-05-04 12:02:44,084 [INFO] SENDING reqMktData b'\x00\x00\x00;1\x0011\x002\x000\x00ECH\x00STK\x00\x000.0\x00\x00\x00NYSE\x00\x00USD\x00\x00\x000\x00100,101,106,233\x000\x000\x00\x00'
2026-05-04 12:02:44,290 [INFO] REQUEST reqMktData {'reqId': 3, 'contract': 6410892768: 0,GLD,STK,,0.0,,,NYSE,,USD,,,False,,combo:, 'genericTickList': '100,101,106,233', 'snapshot': False, 'regulatorySnapshot': False, 'mktDataOptions': []}
2026-05-04 12:02:44,291 [INFO] SENDING reqMktData b'\x00\x00\x00;1\x0011\x003\x000\x00GLD\x00STK\x00\x000.0\x00\x00\x00NYSE\x00\x00USD\x00\x00\x000\x00100,101,106,233\x000\x000\x00\x00'
2026-05-04 12:02:44,496 [INFO] REQUEST reqMktData {'reqId': 4, 'contract': 5100070608: 0,SPY,STK,,0.0,,,NYSE,,USD,,,False,,combo:, 'genericTickList': '100,101,106,233', 'snapshot': False, 'regulatorySnapshot': False, 'mktDataOptions': []}
2026-05-04 12:02:44,497 [INFO] SENDING reqMktData b'\x00\x00\x00;1\x0011\x004\x000\x00SPY\x00STK\x00\x000.0\x00\x00\x00NYSE\x00\x00USD\x00\x00\x000\x00100,101,106,233\x000\x000\x00\x00'
2026-05-04 12:02:44,702 [INFO] REQUEST reqMktData {'reqId': 5, 'contract': 6295917088: 0,GC,FUT,202606,0.0,,,COMEX,,USD,,,False,,combo:, 'genericTickList': '100,101,106,233', 'snapshot': False, 'regulatorySnapshot': False, 'mktDataOptions': []}
2026-05-04 12:02:44,702 [INFO] SENDING reqMktData b'\x00\x00\x00A1\x0011\x005\x000\x00GC\x00FUT\x00202606\x000.0\x00\x00\x00COMEX\x00\x00USD\x00\x00\x000\x00100,101,106,233\x000\x000\x00\x00'
2026-05-04 12:02:44,908 [INFO] REQUEST reqMktData {'reqId': 6, 'contract': 6308988720: 0,HG,FUT,202606,0.0,,,COMEX,,USD,,,False,,combo:, 'genericTickList': '100,101,106,233', 'snapshot': False, 'regulatorySnapshot': False, 'mktDataOptions': []}
2026-05-04 12:02:44,909 [INFO] SENDING reqMktData b'\x00\x00\x00A1\x0011\x006\x000\x00HG\x00FUT\x00202606\x000.0\x00\x00\x00COMEX\x00\x00USD\x00\x00\x000\x00100,101,106,233\x000\x000\x00\x00'
2026-05-04 12:02:53,114 [INFO] disconnecting
2026-05-04 12:02:53,115 [INFO] ANSWER connectionClosed {}
2026-05-04 12:02:53,383 [INFO] sent startApi
2026-05-04 12:02:53,383 [INFO] REQUEST startApi {}
2026-05-04 12:02:53,383 [INFO] SENDING startApi b'\x00\x00\x00\t71\x002\x0050\x00\x00'
2026-05-04 12:02:53,383 [INFO] ANSWER connectAck {}
2026-05-04 12:02:53,390 [INFO] ANSWER managedAccounts {'accountsList': 'DUP838882'}
2026-05-04 12:02:53,895 [INFO] REQUEST reqMktData {'reqId': 1, 'contract': 6419344736: 0,SQM,STK,,0.0,,,NYSE,,USD,,,False,,combo:, 'genericTickList': '100,101,106,233', 'snapshot': False, 'regulatorySnapshot': False, 'mktDataOptions': []}
2026-05-04 12:02:53,896 [INFO] SENDING reqMktData b'\x00\x00\x00;1\x0011\x001\x000\x00SQM\x00STK\x00\x000.0\x00\x00\x00NYSE\x00\x00USD\x00\x00\x000\x00100,101,106,233\x000\x000\x00\x00'
2026-05-04 12:02:54,098 [INFO] REQUEST reqMktData {'reqId': 2, 'contract': 6419344880: 0,ECH,STK,,0.0,,,NYSE,,USD,,,False,,combo:, 'genericTickList': '100,101,106,233', 'snapshot': False, 'regulatorySnapshot': False, 'mktDataOptions': []}
2026-05-04 12:02:54,098 [INFO] SENDING reqMktData b'\x00\x00\x00;1\x0011\x002\x000\x00ECH\x00STK\x00\x000.0\x00\x00\x00NYSE\x00\x00USD\x00\x00\x000\x00100,101,106,233\x000\x000\x00\x00'
2026-05-04 12:02:54,159 [INFO] sent startApi
2026-05-04 12:02:54,159 [INFO] REQUEST startApi {}
2026-05-04 12:02:54,159 [INFO] SENDING startApi b'\x00\x00\x00\t71\x002\x0070\x00\x00'
2026-05-04 12:02:54,159 [INFO] ANSWER connectAck {}
2026-05-04 12:02:54,160 [INFO] ANSWER managedAccounts {'accountsList': 'DUP838882'}
2026-05-04 12:02:54,309 [INFO] REQUEST reqMktData {'reqId': 3, 'contract': 6292212560: 0,GLD,STK,,0.0,,,NYSE,,USD,,,False,,combo:, 'genericTickList': '100,101,106,233', 'snapshot': False, 'regulatorySnapshot': False, 'mktDataOptions': []}
2026-05-04 12:02:54,309 [INFO] SENDING reqMktData b'\x00\x00\x00;1\x0011\x003\x000\x00GLD\x00STK\x00\x000.0\x00\x00\x00NYSE\x00\x00USD\x00\x00\x000\x00100,101,106,233\x000\x000\x00\x00'
2026-05-04 12:02:54,515 [INFO] REQUEST reqMktData {'reqId': 4, 'contract': 6295899200: 0,SPY,STK,,0.0,,,NYSE,,USD,,,False,,combo:, 'genericTickList': '100,101,106,233', 'snapshot': False, 'regulatorySnapshot': False, 'mktDataOptions': []}
2026-05-04 12:02:54,515 [INFO] SENDING reqMktData b'\x00\x00\x00;1\x0011\x004\x000\x00SPY\x00STK\x00\x000.0\x00\x00\x00NYSE\x00\x00USD\x00\x00\x000\x00100,101,106,233\x000\x000\x00\x00'
2026-05-04 12:02:54,662 [INFO] REQUEST reqMktDepth {'reqId': 100, 'contract': 6308988048: 0,SQM,STK,,0.0,,,SN,,CLP,,,False,,combo:, 'numRows': 5, 'isSmartDepth': False, 'mktDepthOptions': []}
2026-05-04 12:02:54,663 [INFO] SENDING reqMktDepth b'\x00\x00\x00)10\x005\x00100\x000\x00SQM\x00STK\x00\x000.0\x00\x00\x00SN\x00\x00CLP\x00\x00\x005\x000\x00\x00'
2026-05-04 12:02:54,717 [INFO] REQUEST reqMktData {'reqId': 5, 'contract': 6418876496: 0,GC,FUT,202606,0.0,,,COMEX,,USD,,,False,,combo:, 'genericTickList': '100,101,106,233', 'snapshot': False, 'regulatorySnapshot': False, 'mktDataOptions': []}
2026-05-04 12:02:54,717 [INFO] SENDING reqMktData b'\x00\x00\x00A1\x0011\x005\x000\x00GC\x00FUT\x00202606\x000.0\x00\x00\x00COMEX\x00\x00USD\x00\x00\x000\x00100,101,106,233\x000\x000\x00\x00'
2026-05-04 12:02:54,765 [INFO] REQUEST reqMktDepth {'reqId': 101, 'contract': 6410891520: 0,COPEC,STK,,0.0,,,SN,,CLP,,,False,,combo:, 'numRows': 5, 'isSmartDepth': False, 'mktDepthOptions': []}
2026-05-04 12:02:54,765 [INFO] SENDING reqMktDepth b'\x00\x00\x00+10\x005\x00101\x000\x00COPEC\x00STK\x00\x000.0\x00\x00\x00SN\x00\x00CLP\x00\x00\x005\x000\x00\x00'
2026-05-04 12:02:54,870 [INFO] REQUEST reqMktDepth {'reqId': 102, 'contract': 6312630976: 0,BCI,STK,,0.0,,,SN,,CLP,,,False,,combo:, 'numRows': 5, 'isSmartDepth': False, 'mktDepthOptions': []}
2026-05-04 12:02:54,871 [INFO] SENDING reqMktDepth b'\x00\x00\x00)10\x005\x00102\x000\x00BCI\x00STK\x00\x000.0\x00\x00\x00SN\x00\x00CLP\x00\x00\x005\x000\x00\x00'
2026-05-04 12:02:54,923 [INFO] REQUEST reqMktData {'reqId': 6, 'contract': 6311250096: 0,HG,FUT,202606,0.0,,,COMEX,,USD,,,False,,combo:, 'genericTickList': '100,101,106,233', 'snapshot': False, 'regulatorySnapshot': False, 'mktDataOptions': []}
2026-05-04 12:02:54,923 [INFO] SENDING reqMktData b'\x00\x00\x00A1\x0011\x006\x000\x00HG\x00FUT\x00202606\x000.0\x00\x00\x00COMEX\x00\x00USD\x00\x00\x000\x00100,101,106,233\x000\x000\x00\x00'
2026-05-04 12:02:54,973 [INFO] REQUEST reqMktDepth {'reqId': 103, 'contract': 6313094256: 0,BSAC,STK,,0.0,,,SMART,,USD,,,False,,combo:, 'numRows': 5, 'isSmartDepth': False, 'mktDepthOptions': []}
2026-05-04 12:02:54,974 [INFO] SENDING reqMktDepth b'\x00\x00\x00-10\x005\x00103\x000\x00BSAC\x00STK\x00\x000.0\x00\x00\x00SMART\x00\x00USD\x00\x00\x005\x000\x00\x00'
2026-05-04 12:02:55,080 [INFO] REQUEST reqMktDepth {'reqId': 104, 'contract': 6311249616: 0,BCH,STK,,0.0,,,SMART,,USD,,,False,,combo:, 'numRows': 5, 'isSmartDepth': False, 'mktDepthOptions': []}
2026-05-04 12:02:55,080 [INFO] SENDING reqMktDepth b'\x00\x00\x00,10\x005\x00104\x000\x00BCH\x00STK\x00\x000.0\x00\x00\x00SMART\x00\x00USD\x00\x00\x005\x000\x00\x00'
2026-05-04 12:02:55,182 [INFO] REQUEST reqMktDepth {'reqId': 105, 'contract': 6311958224: 0,FALABELLA,STK,,0.0,,,SN,,CLP,,,False,,combo:, 'numRows': 5, 'isSmartDepth': False, 'mktDepthOptions': []}
2026-05-04 12:02:55,182 [INFO] SENDING reqMktDepth b'\x00\x00\x00/10\x005\x00105\x000\x00FALABELLA\x00STK\x00\x000.0\x00\x00\x00SN\x00\x00CLP\x00\x00\x005\x000\x00\x00'
2026-05-04 12:02:55,288 [INFO] REQUEST reqMktDepth {'reqId': 106, 'contract': 6297546176: 0,CENCOSUD,STK,,0.0,,,SN,,CLP,,,False,,combo:, 'numRows': 5, 'isSmartDepth': False, 'mktDepthOptions': []}
2026-05-04 12:02:55,289 [INFO] SENDING reqMktDepth b'\x00\x00\x00.10\x005\x00106\x000\x00CENCOSUD\x00STK\x00\x000.0\x00\x00\x00SN\x00\x00CLP\x00\x00\x005\x000\x00\x00'
2026-05-04 12:02:55,392 [INFO] REQUEST reqMktDepth {'reqId': 107, 'contract': 6304928048: 0,CMPC,STK,,0.0,,,SN,,CLP,,,False,,combo:, 'numRows': 5, 'isSmartDepth': False, 'mktDepthOptions': []}
2026-05-04 12:02:55,395 [INFO] SENDING reqMktDepth b'\x00\x00\x00*10\x005\x00107\x000\x00CMPC\x00STK\x00\x000.0\x00\x00\x00SN\x00\x00CLP\x00\x00\x005\x000\x00\x00'
2026-05-04 12:02:55,504 [INFO] REQUEST reqMktDepth {'reqId': 108, 'contract': 6416277568: 0,COLBUN,STK,,0.0,,,SN,,CLP,,,False,,combo:, 'numRows': 5, 'isSmartDepth': False, 'mktDepthOptions': []}
2026-05-04 12:02:55,504 [INFO] SENDING reqMktDepth b'\x00\x00\x00,10\x005\x00108\x000\x00COLBUN\x00STK\x00\x000.0\x00\x00\x00SN\x00\x00CLP\x00\x00\x005\x000\x00\x00'
2026-05-04 12:02:55,606 [INFO] REQUEST reqMktDepth {'reqId': 109, 'contract': 6293901072: 0,ENELCHILE,STK,,0.0,,,SN,,CLP,,,False,,combo:, 'numRows': 5, 'isSmartDepth': False, 'mktDepthOptions': []}
2026-05-04 12:02:55,606 [INFO] SENDING reqMktDepth b'\x00\x00\x00/10\x005\x00109\x000\x00ENELCHILE\x00STK\x00\x000.0\x00\x00\x00SN\x00\x00CLP\x00\x00\x005\x000\x00\x00'
2026-05-04 12:02:55,712 [INFO] REQUEST reqMktDepth {'reqId': 110, 'contract': 5092452720: 0,ENELAM,STK,,0.0,,,SN,,CLP,,,False,,combo:, 'numRows': 5, 'isSmartDepth': False, 'mktDepthOptions': []}
2026-05-04 12:02:55,712 [INFO] SENDING reqMktDepth b'\x00\x00\x00,10\x005\x00110\x000\x00ENELAM\x00STK\x00\x000.0\x00\x00\x00SN\x00\x00CLP\x00\x00\x005\x000\x00\x00'
2026-05-04 12:02:55,822 [INFO] REQUEST reqMktDepth {'reqId': 111, 'contract': 6294703216: 0,ENTEL,STK,,0.0,,,SN,,CLP,,,False,,combo:, 'numRows': 5, 'isSmartDepth': False, 'mktDepthOptions': []}
2026-05-04 12:02:55,824 [INFO] SENDING reqMktDepth b'\x00\x00\x00+10\x005\x00111\x000\x00ENTEL\x00STK\x00\x000.0\x00\x00\x00SN\x00\x00CLP\x00\x00\x005\x000\x00\x00'
2026-05-04 12:02:55,932 [INFO] REQUEST reqMktDepth {'reqId': 112, 'contract': 6295342528: 0,LTM,STK,,0.0,,,SMART,,USD,,,False,,combo:, 'numRows': 5, 'isSmartDepth': False, 'mktDepthOptions': []}
2026-05-04 12:02:55,932 [INFO] SENDING reqMktDepth b'\x00\x00\x00,10\x005\x00112\x000\x00LTM\x00STK\x00\x000.0\x00\x00\x00SMART\x00\x00USD\x00\x00\x005\x000\x00\x00'
2026-05-04 12:02:56,028 [ERROR] $CFR.SN: possibly delisted; no price data found  (period=3mo)
2026-05-04 12:02:56,035 [INFO] REQUEST reqMktDepth {'reqId': 113, 'contract': 6295342048: 0,CAP,STK,,0.0,,,SN,,CLP,,,False,,combo:, 'numRows': 5, 'isSmartDepth': False, 'mktDepthOptions': []}
2026-05-04 12:02:56,036 [INFO] SENDING reqMktDepth b'\x00\x00\x00)10\x005\x00113\x000\x00CAP\x00STK\x00\x000.0\x00\x00\x00SN\x00\x00CLP\x00\x00\x005\x000\x00\x00'
2026-05-04 12:02:56,090 [ERROR] $ENDESA.SN: possibly delisted; no price data found  (period=3mo)
2026-05-04 12:02:56,144 [INFO] REQUEST reqMktDepth {'reqId': 114, 'contract': 6292940496: 0,CCU,STK,,0.0,,,SN,,CLP,,,False,,combo:, 'numRows': 5, 'isSmartDepth': False, 'mktDepthOptions': []}
2026-05-04 12:02:56,146 [INFO] SENDING reqMktDepth b'\x00\x00\x00)10\x005\x00114\x000\x00CCU\x00STK\x00\x000.0\x00\x00\x00SN\x00\x00CLP\x00\x00\x005\x000\x00\x00'
2026-05-04 12:02:56,589 [ERROR] $BANMEDICA.SN: possibly delisted; no price data found  (period=3mo) (Yahoo error = "No data found, symbol may be delisted")
2026-05-04 12:03:03,129 [INFO] disconnecting
2026-05-04 12:03:03,129 [INFO] ANSWER connectionClosed {}
2026-05-04 12:03:04,259 [INFO] disconnecting
2026-05-04 12:03:04,260 [INFO] ANSWER connectionClosed {}
2026-05-04 12:05:00,752 [INFO] === CICLO AUTOMÁTICO INICIADO ===
2026-05-04 12:05:02,646 [INFO] Motor pausado: 3 trades consecutivos perdedores
2026-05-04 12:10:01,235 [INFO] === CICLO AUTOMÁTICO INICIADO ===
2026-05-04 12:10:03,725 [INFO] Motor pausado: 3 trades consecutivos perdedores
2026-05-04 12:15:00,708 [INFO] === CICLO AUTOMÁTICO INICIADO ===
2026-05-04 12:15:06,685 [INFO] Motor pausado: 3 trades consecutivos perdedores
2026-05-04 12:17:26,113 [INFO] sent startApi
2026-05-04 12:17:26,114 [INFO] REQUEST startApi {}
2026-05-04 12:17:26,115 [INFO] SENDING startApi b'\x00\x00\x00\t71\x002\x0050\x00\x00'
2026-05-04 12:17:26,115 [INFO] ANSWER connectAck {}
2026-05-04 12:17:26,117 [INFO] ANSWER managedAccounts {'accountsList': 'DUP838882'}
2026-05-04 12:17:26,620 [INFO] REQUEST reqMktData {'reqId': 1, 'contract': 6306949248: 0,SQM,STK,,0.0,,,NYSE,,USD,,,False,,combo:, 'genericTickList': '100,101,106,233', 'snapshot': False, 'regulatorySnapshot': False, 'mktDataOptions': []}
2026-05-04 12:17:26,622 [INFO] SENDING reqMktData b'\x00\x00\x00;1\x0011\x001\x000\x00SQM\x00STK\x00\x000.0\x00\x00\x00NYSE\x00\x00USD\x00\x00\x000\x00100,101,106,233\x000\x000\x00\x00'
2026-05-04 12:17:26,827 [INFO] REQUEST reqMktData {'reqId': 2, 'contract': 6297024832: 0,ECH,STK,,0.0,,,NYSE,,USD,,,False,,combo:, 'genericTickList': '100,101,106,233', 'snapshot': False, 'regulatorySnapshot': False, 'mktDataOptions': []}
2026-05-04 12:17:26,827 [INFO] SENDING reqMktData b'\x00\x00\x00;1\x0011\x002\x000\x00ECH\x00STK\x00\x000.0\x00\x00\x00NYSE\x00\x00USD\x00\x00\x000\x00100,101,106,233\x000\x000\x00\x00'
2026-05-04 12:17:27,030 [INFO] REQUEST reqMktData {'reqId': 3, 'contract': 6293891488: 0,GLD,STK,,0.0,,,NYSE,,USD,,,False,,combo:, 'genericTickList': '100,101,106,233', 'snapshot': False, 'regulatorySnapshot': False, 'mktDataOptions': []}
2026-05-04 12:17:27,031 [INFO] SENDING reqMktData b'\x00\x00\x00;1\x0011\x003\x000\x00GLD\x00STK\x00\x000.0\x00\x00\x00NYSE\x00\x00USD\x00\x00\x000\x00100,101,106,233\x000\x000\x00\x00'
2026-05-04 12:17:27,235 [INFO] REQUEST reqMktData {'reqId': 4, 'contract': 6310467856: 0,SPY,STK,,0.0,,,NYSE,,USD,,,False,,combo:, 'genericTickList': '100,101,106,233', 'snapshot': False, 'regulatorySnapshot': False, 'mktDataOptions': []}
2026-05-04 12:17:27,236 [INFO] SENDING reqMktData b'\x00\x00\x00;1\x0011\x004\x000\x00SPY\x00STK\x00\x000.0\x00\x00\x00NYSE\x00\x00USD\x00\x00\x000\x00100,101,106,233\x000\x000\x00\x00'
2026-05-04 12:17:27,439 [INFO] REQUEST reqMktData {'reqId': 5, 'contract': 6291888736: 0,GC,FUT,202606,0.0,,,COMEX,,USD,,,False,,combo:, 'genericTickList': '100,101,106,233', 'snapshot': False, 'regulatorySnapshot': False, 'mktDataOptions': []}
2026-05-04 12:17:27,439 [INFO] SENDING reqMktData b'\x00\x00\x00A1\x0011\x005\x000\x00GC\x00FUT\x00202606\x000.0\x00\x00\x00COMEX\x00\x00USD\x00\x00\x000\x00100,101,106,233\x000\x000\x00\x00'
2026-05-04 12:17:27,645 [INFO] REQUEST reqMktData {'reqId': 6, 'contract': 6291271440: 0,HG,FUT,202606,0.0,,,COMEX,,USD,,,False,,combo:, 'genericTickList': '100,101,106,233', 'snapshot': False, 'regulatorySnapshot': False, 'mktDataOptions': []}
2026-05-04 12:17:27,645 [INFO] SENDING reqMktData b'\x00\x00\x00A1\x0011\x006\x000\x00HG\x00FUT\x00202606\x000.0\x00\x00\x00COMEX\x00\x00USD\x00\x00\x000\x00100,101,106,233\x000\x000\x00\x00'
2026-05-04 12:17:35,852 [INFO] disconnecting
2026-05-04 12:17:35,858 [INFO] ANSWER connectionClosed {}
2026-05-04 12:17:36,126 [INFO] sent startApi
2026-05-04 12:17:36,133 [INFO] REQUEST startApi {}
2026-05-04 12:17:36,133 [INFO] SENDING startApi b'\x00\x00\x00\t71\x002\x0050\x00\x00'
2026-05-04 12:17:36,140 [INFO] ANSWER connectAck {}
2026-05-04 12:17:36,156 [INFO] ANSWER managedAccounts {'accountsList': 'DUP838882'}
2026-05-04 12:17:36,165 [INFO] sent startApi
2026-05-04 12:17:36,165 [INFO] REQUEST startApi {}
2026-05-04 12:17:36,165 [INFO] SENDING startApi b'\x00\x00\x00\t71\x002\x0070\x00\x00'
2026-05-04 12:17:36,165 [INFO] ANSWER connectAck {}
2026-05-04 12:17:36,168 [INFO] ANSWER managedAccounts {'accountsList': 'DUP838882'}
2026-05-04 12:17:36,657 [INFO] REQUEST reqMktData {'reqId': 1, 'contract': 6304835376: 0,SQM,STK,,0.0,,,NYSE,,USD,,,False,,combo:, 'genericTickList': '100,101,106,233', 'snapshot': False, 'regulatorySnapshot': False, 'mktDataOptions': []}
2026-05-04 12:17:36,658 [INFO] SENDING reqMktData b'\x00\x00\x00;1\x0011\x001\x000\x00SQM\x00STK\x00\x000.0\x00\x00\x00NYSE\x00\x00USD\x00\x00\x000\x00100,101,106,233\x000\x000\x00\x00'
2026-05-04 12:17:36,672 [INFO] REQUEST reqMktDepth {'reqId': 100, 'contract': 6304835088: 0,SQM,STK,,0.0,,,SN,,CLP,,,False,,combo:, 'numRows': 5, 'isSmartDepth': False, 'mktDepthOptions': []}
2026-05-04 12:17:36,672 [INFO] SENDING reqMktDepth b'\x00\x00\x00)10\x005\x00100\x000\x00SQM\x00STK\x00\x000.0\x00\x00\x00SN\x00\x00CLP\x00\x00\x005\x000\x00\x00'
2026-05-04 12:17:36,778 [INFO] REQUEST reqMktDepth {'reqId': 101, 'contract': 6292625632: 0,COPEC,STK,,0.0,,,SN,,CLP,,,False,,combo:, 'numRows': 5, 'isSmartDepth': False, 'mktDepthOptions': []}
2026-05-04 12:17:36,779 [INFO] SENDING reqMktDepth b'\x00\x00\x00+10\x005\x00101\x000\x00COPEC\x00STK\x00\x000.0\x00\x00\x00SN\x00\x00CLP\x00\x00\x005\x000\x00\x00'
2026-05-04 12:17:36,863 [INFO] REQUEST reqMktData {'reqId': 2, 'contract': 6293890912: 0,ECH,STK,,0.0,,,NYSE,,USD,,,False,,combo:, 'genericTickList': '100,101,106,233', 'snapshot': False, 'regulatorySnapshot': False, 'mktDataOptions': []}
2026-05-04 12:17:36,863 [INFO] SENDING reqMktData b'\x00\x00\x00;1\x0011\x002\x000\x00ECH\x00STK\x00\x000.0\x00\x00\x00NYSE\x00\x00USD\x00\x00\x000\x00100,101,106,233\x000\x000\x00\x00'
2026-05-04 12:17:36,906 [INFO] REQUEST reqMktDepth {'reqId': 102, 'contract': 6293267504: 0,BCI,STK,,0.0,,,SN,,CLP,,,False,,combo:, 'numRows': 5, 'isSmartDepth': False, 'mktDepthOptions': []}
2026-05-04 12:17:36,906 [INFO] SENDING reqMktDepth b'\x00\x00\x00)10\x005\x00102\x000\x00BCI\x00STK\x00\x000.0\x00\x00\x00SN\x00\x00CLP\x00\x00\x005\x000\x00\x00'
2026-05-04 12:17:37,013 [INFO] REQUEST reqMktDepth {'reqId': 103, 'contract': 6290856496: 0,BSAC,STK,,0.0,,,SMART,,USD,,,False,,combo:, 'numRows': 5, 'isSmartDepth': False, 'mktDepthOptions': []}
2026-05-04 12:17:37,017 [INFO] SENDING reqMktDepth b'\x00\x00\x00-10\x005\x00103\x000\x00BSAC\x00STK\x00\x000.0\x00\x00\x00SMART\x00\x00USD\x00\x00\x005\x000\x00\x00'
2026-05-04 12:17:37,066 [INFO] REQUEST reqMktData {'reqId': 3, 'contract': 6293146832: 0,GLD,STK,,0.0,,,NYSE,,USD,,,False,,combo:, 'genericTickList': '100,101,106,233', 'snapshot': False, 'regulatorySnapshot': False, 'mktDataOptions': []}
2026-05-04 12:17:37,066 [INFO] SENDING reqMktData b'\x00\x00\x00;1\x0011\x003\x000\x00GLD\x00STK\x00\x000.0\x00\x00\x00NYSE\x00\x00USD\x00\x00\x000\x00100,101,106,233\x000\x000\x00\x00'
2026-05-04 12:17:37,123 [INFO] REQUEST reqMktDepth {'reqId': 104, 'contract': 6293270144: 0,BCH,STK,,0.0,,,SMART,,USD,,,False,,combo:, 'numRows': 5, 'isSmartDepth': False, 'mktDepthOptions': []}
2026-05-04 12:17:37,124 [INFO] SENDING reqMktDepth b'\x00\x00\x00,10\x005\x00104\x000\x00BCH\x00STK\x00\x000.0\x00\x00\x00SMART\x00\x00USD\x00\x00\x005\x000\x00\x00'
2026-05-04 12:17:37,229 [INFO] REQUEST reqMktDepth {'reqId': 105, 'contract': 6310467856: 0,FALABELLA,STK,,0.0,,,SN,,CLP,,,False,,combo:, 'numRows': 5, 'isSmartDepth': False, 'mktDepthOptions': []}
2026-05-04 12:17:37,230 [INFO] SENDING reqMktDepth b'\x00\x00\x00/10\x005\x00105\x000\x00FALABELLA\x00STK\x00\x000.0\x00\x00\x00SN\x00\x00CLP\x00\x00\x005\x000\x00\x00'
2026-05-04 12:17:37,270 [INFO] REQUEST reqMktData {'reqId': 4, 'contract': 6291888976: 0,SPY,STK,,0.0,,,NYSE,,USD,,,False,,combo:, 'genericTickList': '100,101,106,233', 'snapshot': False, 'regulatorySnapshot': False, 'mktDataOptions': []}
2026-05-04 12:17:37,272 [INFO] SENDING reqMktData b'\x00\x00\x00;1\x0011\x004\x000\x00SPY\x00STK\x00\x000.0\x00\x00\x00NYSE\x00\x00USD\x00\x00\x000\x00100,101,106,233\x000\x000\x00\x00'
2026-05-04 12:17:37,335 [INFO] REQUEST reqMktDepth {'reqId': 106, 'contract': 6309854464: 0,CENCOSUD,STK,,0.0,,,SN,,CLP,,,False,,combo:, 'numRows': 5, 'isSmartDepth': False, 'mktDepthOptions': []}
2026-05-04 12:17:37,341 [INFO] SENDING reqMktDepth b'\x00\x00\x00.10\x005\x00106\x000\x00CENCOSUD\x00STK\x00\x000.0\x00\x00\x00SN\x00\x00CLP\x00\x00\x005\x000\x00\x00'
2026-05-04 12:17:37,449 [INFO] REQUEST reqMktDepth {'reqId': 107, 'contract': 6294138016: 0,CMPC,STK,,0.0,,,SN,,CLP,,,False,,combo:, 'numRows': 5, 'isSmartDepth': False, 'mktDepthOptions': []}
2026-05-04 12:17:37,449 [INFO] SENDING reqMktDepth b'\x00\x00\x00*10\x005\x00107\x000\x00CMPC\x00STK\x00\x000.0\x00\x00\x00SN\x00\x00CLP\x00\x00\x005\x000\x00\x00'
2026-05-04 12:17:37,478 [INFO] REQUEST reqMktData {'reqId': 5, 'contract': 6306394752: 0,GC,FUT,202606,0.0,,,COMEX,,USD,,,False,,combo:, 'genericTickList': '100,101,106,233', 'snapshot': False, 'regulatorySnapshot': False, 'mktDataOptions': []}
2026-05-04 12:17:37,478 [INFO] SENDING reqMktData b'\x00\x00\x00A1\x0011\x005\x000\x00GC\x00FUT\x00202606\x000.0\x00\x00\x00COMEX\x00\x00USD\x00\x00\x000\x00100,101,106,233\x000\x000\x00\x00'
2026-05-04 12:17:37,553 [INFO] REQUEST reqMktDepth {'reqId': 108, 'contract': 6294903824: 0,COLBUN,STK,,0.0,,,SN,,CLP,,,False,,combo:, 'numRows': 5, 'isSmartDepth': False, 'mktDepthOptions': []}
2026-05-04 12:17:37,554 [INFO] SENDING reqMktDepth b'\x00\x00\x00,10\x005\x00108\x000\x00COLBUN\x00STK\x00\x000.0\x00\x00\x00SN\x00\x00CLP\x00\x00\x005\x000\x00\x00'
2026-05-04 12:17:37,654 [INFO] REQUEST reqMktDepth {'reqId': 109, 'contract': 6309854512: 0,ENELCHILE,STK,,0.0,,,SN,,CLP,,,False,,combo:, 'numRows': 5, 'isSmartDepth': False, 'mktDepthOptions': []}
2026-05-04 12:17:37,654 [INFO] SENDING reqMktDepth b'\x00\x00\x00/10\x005\x00109\x000\x00ENELCHILE\x00STK\x00\x000.0\x00\x00\x00SN\x00\x00CLP\x00\x00\x005\x000\x00\x00'
2026-05-04 12:17:37,678 [INFO] REQUEST reqMktData {'reqId': 6, 'contract': 6299902304: 0,HG,FUT,202606,0.0,,,COMEX,,USD,,,False,,combo:, 'genericTickList': '100,101,106,233', 'snapshot': False, 'regulatorySnapshot': False, 'mktDataOptions': []}
2026-05-04 12:17:37,678 [INFO] SENDING reqMktData b'\x00\x00\x00A1\x0011\x006\x000\x00HG\x00FUT\x00202606\x000.0\x00\x00\x00COMEX\x00\x00USD\x00\x00\x000\x00100,101,106,233\x000\x000\x00\x00'
2026-05-04 12:17:37,759 [INFO] REQUEST reqMktDepth {'reqId': 110, 'contract': 6294136096: 0,ENELAM,STK,,0.0,,,SN,,CLP,,,False,,combo:, 'numRows': 5, 'isSmartDepth': False, 'mktDepthOptions': []}
2026-05-04 12:17:37,759 [INFO] SENDING reqMktDepth b'\x00\x00\x00,10\x005\x00110\x000\x00ENELAM\x00STK\x00\x000.0\x00\x00\x00SN\x00\x00CLP\x00\x00\x005\x000\x00\x00'
2026-05-04 12:17:37,861 [INFO] REQUEST reqMktDepth {'reqId': 111, 'contract': 6294767024: 0,ENTEL,STK,,0.0,,,SN,,CLP,,,False,,combo:, 'numRows': 5, 'isSmartDepth': False, 'mktDepthOptions': []}
2026-05-04 12:17:37,861 [INFO] SENDING reqMktDepth b'\x00\x00\x00+10\x005\x00111\x000\x00ENTEL\x00STK\x00\x000.0\x00\x00\x00SN\x00\x00CLP\x00\x00\x005\x000\x00\x00'
2026-05-04 12:17:37,966 [INFO] REQUEST reqMktDepth {'reqId': 112, 'contract': 6294841424: 0,LTM,STK,,0.0,,,SMART,,USD,,,False,,combo:, 'numRows': 5, 'isSmartDepth': False, 'mktDepthOptions': []}
2026-05-04 12:17:37,966 [INFO] SENDING reqMktDepth b'\x00\x00\x00,10\x005\x00112\x000\x00LTM\x00STK\x00\x000.0\x00\x00\x00SMART\x00\x00USD\x00\x00\x005\x000\x00\x00'
2026-05-04 12:17:38,070 [INFO] REQUEST reqMktDepth {'reqId': 113, 'contract': 6294902336: 0,CAP,STK,,0.0,,,SN,,CLP,,,False,,combo:, 'numRows': 5, 'isSmartDepth': False, 'mktDepthOptions': []}
2026-05-04 12:17:38,070 [INFO] SENDING reqMktDepth b'\x00\x00\x00)10\x005\x00113\x000\x00CAP\x00STK\x00\x000.0\x00\x00\x00SN\x00\x00CLP\x00\x00\x005\x000\x00\x00'
2026-05-04 12:17:38,175 [INFO] REQUEST reqMktDepth {'reqId': 114, 'contract': 6294841328: 0,CCU,STK,,0.0,,,SN,,CLP,,,False,,combo:, 'numRows': 5, 'isSmartDepth': False, 'mktDepthOptions': []}
2026-05-04 12:17:38,176 [INFO] SENDING reqMktDepth b'\x00\x00\x00)10\x005\x00114\x000\x00CCU\x00STK\x00\x000.0\x00\x00\x00SN\x00\x00CLP\x00\x00\x005\x000\x00\x00'
2026-05-04 12:17:39,583 [ERROR] $CFR.SN: possibly delisted; no price data found  (period=3mo)
2026-05-04 12:17:39,682 [ERROR] $ENDESA.SN: possibly delisted; no price data found  (period=3mo)
2026-05-04 12:17:40,227 [ERROR] $BANMEDICA.SN: possibly delisted; no price data found  (period=3mo) (Yahoo error = "No data found, symbol may be delisted")
2026-05-04 12:17:45,891 [INFO] disconnecting
2026-05-04 12:17:45,892 [INFO] ANSWER connectionClosed {}
2026-05-04 12:17:46,287 [INFO] disconnecting
2026-05-04 12:17:46,287 [INFO] ANSWER connectionClosed {}
2026-05-04 12:19:01,164 [INFO] sent startApi
2026-05-04 12:19:01,166 [INFO] REQUEST startApi {}
2026-05-04 12:19:01,167 [INFO] SENDING startApi b'\x00\x00\x00\t71\x002\x0050\x00\x00'
2026-05-04 12:19:01,167 [INFO] ANSWER connectAck {}
2026-05-04 12:19:01,171 [INFO] ANSWER managedAccounts {'accountsList': 'DUP838882'}
2026-05-04 12:19:01,672 [INFO] REQUEST reqMktData {'reqId': 1, 'contract': 6297043104: 0,SQM,STK,,0.0,,,NYSE,,USD,,,False,,combo:, 'genericTickList': '100,101,106,233', 'snapshot': False, 'regulatorySnapshot': False, 'mktDataOptions': []}
2026-05-04 12:19:01,672 [INFO] SENDING reqMktData b'\x00\x00\x00;1\x0011\x001\x000\x00SQM\x00STK\x00\x000.0\x00\x00\x00NYSE\x00\x00USD\x00\x00\x000\x00100,101,106,233\x000\x000\x00\x00'
2026-05-04 12:19:01,876 [INFO] REQUEST reqMktData {'reqId': 2, 'contract': 6297046944: 0,ECH,STK,,0.0,,,NYSE,,USD,,,False,,combo:, 'genericTickList': '100,101,106,233', 'snapshot': False, 'regulatorySnapshot': False, 'mktDataOptions': []}
2026-05-04 12:19:01,877 [INFO] SENDING reqMktData b'\x00\x00\x00;1\x0011\x002\x000\x00ECH\x00STK\x00\x000.0\x00\x00\x00NYSE\x00\x00USD\x00\x00\x000\x00100,101,106,233\x000\x000\x00\x00'
2026-05-04 12:19:02,082 [INFO] REQUEST reqMktData {'reqId': 3, 'contract': 6297046608: 0,GLD,STK,,0.0,,,NYSE,,USD,,,False,,combo:, 'genericTickList': '100,101,106,233', 'snapshot': False, 'regulatorySnapshot': False, 'mktDataOptions': []}
2026-05-04 12:19:02,082 [INFO] SENDING reqMktData b'\x00\x00\x00;1\x0011\x003\x000\x00GLD\x00STK\x00\x000.0\x00\x00\x00NYSE\x00\x00USD\x00\x00\x000\x00100,101,106,233\x000\x000\x00\x00'
2026-05-04 12:19:02,287 [INFO] REQUEST reqMktData {'reqId': 4, 'contract': 6297046656: 0,SPY,STK,,0.0,,,NYSE,,USD,,,False,,combo:, 'genericTickList': '100,101,106,233', 'snapshot': False, 'regulatorySnapshot': False, 'mktDataOptions': []}
2026-05-04 12:19:02,288 [INFO] SENDING reqMktData b'\x00\x00\x00;1\x0011\x004\x000\x00SPY\x00STK\x00\x000.0\x00\x00\x00NYSE\x00\x00USD\x00\x00\x000\x00100,101,106,233\x000\x000\x00\x00'
2026-05-04 12:19:02,489 [INFO] REQUEST reqMktData {'reqId': 5, 'contract': 6297043392: 0,GC,FUT,202606,0.0,,,COMEX,,USD,,,False,,combo:, 'genericTickList': '100,101,106,233', 'snapshot': False, 'regulatorySnapshot': False, 'mktDataOptions': []}
2026-05-04 12:19:02,489 [INFO] SENDING reqMktData b'\x00\x00\x00A1\x0011\x005\x000\x00GC\x00FUT\x00202606\x000.0\x00\x00\x00COMEX\x00\x00USD\x00\x00\x000\x00100,101,106,233\x000\x000\x00\x00'
2026-05-04 12:19:02,692 [INFO] REQUEST reqMktData {'reqId': 6, 'contract': 6297045648: 0,HG,FUT,202606,0.0,,,COMEX,,USD,,,False,,combo:, 'genericTickList': '100,101,106,233', 'snapshot': False, 'regulatorySnapshot': False, 'mktDataOptions': []}
2026-05-04 12:19:02,692 [INFO] SENDING reqMktData b'\x00\x00\x00A1\x0011\x006\x000\x00HG\x00FUT\x00202606\x000.0\x00\x00\x00COMEX\x00\x00USD\x00\x00\x000\x00100,101,106,233\x000\x000\x00\x00'
2026-05-04 12:19:10,903 [INFO] disconnecting
2026-05-04 12:19:10,908 [INFO] ANSWER connectionClosed {}
2026-05-04 12:19:11,164 [INFO] sent startApi
2026-05-04 12:19:11,164 [INFO] REQUEST startApi {}
2026-05-04 12:19:11,164 [INFO] SENDING startApi b'\x00\x00\x00\t71\x002\x0050\x00\x00'
2026-05-04 12:19:11,165 [INFO] ANSWER connectAck {}
2026-05-04 12:19:11,167 [INFO] ANSWER managedAccounts {'accountsList': 'DUP838882'}
2026-05-04 12:19:11,684 [INFO] REQUEST reqMktData {'reqId': 1, 'contract': 6294841280: 0,SQM,STK,,0.0,,,NYSE,,USD,,,False,,combo:, 'genericTickList': '100,101,106,233', 'snapshot': False, 'regulatorySnapshot': False, 'mktDataOptions': []}
2026-05-04 12:19:11,684 [INFO] SENDING reqMktData b'\x00\x00\x00;1\x0011\x001\x000\x00SQM\x00STK\x00\x000.0\x00\x00\x00NYSE\x00\x00USD\x00\x00\x000\x00100,101,106,233\x000\x000\x00\x00'
2026-05-04 12:19:11,891 [INFO] REQUEST reqMktData {'reqId': 2, 'contract': 6293324176: 0,ECH,STK,,0.0,,,NYSE,,USD,,,False,,combo:, 'genericTickList': '100,101,106,233', 'snapshot': False, 'regulatorySnapshot': False, 'mktDataOptions': []}
2026-05-04 12:19:11,891 [INFO] SENDING reqMktData b'\x00\x00\x00;1\x0011\x002\x000\x00ECH\x00STK\x00\x000.0\x00\x00\x00NYSE\x00\x00USD\x00\x00\x000\x00100,101,106,233\x000\x000\x00\x00'
2026-05-04 12:19:12,102 [INFO] REQUEST reqMktData {'reqId': 3, 'contract': 6419248752: 0,GLD,STK,,0.0,,,NYSE,,USD,,,False,,combo:, 'genericTickList': '100,101,106,233', 'snapshot': False, 'regulatorySnapshot': False, 'mktDataOptions': []}
2026-05-04 12:19:12,102 [INFO] SENDING reqMktData b'\x00\x00\x00;1\x0011\x003\x000\x00GLD\x00STK\x00\x000.0\x00\x00\x00NYSE\x00\x00USD\x00\x00\x000\x00100,101,106,233\x000\x000\x00\x00'
2026-05-04 12:19:12,124 [INFO] sent startApi
2026-05-04 12:19:12,124 [INFO] REQUEST startApi {}
2026-05-04 12:19:12,124 [INFO] SENDING startApi b'\x00\x00\x00\t71\x002\x0070\x00\x00'
2026-05-04 12:19:12,124 [INFO] ANSWER connectAck {}
2026-05-04 12:19:12,125 [INFO] ANSWER managedAccounts {'accountsList': 'DUP838882'}
2026-05-04 12:19:12,305 [INFO] REQUEST reqMktData {'reqId': 4, 'contract': 6290942080: 0,SPY,STK,,0.0,,,NYSE,,USD,,,False,,combo:, 'genericTickList': '100,101,106,233', 'snapshot': False, 'regulatorySnapshot': False, 'mktDataOptions': []}
2026-05-04 12:19:12,306 [INFO] SENDING reqMktData b'\x00\x00\x00;1\x0011\x004\x000\x00SPY\x00STK\x00\x000.0\x00\x00\x00NYSE\x00\x00USD\x00\x00\x000\x00100,101,106,233\x000\x000\x00\x00'
2026-05-04 12:19:12,510 [INFO] REQUEST reqMktData {'reqId': 5, 'contract': 6291889888: 0,GC,FUT,202606,0.0,,,COMEX,,USD,,,False,,combo:, 'genericTickList': '100,101,106,233', 'snapshot': False, 'regulatorySnapshot': False, 'mktDataOptions': []}
2026-05-04 12:19:12,510 [INFO] SENDING reqMktData b'\x00\x00\x00A1\x0011\x005\x000\x00GC\x00FUT\x00202606\x000.0\x00\x00\x00COMEX\x00\x00USD\x00\x00\x000\x00100,101,106,233\x000\x000\x00\x00'
2026-05-04 12:19:12,630 [INFO] REQUEST reqMktDepth {'reqId': 100, 'contract': 6419135312: 0,SQM,STK,,0.0,,,SN,,CLP,,,False,,combo:, 'numRows': 5, 'isSmartDepth': False, 'mktDepthOptions': []}
2026-05-04 12:19:12,630 [INFO] SENDING reqMktDepth b'\x00\x00\x00)10\x005\x00100\x000\x00SQM\x00STK\x00\x000.0\x00\x00\x00SN\x00\x00CLP\x00\x00\x005\x000\x00\x00'
2026-05-04 12:19:12,713 [INFO] REQUEST reqMktData {'reqId': 6, 'contract': 6419248560: 0,HG,FUT,202606,0.0,,,COMEX,,USD,,,False,,combo:, 'genericTickList': '100,101,106,233', 'snapshot': False, 'regulatorySnapshot': False, 'mktDataOptions': []}
2026-05-04 12:19:12,714 [INFO] SENDING reqMktData b'\x00\x00\x00A1\x0011\x006\x000\x00HG\x00FUT\x00202606\x000.0\x00\x00\x00COMEX\x00\x00USD\x00\x00\x000\x00100,101,106,233\x000\x000\x00\x00'
2026-05-04 12:19:12,732 [INFO] REQUEST reqMktDepth {'reqId': 101, 'contract': 6291889888: 0,COPEC,STK,,0.0,,,SN,,CLP,,,False,,combo:, 'numRows': 5, 'isSmartDepth': False, 'mktDepthOptions': []}
2026-05-04 12:19:12,732 [INFO] SENDING reqMktDepth b'\x00\x00\x00+10\x005\x00101\x000\x00COPEC\x00STK\x00\x000.0\x00\x00\x00SN\x00\x00CLP\x00\x00\x005\x000\x00\x00'
2026-05-04 12:19:12,838 [INFO] REQUEST reqMktDepth {'reqId': 102, 'contract': 6291887536: 0,BCI,STK,,0.0,,,SN,,CLP,,,False,,combo:, 'numRows': 5, 'isSmartDepth': False, 'mktDepthOptions': []}
2026-05-04 12:19:12,838 [INFO] SENDING reqMktDepth b'\x00\x00\x00)10\x005\x00102\x000\x00BCI\x00STK\x00\x000.0\x00\x00\x00SN\x00\x00CLP\x00\x00\x005\x000\x00\x00'
2026-05-04 12:19:12,942 [INFO] REQUEST reqMktDepth {'reqId': 103, 'contract': 6419147120: 0,BSAC,STK,,0.0,,,SMART,,USD,,,False,,combo:, 'numRows': 5, 'isSmartDepth': False, 'mktDepthOptions': []}
2026-05-04 12:19:12,943 [INFO] SENDING reqMktDepth b'\x00\x00\x00-10\x005\x00103\x000\x00BSAC\x00STK\x00\x000.0\x00\x00\x00SMART\x00\x00USD\x00\x00\x005\x000\x00\x00'
2026-05-04 12:19:13,044 [INFO] REQUEST reqMktDepth {'reqId': 104, 'contract': 6419135744: 0,BCH,STK,,0.0,,,SMART,,USD,,,False,,combo:, 'numRows': 5, 'isSmartDepth': False, 'mktDepthOptions': []}
2026-05-04 12:19:13,044 [INFO] SENDING reqMktDepth b'\x00\x00\x00,10\x005\x00104\x000\x00BCH\x00STK\x00\x000.0\x00\x00\x00SMART\x00\x00USD\x00\x00\x005\x000\x00\x00'
2026-05-04 12:19:13,148 [INFO] REQUEST reqMktDepth {'reqId': 105, 'contract': 6310705712: 0,FALABELLA,STK,,0.0,,,SN,,CLP,,,False,,combo:, 'numRows': 5, 'isSmartDepth': False, 'mktDepthOptions': []}
2026-05-04 12:19:13,148 [INFO] SENDING reqMktDepth b'\x00\x00\x00/10\x005\x00105\x000\x00FALABELLA\x00STK\x00\x000.0\x00\x00\x00SN\x00\x00CLP\x00\x00\x005\x000\x00\x00'
2026-05-04 12:19:13,255 [INFO] REQUEST reqMktDepth {'reqId': 106, 'contract': 6297026032: 0,CENCOSUD,STK,,0.0,,,SN,,CLP,,,False,,combo:, 'numRows': 5, 'isSmartDepth': False, 'mktDepthOptions': []}
2026-05-04 12:19:13,256 [INFO] SENDING reqMktDepth b'\x00\x00\x00.10\x005\x00106\x000\x00CENCOSUD\x00STK\x00\x000.0\x00\x00\x00SN\x00\x00CLP\x00\x00\x005\x000\x00\x00'
2026-05-04 12:19:13,378 [INFO] REQUEST reqMktDepth {'reqId': 107, 'contract': 6294009744: 0,CMPC,STK,,0.0,,,SN,,CLP,,,False,,combo:, 'numRows': 5, 'isSmartDepth': False, 'mktDepthOptions': []}
2026-05-04 12:19:13,378 [INFO] SENDING reqMktDepth b'\x00\x00\x00*10\x005\x00107\x000\x00CMPC\x00STK\x00\x000.0\x00\x00\x00SN\x00\x00CLP\x00\x00\x005\x000\x00\x00'
2026-05-04 12:19:13,485 [INFO] REQUEST reqMktDepth {'reqId': 108, 'contract': 5019549072: 0,COLBUN,STK,,0.0,,,SN,,CLP,,,False,,combo:, 'numRows': 5, 'isSmartDepth': False, 'mktDepthOptions': []}
2026-05-04 12:19:13,485 [INFO] SENDING reqMktDepth b'\x00\x00\x00,10\x005\x00108\x000\x00COLBUN\x00STK\x00\x000.0\x00\x00\x00SN\x00\x00CLP\x00\x00\x005\x000\x00\x00'
2026-05-04 12:19:13,590 [INFO] REQUEST reqMktDepth {'reqId': 109, 'contract': 6308843776: 0,ENELCHILE,STK,,0.0,,,SN,,CLP,,,False,,combo:, 'numRows': 5, 'isSmartDepth': False, 'mktDepthOptions': []}
2026-05-04 12:19:13,590 [INFO] SENDING reqMktDepth b'\x00\x00\x00/10\x005\x00109\x000\x00ENELCHILE\x00STK\x00\x000.0\x00\x00\x00SN\x00\x00CLP\x00\x00\x005\x000\x00\x00'
2026-05-04 12:19:13,704 [INFO] REQUEST reqMktDepth {'reqId': 110, 'contract': 6311804448: 0,ENELAM,STK,,0.0,,,SN,,CLP,,,False,,combo:, 'numRows': 5, 'isSmartDepth': False, 'mktDepthOptions': []}
2026-05-04 12:19:13,712 [INFO] SENDING reqMktDepth b'\x00\x00\x00,10\x005\x00110\x000\x00ENELAM\x00STK\x00\x000.0\x00\x00\x00SN\x00\x00CLP\x00\x00\x005\x000\x00\x00'
2026-05-04 12:19:13,817 [INFO] REQUEST reqMktDepth {'reqId': 111, 'contract': 6309457056: 0,ENTEL,STK,,0.0,,,SN,,CLP,,,False,,combo:, 'numRows': 5, 'isSmartDepth': False, 'mktDepthOptions': []}
2026-05-04 12:19:13,818 [INFO] SENDING reqMktDepth b'\x00\x00\x00+10\x005\x00111\x000\x00ENTEL\x00STK\x00\x000.0\x00\x00\x00SN\x00\x00CLP\x00\x00\x005\x000\x00\x00'
2026-05-04 12:19:13,886 [ERROR] $CFR.SN: possibly delisted; no price data found  (period=3mo)
2026-05-04 12:19:13,923 [INFO] REQUEST reqMktDepth {'reqId': 112, 'contract': 6389767568: 0,LTM,STK,,0.0,,,SMART,,USD,,,False,,combo:, 'numRows': 5, 'isSmartDepth': False, 'mktDepthOptions': []}
2026-05-04 12:19:13,924 [INFO] SENDING reqMktDepth b'\x00\x00\x00,10\x005\x00112\x000\x00LTM\x00STK\x00\x000.0\x00\x00\x00SMART\x00\x00USD\x00\x00\x005\x000\x00\x00'
2026-05-04 12:19:14,031 [INFO] REQUEST reqMktDepth {'reqId': 113, 'contract': 6412013088: 0,CAP,STK,,0.0,,,SN,,CLP,,,False,,combo:, 'numRows': 5, 'isSmartDepth': False, 'mktDepthOptions': []}
2026-05-04 12:19:14,032 [INFO] SENDING reqMktDepth b'\x00\x00\x00)10\x005\x00113\x000\x00CAP\x00STK\x00\x000.0\x00\x00\x00SN\x00\x00CLP\x00\x00\x005\x000\x00\x00'
2026-05-04 12:19:14,085 [ERROR] $ENDESA.SN: possibly delisted; no price data found  (period=3mo)
2026-05-04 12:19:14,137 [INFO] REQUEST reqMktDepth {'reqId': 114, 'contract': 6419135312: 0,CCU,STK,,0.0,,,SN,,CLP,,,False,,combo:, 'numRows': 5, 'isSmartDepth': False, 'mktDepthOptions': []}
2026-05-04 12:19:14,137 [INFO] SENDING reqMktDepth b'\x00\x00\x00)10\x005\x00114\x000\x00CCU\x00STK\x00\x000.0\x00\x00\x00SN\x00\x00CLP\x00\x00\x005\x000\x00\x00'
2026-05-04 12:19:14,702 [ERROR] $BANMEDICA.SN: possibly delisted; no price data found  (period=3mo) (Yahoo error = "No data found, symbol may be delisted")
2026-05-04 12:19:20,929 [INFO] disconnecting
2026-05-04 12:19:20,931 [INFO] ANSWER connectionClosed {}
2026-05-04 12:19:22,249 [INFO] disconnecting
2026-05-04 12:19:22,250 [INFO] ANSWER connectionClosed {}
2026-05-04 12:20:00,477 [INFO] === CICLO AUTOMÁTICO INICIADO ===
2026-05-04 12:20:04,257 [INFO] Motor pausado: 3 trades consecutivos perdedores
2026-05-04 12:25:01,523 [INFO] === CICLO AUTOMÁTICO INICIADO ===
2026-05-04 12:25:04,060 [INFO] Motor pausado: 3 trades consecutivos perdedores
2026-05-04 12:30:15,646 [INFO] === CICLO AUTOMÁTICO INICIADO ===
2026-05-04 12:30:18,132 [INFO] Motor pausado: 3 trades consecutivos perdedores
2026-05-04 12:35:00,767 [INFO] === CICLO AUTOMÁTICO INICIADO ===
2026-05-04 12:35:02,664 [INFO] Motor pausado: 3 trades consecutivos perdedores
2026-05-04 12:40:00,452 [INFO] === CICLO AUTOMÁTICO INICIADO ===
2026-05-04 12:40:02,980 [INFO] Motor pausado: 3 trades consecutivos perdedores
2026-05-04 12:45:00,815 [INFO] === CICLO AUTOMÁTICO INICIADO ===
2026-05-04 12:45:02,826 [INFO] Motor pausado: 3 trades consecutivos perdedores
2026-05-04 12:50:00,443 [INFO] === CICLO AUTOMÁTICO INICIADO ===
2026-05-04 12:50:02,956 [INFO] Motor pausado: 3 trades consecutivos perdedores
2026-05-04 12:55:00,625 [INFO] === CICLO AUTOMÁTICO INICIADO ===
2026-05-04 12:55:02,590 [INFO] Motor pausado: 3 trades consecutivos perdedores
2026-05-04 13:00:01,155 [INFO] === CICLO AUTOMÁTICO INICIADO ===
2026-05-04 13:00:03,168 [INFO] Motor pausado: 3 trades consecutivos perdedores
2026-05-04 13:05:01,050 [INFO] === CICLO AUTOMÁTICO INICIADO ===
2026-05-04 13:05:03,421 [INFO] Motor pausado: 3 trades consecutivos perdedores
2026-05-04 13:10:01,211 [INFO] === CICLO AUTOMÁTICO INICIADO ===
2026-05-04 13:10:04,911 [INFO] Motor pausado: 3 trades consecutivos perdedores
2026-05-04 13:15:00,613 [INFO] === CICLO AUTOMÁTICO INICIADO ===
2026-05-04 13:15:02,831 [INFO] Motor pausado: 3 trades consecutivos perdedores
2026-05-04 13:20:00,957 [INFO] === CICLO AUTOMÁTICO INICIADO ===
2026-05-04 13:20:03,241 [INFO] Motor pausado: 3 trades consecutivos perdedores
2026-05-04 13:25:01,135 [INFO] === CICLO AUTOMÁTICO INICIADO ===
2026-05-04 13:25:03,090 [INFO] Motor pausado: 3 trades consecutivos perdedores
2026-05-04 13:30:00,835 [INFO] === CICLO AUTOMÁTICO INICIADO ===
2026-05-04 13:30:02,903 [INFO] Motor pausado: 3 trades consecutivos perdedores
2026-05-04 15:15:00,461 [INFO] === CICLO AUTOMÁTICO INICIADO ===
2026-05-04 15:15:02,403 [INFO] Motor pausado: 3 trades consecutivos perdedores
2026-05-04 15:44:37,650 [INFO] === CICLO AUTOMÁTICO INICIADO ===
2026-05-04 15:44:42,344 [INFO] Motor pausado: 3 trades consecutivos perdedores
2026-05-04 15:45:01,291 [INFO] === CICLO AUTOMÁTICO INICIADO ===
2026-05-04 15:45:04,262 [INFO] Motor pausado: 3 trades consecutivos perdedores
2026-05-04 15:51:19,200 [INFO] === CICLO AUTOMÁTICO INICIADO ===
2026-05-04 15:51:21,119 [INFO] Motor pausado: 3 trades consecutivos perdedores
2026-05-04 15:55:00,366 [INFO] === CICLO AUTOMÁTICO INICIADO ===
2026-05-04 15:55:02,350 [INFO] Motor pausado: 3 trades consecutivos perdedores
2026-05-04 16:00:02,098 [INFO] === CICLO AUTOMÁTICO INICIADO ===
2026-05-04 16:00:23,930 [INFO] Motor pausado: 3 trades consecutivos perdedores
2026-05-04 16:05:00,567 [INFO] === CICLO AUTOMÁTICO INICIADO ===
2026-05-04 16:05:02,556 [INFO] Motor pausado: 3 trades consecutivos perdedores
2026-05-04 16:10:01,390 [INFO] === CICLO AUTOMÁTICO INICIADO ===
2026-05-04 16:10:03,453 [INFO] Motor pausado: 3 trades consecutivos perdedores
2026-05-04 16:15:03,751 [INFO] === CICLO AUTOMÁTICO INICIADO ===
2026-05-04 16:15:14,712 [INFO] Motor pausado: 3 trades consecutivos perdedores
2026-05-04 16:20:00,994 [INFO] === CICLO AUTOMÁTICO INICIADO ===
2026-05-04 16:20:06,583 [INFO] Motor pausado: 3 trades consecutivos perdedores
2026-05-04 16:25:00,624 [INFO] === CICLO AUTOMÁTICO INICIADO ===
2026-05-04 16:25:04,762 [INFO] Motor pausado: 3 trades consecutivos perdedores
2026-05-04 16:30:00,329 [INFO] === CICLO AUTOMÁTICO INICIADO ===
2026-05-04 16:30:02,238 [INFO] Motor pausado: 3 trades consecutivos perdedores
2026-05-04 16:35:00,908 [INFO] === CICLO AUTOMÁTICO INICIADO ===
2026-05-04 16:35:02,935 [INFO] Motor pausado: 3 trades consecutivos perdedores
2026-05-04 16:40:00,467 [INFO] === CICLO AUTOMÁTICO INICIADO ===
2026-05-04 16:40:02,652 [INFO] Motor pausado: 3 trades consecutivos perdedores
2026-05-04 16:45:00,344 [INFO] === CICLO AUTOMÁTICO INICIADO ===
2026-05-04 16:45:03,110 [INFO] Motor pausado: 3 trades consecutivos perdedores
2026-05-04 16:50:00,906 [INFO] === CICLO AUTOMÁTICO INICIADO ===
2026-05-04 16:50:02,879 [INFO] Motor pausado: 3 trades consecutivos perdedores
2026-05-04 16:55:00,389 [INFO] === CICLO AUTOMÁTICO INICIADO ===
2026-05-04 16:55:02,283 [INFO] Motor pausado: 3 trades consecutivos perdedores
2026-05-04 17:00:07,374 [INFO] === CICLO AUTOMÁTICO INICIADO ===
2026-05-04 17:00:09,582 [INFO] Motor pausado: 3 trades consecutivos perdedores
2026-05-04 17:05:01,103 [INFO] === CICLO AUTOMÁTICO INICIADO ===
2026-05-04 17:05:03,506 [INFO] Motor pausado: 3 trades consecutivos perdedores
2026-05-04 17:10:01,154 [INFO] === CICLO AUTOMÁTICO INICIADO ===
2026-05-04 17:10:03,085 [INFO] Motor pausado: 3 trades consecutivos perdedores
2026-05-04 17:15:00,740 [INFO] === CICLO AUTOMÁTICO INICIADO ===
2026-05-04 17:15:02,685 [INFO] Motor pausado: 3 trades consecutivos perdedores
2026-05-04 17:20:00,310 [INFO] === CICLO AUTOMÁTICO INICIADO ===
2026-05-04 17:20:02,589 [INFO] Motor pausado: 3 trades consecutivos perdedores
2026-05-04 17:25:15,475 [INFO] === CICLO AUTOMÁTICO INICIADO ===
2026-05-04 17:25:17,610 [INFO] Motor pausado: 3 trades consecutivos perdedores
2026-05-04 17:30:00,402 [INFO] === CICLO AUTOMÁTICO INICIADO ===
2026-05-04 17:30:02,519 [INFO] Motor pausado: 3 trades consecutivos perdedores
2026-05-04 17:35:01,174 [INFO] === CICLO AUTOMÁTICO INICIADO ===
2026-05-04 17:35:03,266 [INFO] Motor pausado: 3 trades consecutivos perdedores
2026-05-04 17:40:01,101 [INFO] === CICLO AUTOMÁTICO INICIADO ===
2026-05-04 17:40:04,098 [INFO] Motor pausado: 3 trades consecutivos perdedores
2026-05-04 17:45:01,433 [INFO] === CICLO AUTOMÁTICO INICIADO ===
2026-05-04 17:45:05,259 [INFO] Motor pausado: 3 trades consecutivos perdedores
2026-05-04 17:50:01,085 [INFO] === CICLO AUTOMÁTICO INICIADO ===
2026-05-04 17:50:03,279 [INFO] Motor pausado: 3 trades consecutivos perdedores
2026-05-04 17:55:01,103 [INFO] === CICLO AUTOMÁTICO INICIADO ===
2026-05-04 17:55:04,012 [INFO] Motor pausado: 3 trades consecutivos perdedores
2026-05-04 18:00:00,580 [INFO] === CICLO AUTOMÁTICO INICIADO ===
2026-05-04 18:00:02,821 [INFO] Motor pausado: 3 trades consecutivos perdedores
2026-05-04 18:05:00,540 [INFO] === CICLO AUTOMÁTICO INICIADO ===
2026-05-04 18:05:02,536 [INFO] Motor pausado: 3 trades consecutivos perdedores
2026-05-04 18:10:01,232 [INFO] === CICLO AUTOMÁTICO INICIADO ===
2026-05-04 18:10:03,087 [INFO] Motor pausado: 3 trades consecutivos perdedores
2026-05-04 18:15:01,092 [INFO] === CICLO AUTOMÁTICO INICIADO ===
2026-05-04 18:15:04,443 [INFO] Motor pausado: 3 trades consecutivos perdedores
2026-05-04 18:20:00,624 [INFO] === CICLO AUTOMÁTICO INICIADO ===
2026-05-04 18:20:02,806 [INFO] Motor pausado: 3 trades consecutivos perdedores
2026-05-04 18:25:00,550 [INFO] === CICLO AUTOMÁTICO INICIADO ===
2026-05-04 18:25:04,074 [INFO] Motor pausado: 3 trades consecutivos perdedores
2026-05-04 18:30:00,874 [INFO] === CICLO AUTOMÁTICO INICIADO ===
2026-05-04 18:30:02,874 [INFO] Motor pausado: 3 trades consecutivos perdedores
2026-05-04 18:35:00,738 [INFO] === CICLO AUTOMÁTICO INICIADO ===
2026-05-04 18:35:02,910 [INFO] Motor pausado: 3 trades consecutivos perdedores
2026-05-04 18:40:00,627 [INFO] === CICLO AUTOMÁTICO INICIADO ===
2026-05-04 18:40:03,578 [INFO] Motor pausado: 3 trades consecutivos perdedores
2026-05-04 18:45:00,202 [INFO] === CICLO AUTOMÁTICO INICIADO ===
2026-05-04 18:45:02,104 [INFO] Motor pausado: 3 trades consecutivos perdedores
2026-05-04 18:50:00,958 [INFO] === CICLO AUTOMÁTICO INICIADO ===
2026-05-04 18:50:03,417 [INFO] Motor pausado: 3 trades consecutivos perdedores
2026-05-04 18:55:01,051 [INFO] === CICLO AUTOMÁTICO INICIADO ===
2026-05-04 18:55:02,980 [INFO] Motor pausado: 3 trades consecutivos perdedores
2026-05-04 19:00:00,937 [INFO] === CICLO AUTOMÁTICO INICIADO ===
2026-05-04 19:00:02,856 [INFO] Motor pausado: 3 trades consecutivos perdedores
2026-05-04 19:05:00,533 [INFO] === CICLO AUTOMÁTICO INICIADO ===
2026-05-04 19:05:02,415 [INFO] Motor pausado: 3 trades consecutivos perdedores
2026-05-04 19:10:00,999 [INFO] === CICLO AUTOMÁTICO INICIADO ===
2026-05-04 19:10:03,189 [INFO] Motor pausado: 3 trades consecutivos perdedores
2026-05-04 19:15:00,658 [INFO] === CICLO AUTOMÁTICO INICIADO ===
2026-05-04 19:15:02,675 [INFO] Motor pausado: 3 trades consecutivos perdedores
2026-05-04 19:20:00,378 [INFO] === CICLO AUTOMÁTICO INICIADO ===
2026-05-04 19:20:02,481 [INFO] Motor pausado: 3 trades consecutivos perdedores
2026-05-04 19:25:01,449 [INFO] === CICLO AUTOMÁTICO INICIADO ===
2026-05-04 19:25:03,719 [INFO] Motor pausado: 3 trades consecutivos perdedores
2026-05-04 19:30:00,310 [INFO] === CICLO AUTOMÁTICO INICIADO ===
2026-05-04 19:30:03,737 [INFO] Motor pausado: 3 trades consecutivos perdedores
2026-05-04 19:35:00,689 [INFO] === CICLO AUTOMÁTICO INICIADO ===
2026-05-04 19:35:03,760 [INFO] Motor pausado: 3 trades consecutivos perdedores
2026-05-04 20:12:50,727 [INFO] === CICLO AUTOMÁTICO INICIADO ===
2026-05-04 20:12:54,378 [INFO] Motor pausado: 3 trades consecutivos perdedores
2026-05-04 20:15:00,415 [INFO] === CICLO AUTOMÁTICO INICIADO ===
2026-05-04 20:15:02,707 [INFO] Motor pausado: 3 trades consecutivos perdedores
2026-05-04 20:16:46,491 [WARNING] Motor PAUSADO: 3 trades consecutivos perdedores
2026-05-04 20:16:59,087 [INFO] === CICLO AUTOMÁTICO INICIADO ===
2026-05-04 20:16:59,907 [INFO] Motor pausado: 3 trades consecutivos perdedores
2026-05-04 20:18:43,103 [ERROR] $CFR.SN: possibly delisted; no price data found  (period=3mo)
2026-05-04 20:18:43,417 [ERROR] $ENDESA.SN: possibly delisted; no price data found  (period=3mo)
2026-05-04 20:18:44,315 [ERROR] $BANMEDICA.SN: possibly delisted; no price data found  (period=3mo) (Yahoo error = "No data found, symbol may be delisted")
2026-05-04 20:20:00,362 [INFO] === CICLO AUTOMÁTICO INICIADO ===
2026-05-04 20:20:02,529 [INFO] Motor pausado: 3 trades consecutivos perdedores
2026-05-04 20:20:05,554 [INFO] === CICLO AUTOMÁTICO INICIADO ===
2026-05-04 20:20:09,273 [ERROR] $CFR.SN: possibly delisted; no price data found  (period=3mo)
2026-05-04 20:20:09,432 [ERROR] $ENDESA.SN: possibly delisted; no price data found  (period=3mo)
2026-05-04 20:20:13,590 [ERROR] $BANMEDICA.SN: possibly delisted; no price data found  (period=3mo) (Yahoo error = "No data found, symbol may be delisted")
2026-05-04 20:20:33,383 [INFO] sent startApi
2026-05-04 20:20:33,384 [INFO] REQUEST startApi {}
2026-05-04 20:20:33,384 [INFO] SENDING startApi b'\x00\x00\x00\t71\x002\x0010\x00\x00'
2026-05-04 20:20:33,384 [INFO] ANSWER connectAck {}
2026-05-04 20:20:33,399 [INFO] ANSWER managedAccounts {'accountsList': 'DUP838882'}
2026-05-04 20:20:34,411 [INFO] REQUEST placeOrder {'orderId': 25, 'contract': 4517677520: 0,BTC,CRYPTO,,0.0,,,PAXOS,,USD,,,False,,combo:, 'order': 4517678912: 0,0,0: MKT SELL 1@179769313486231570814527423731704356798070567525844996598917476803157260780028538760589558632766878171540458953514382464234321326889464182768467546703537516986049910576551282076245490090389328944075868508455133942304583236903222948165808559332123348274797826204144723168738177180919299881250404026184124858368.000000 }
2026-05-04 20:20:34,412 [INFO] SENDING placeOrder b'\x00\x00\x0183\x0025\x000\x00BTC\x00CRYPTO\x00\x000.0\x00\x00\x00PAXOS\x00\x00USD\x00\x00\x00\x00\x00SELL\x001\x00MKT\x00\x00\x00\x00\x00\x00\x000\x00\x000\x000\x000\x000\x000\x000\x000\x000\x00\x000\x00\x00\x00\x00\x00\x00\x00\x000\x00\x00-1\x000\x00\x00\x000\x00\x00\x000\x000\x00\x000\x00\x00\x00\x00\x00\x000\x00\x00\x00\x00\x000\x00\x00\x00\x00\x00\x00\x00\x00\x00\x00\x000\x00\x00\x000\x000\x00\x00\x000\x00\x000\x000\x000\x000\x00\x001.7976931348623157e+308\x001.7976931348623157e+308\x001.7976931348623157e+308\x001.7976931348623157e+308\x001.7976931348623157e+308\x000\x00\x00\x00\x001.7976931348623157e+308\x00\x00\x00\x00\x000\x000\x000\x00\x00'
2026-05-04 20:20:34,615 [INFO] REQUEST placeOrder {'orderId': 26, 'contract': 4517677520: 0,BTC,CRYPTO,,0.0,,,PAXOS,,USD,,,False,,combo:, 'order': 4517678528: 0,0,0: STP BUY 1@179769313486231570814527423731704356798070567525844996598917476803157260780028538760589558632766878171540458953514382464234321326889464182768467546703537516986049910576551282076245490090389328944075868508455133942304583236903222948165808559332123348274797826204144723168738177180919299881250404026184124858368.000000 }
2026-05-04 20:20:34,615 [INFO] SENDING placeOrder b'\x00\x00\x01?3\x0026\x000\x00BTC\x00CRYPTO\x00\x000.0\x00\x00\x00PAXOS\x00\x00USD\x00\x00\x00\x00\x00BUY\x001\x00STP\x00\x0085850.0\x00\x00\x00\x00\x000\x00\x000\x0025\x000\x000\x000\x000\x000\x000\x00\x000\x00\x00\x00\x00\x00\x00\x00\x000\x00\x00-1\x000\x00\x00\x000\x00\x00\x000\x000\x00\x000\x00\x00\x00\x00\x00\x000\x00\x00\x00\x00\x000\x00\x00\x00\x00\x00\x00\x00\x00\x00\x00\x000\x00\x00\x000\x000\x00\x00\x000\x00\x000\x000\x000\x000\x00\x001.7976931348623157e+308\x001.7976931348623157e+308\x001.7976931348623157e+308\x001.7976931348623157e+308\x001.7976931348623157e+308\x000\x00\x00\x00\x001.7976931348623157e+308\x00\x00\x00\x00\x000\x000\x000\x00\x00'
2026-05-04 20:20:34,820 [INFO] REQUEST placeOrder {'orderId': 27, 'contract': 4517677520: 0,BTC,CRYPTO,,0.0,,,PAXOS,,USD,,,False,,combo:, 'order': 4517678144: 0,0,0: LMT BUY 1@77184.680000 }
2026-05-04 20:20:34,820 [INFO] SENDING placeOrder b'\x00\x00\x01@3\x0027\x000\x00BTC\x00CRYPTO\x00\x000.0\x00\x00\x00PAXOS\x00\x00USD\x00\x00\x00\x00\x00BUY\x001\x00LMT\x0077184.68\x00\x00\x00\x00\x00\x000\x00\x001\x0025\x000\x000\x000\x000\x000\x000\x00\x000\x00\x00\x00\x00\x00\x00\x00\x000\x00\x00-1\x000\x00\x00\x000\x00\x00\x000\x000\x00\x000\x00\x00\x00\x00\x00\x000\x00\x00\x00\x00\x000\x00\x00\x00\x00\x00\x00\x00\x00\x00\x00\x000\x00\x00\x000\x000\x00\x00\x000\x00\x000\x000\x000\x000\x00\x001.7976931348623157e+308\x001.7976931348623157e+308\x001.7976931348623157e+308\x001.7976931348623157e+308\x001.7976931348623157e+308\x000\x00\x00\x00\x001.7976931348623157e+308\x00\x00\x00\x00\x000\x000\x000\x00\x00'
2026-05-04 20:20:36,528 [INFO] disconnecting
2026-05-04 20:20:36,530 [INFO] ANSWER connectionClosed {}
2026-05-04 20:20:36,530 [INFO] Fuera de horario: Fuera de horario NYSE (09:30-15:45 ET) — solo verificando posiciones
2026-05-04 20:20:36,976 [INFO] Trailing stop: BTC PnL -2.81%
2026-05-04 20:20:49,541 [INFO] sent startApi
2026-05-04 20:20:49,541 [INFO] REQUEST startApi {}
2026-05-04 20:20:49,542 [INFO] SENDING startApi b'\x00\x00\x00\t71\x002\x0030\x00\x00'
2026-05-04 20:20:49,542 [INFO] ANSWER connectAck {}
2026-05-04 20:20:49,544 [INFO] ANSWER managedAccounts {'accountsList': 'DUP838882'}
2026-05-04 20:20:50,546 [INFO] REQUEST placeOrder {'orderId': 23, 'contract': 4520179840: 0,BTC,CRYPTO,,0.0,,,PAXOS,,USD,,,False,,combo:, 'order': 4520179936: 0,0,0: LMT BUY 1@77184.680000 }
2026-05-04 20:20:50,547 [INFO] SENDING placeOrder b'\x00\x00\x01?3\x0023\x000\x00BTC\x00CRYPTO\x00\x000.0\x00\x00\x00PAXOS\x00\x00USD\x00\x00\x00\x00\x00BUY\x001\x00LMT\x0077184.68\x00\x00\x00\x00\x00\x000\x00\x001\x000\x000\x000\x000\x000\x000\x000\x00\x000\x00\x00\x00\x00\x00\x00\x00\x000\x00\x00-1\x000\x00\x00\x000\x00\x00\x000\x000\x00\x000\x00\x00\x00\x00\x00\x000\x00\x00\x00\x00\x000\x00\x00\x00\x00\x00\x00\x00\x00\x00\x00\x000\x00\x00\x000\x000\x00\x00\x000\x00\x000\x000\x000\x000\x00\x001.7976931348623157e+308\x001.7976931348623157e+308\x001.7976931348623157e+308\x001.7976931348623157e+308\x001.7976931348623157e+308\x000\x00\x00\x00\x001.7976931348623157e+308\x00\x00\x00\x00\x000\x000\x000\x00\x00'
2026-05-04 20:20:53,551 [INFO] disconnecting
2026-05-04 20:20:53,552 [INFO] ANSWER connectionClosed {}
2026-05-04 20:20:55,063 [INFO] Cierre: BTC TRAILING STOP PnL -2.81%
2026-05-04 20:25:01,144 [INFO] === CICLO AUTOMÁTICO INICIADO ===
2026-05-04 20:25:06,803 [ERROR] $CFR.SN: possibly delisted; no price data found  (period=3mo)
2026-05-04 20:25:07,638 [ERROR] $ENDESA.SN: possibly delisted; no price data found  (period=3mo)
2026-05-04 20:25:11,119 [ERROR] $BANMEDICA.SN: possibly delisted; no price data found  (period=3mo) (Yahoo error = "No data found, symbol may be delisted")
2026-05-04 20:25:28,096 [INFO] sent startApi
2026-05-04 20:25:28,097 [INFO] REQUEST startApi {}
2026-05-04 20:25:28,097 [INFO] SENDING startApi b'\x00\x00\x00\t71\x002\x0010\x00\x00'
2026-05-04 20:25:28,098 [INFO] ANSWER connectAck {}
2026-05-04 20:25:28,104 [INFO] ANSWER managedAccounts {'accountsList': 'DUP838882'}
2026-05-04 20:25:29,183 [INFO] REQUEST placeOrder {'orderId': 26, 'contract': 4503377136: 0,BTC,CRYPTO,,0.0,,,PAXOS,,USD,,,False,,combo:, 'order': 4503376896: 0,0,0: MKT SELL 1@179769313486231570814527423731704356798070567525844996598917476803157260780028538760589558632766878171540458953514382464234321326889464182768467546703537516986049910576551282076245490090389328944075868508455133942304583236903222948165808559332123348274797826204144723168738177180919299881250404026184124858368.000000 }
2026-05-04 20:25:29,184 [INFO] SENDING placeOrder b'\x00\x00\x0183\x0026\x000\x00BTC\x00CRYPTO\x00\x000.0\x00\x00\x00PAXOS\x00\x00USD\x00\x00\x00\x00\x00SELL\x001\x00MKT\x00\x00\x00\x00\x00\x00\x000\x00\x000\x000\x000\x000\x000\x000\x000\x000\x00\x000\x00\x00\x00\x00\x00\x00\x00\x000\x00\x00-1\x000\x00\x00\x000\x00\x00\x000\x000\x00\x000\x00\x00\x00\x00\x00\x000\x00\x00\x00\x00\x000\x00\x00\x00\x00\x00\x00\x00\x00\x00\x00\x000\x00\x00\x000\x000\x00\x00\x000\x00\x000\x000\x000\x000\x00\x001.7976931348623157e+308\x001.7976931348623157e+308\x001.7976931348623157e+308\x001.7976931348623157e+308\x001.7976931348623157e+308\x000\x00\x00\x00\x001.7976931348623157e+308\x00\x00\x00\x00\x000\x000\x000\x00\x00'
2026-05-04 20:25:29,405 [INFO] REQUEST placeOrder {'orderId': 27, 'contract': 4503377136: 0,BTC,CRYPTO,,0.0,,,PAXOS,,USD,,,False,,combo:, 'order': 4503376656: 0,0,0: STP BUY 1@179769313486231570814527423731704356798070567525844996598917476803157260780028538760589558632766878171540458953514382464234321326889464182768467546703537516986049910576551282076245490090389328944075868508455133942304583236903222948165808559332123348274797826204144723168738177180919299881250404026184124858368.000000 }
2026-05-04 20:25:29,405 [INFO] SENDING placeOrder b'\x00\x00\x01?3\x0027\x000\x00BTC\x00CRYPTO\x00\x000.0\x00\x00\x00PAXOS\x00\x00USD\x00\x00\x00\x00\x00BUY\x001\x00STP\x00\x0080800.0\x00\x00\x00\x00\x000\x00\x000\x0026\x000\x000\x000\x000\x000\x000\x00\x000\x00\x00\x00\x00\x00\x00\x00\x000\x00\x00-1\x000\x00\x00\x000\x00\x00\x000\x000\x00\x000\x00\x00\x00\x00\x00\x000\x00\x00\x00\x00\x000\x00\x00\x00\x00\x00\x00\x00\x00\x00\x00\x000\x00\x00\x000\x000\x00\x00\x000\x00\x000\x000\x000\x000\x00\x001.7976931348623157e+308\x001.7976931348623157e+308\x001.7976931348623157e+308\x001.7976931348623157e+308\x001.7976931348623157e+308\x000\x00\x00\x00\x001.7976931348623157e+308\x00\x00\x00\x00\x000\x000\x000\x00\x00'
2026-05-04 20:25:29,678 [INFO] REQUEST placeOrder {'orderId': 28, 'contract': 4503377136: 0,BTC,CRYPTO,,0.0,,,PAXOS,,USD,,,False,,combo:, 'order': 4503379248: 0,0,0: LMT BUY 1@77184.680000 }
2026-05-04 20:25:29,678 [INFO] SENDING placeOrder b'\x00\x00\x01@3\x0028\x000\x00BTC\x00CRYPTO\x00\x000.0\x00\x00\x00PAXOS\x00\x00USD\x00\x00\x00\x00\x00BUY\x001\x00LMT\x0077184.68\x00\x00\x00\x00\x00\x000\x00\x001\x0026\x000\x000\x000\x000\x000\x000\x00\x000\x00\x00\x00\x00\x00\x00\x00\x000\x00\x00-1\x000\x00\x00\x000\x00\x00\x000\x000\x00\x000\x00\x00\x00\x00\x00\x000\x00\x00\x00\x00\x000\x00\x00\x00\x00\x00\x00\x00\x00\x00\x00\x000\x00\x00\x000\x000\x00\x00\x000\x00\x000\x000\x000\x000\x00\x001.7976931348623157e+308\x001.7976931348623157e+308\x001.7976931348623157e+308\x001.7976931348623157e+308\x001.7976931348623157e+308\x000\x00\x00\x00\x001.7976931348623157e+308\x00\x00\x00\x00\x000\x000\x000\x00\x00'
2026-05-04 20:25:31,536 [INFO] disconnecting
2026-05-04 20:25:31,537 [INFO] ANSWER connectionClosed {}
2026-05-04 20:25:31,537 [INFO] Fuera de horario: Fuera de horario NYSE (09:30-15:45 ET) — solo verificando posiciones
2026-05-04 20:25:31,919 [INFO] Trailing stop: BTC PnL -2.74%
2026-05-04 20:25:43,388 [INFO] sent startApi
2026-05-04 20:25:43,389 [INFO] REQUEST startApi {}
2026-05-04 20:25:43,389 [INFO] SENDING startApi b'\x00\x00\x00\t71\x002\x0030\x00\x00'
2026-05-04 20:25:43,389 [INFO] ANSWER connectAck {}
2026-05-04 20:25:43,391 [INFO] ANSWER managedAccounts {'accountsList': 'DUP838882'}
2026-05-04 20:25:44,423 [INFO] REQUEST placeOrder {'orderId': 23, 'contract': 4506769152: 0,BTC,CRYPTO,,0.0,,,PAXOS,,USD,,,False,,combo:, 'order': 4506769392: 0,0,0: LMT BUY 1@77184.680000 }
2026-05-04 20:25:44,440 [INFO] SENDING placeOrder b'\x00\x00\x01?3\x0023\x000\x00BTC\x00CRYPTO\x00\x000.0\x00\x00\x00PAXOS\x00\x00USD\x00\x00\x00\x00\x00BUY\x001\x00LMT\x0077184.68\x00\x00\x00\x00\x00\x000\x00\x001\x000\x000\x000\x000\x000\x000\x000\x00\x000\x00\x00\x00\x00\x00\x00\x00\x000\x00\x00-1\x000\x00\x00\x000\x00\x00\x000\x000\x00\x000\x00\x00\x00\x00\x00\x000\x00\x00\x00\x00\x000\x00\x00\x00\x00\x00\x00\x00\x00\x00\x00\x000\x00\x00\x000\x000\x00\x00\x000\x00\x000\x000\x000\x000\x00\x001.7976931348623157e+308\x001.7976931348623157e+308\x001.7976931348623157e+308\x001.7976931348623157e+308\x001.7976931348623157e+308\x000\x00\x00\x00\x001.7976931348623157e+308\x00\x00\x00\x00\x000\x000\x000\x00\x00'
2026-05-04 20:25:47,512 [INFO] disconnecting
2026-05-04 20:25:47,543 [INFO] ANSWER connectionClosed {}
2026-05-04 20:25:49,516 [INFO] Cierre: BTC TRAILING STOP PnL -2.74%
2026-05-04 20:30:00,514 [INFO] === CICLO AUTOMÁTICO INICIADO ===
2026-05-04 20:30:07,255 [ERROR] $CFR.SN: possibly delisted; no price data found  (period=3mo)
2026-05-04 20:30:07,652 [ERROR] $ENDESA.SN: possibly delisted; no price data found  (period=3mo)
2026-05-04 20:30:11,730 [ERROR] $BANMEDICA.SN: possibly delisted; no price data found  (period=3mo) (Yahoo error = "No data found, symbol may be delisted")
2026-05-04 20:30:35,094 [INFO] sent startApi
2026-05-04 20:30:35,095 [INFO] REQUEST startApi {}
2026-05-04 20:30:35,095 [INFO] SENDING startApi b'\x00\x00\x00\t71\x002\x0010\x00\x00'
2026-05-04 20:30:35,095 [INFO] ANSWER connectAck {}
2026-05-04 20:30:35,097 [INFO] ANSWER managedAccounts {'accountsList': 'DUP838882'}
2026-05-04 20:30:36,168 [INFO] REQUEST placeOrder {'orderId': 27, 'contract': 4687784736: 0,BTC,CRYPTO,,0.0,,,PAXOS,,USD,,,False,,combo:, 'order': 4687783632: 0,0,0: MKT SELL 1@179769313486231570814527423731704356798070567525844996598917476803157260780028538760589558632766878171540458953514382464234321326889464182768467546703537516986049910576551282076245490090389328944075868508455133942304583236903222948165808559332123348274797826204144723168738177180919299881250404026184124858368.000000 }
2026-05-04 20:30:36,168 [INFO] SENDING placeOrder b'\x00\x00\x0183\x0027\x000\x00BTC\x00CRYPTO\x00\x000.0\x00\x00\x00PAXOS\x00\x00USD\x00\x00\x00\x00\x00SELL\x001\x00MKT\x00\x00\x00\x00\x00\x00\x000\x00\x000\x000\x000\x000\x000\x000\x000\x000\x00\x000\x00\x00\x00\x00\x00\x00\x00\x000\x00\x00-1\x000\x00\x00\x000\x00\x00\x000\x000\x00\x000\x00\x00\x00\x00\x00\x000\x00\x00\x00\x00\x000\x00\x00\x00\x00\x00\x00\x00\x00\x00\x00\x000\x00\x00\x000\x000\x00\x00\x000\x00\x000\x000\x000\x000\x00\x001.7976931348623157e+308\x001.7976931348623157e+308\x001.7976931348623157e+308\x001.7976931348623157e+308\x001.7976931348623157e+308\x000\x00\x00\x00\x001.7976931348623157e+308\x00\x00\x00\x00\x000\x000\x000\x00\x00'
2026-05-04 20:30:36,443 [INFO] REQUEST placeOrder {'orderId': 28, 'contract': 4687784736: 0,BTC,CRYPTO,,0.0,,,PAXOS,,USD,,,False,,combo:, 'order': 4687785840: 0,0,0: STP BUY 1@179769313486231570814527423731704356798070567525844996598917476803157260780028538760589558632766878171540458953514382464234321326889464182768467546703537516986049910576551282076245490090389328944075868508455133942304583236903222948165808559332123348274797826204144723168738177180919299881250404026184124858368.000000 }
2026-05-04 20:30:36,444 [INFO] SENDING placeOrder b'\x00\x00\x01?3\x0028\x000\x00BTC\x00CRYPTO\x00\x000.0\x00\x00\x00PAXOS\x00\x00USD\x00\x00\x00\x00\x00BUY\x001\x00STP\x00\x0080800.0\x00\x00\x00\x00\x000\x00\x000\x0027\x000\x000\x000\x000\x000\x000\x00\x000\x00\x00\x00\x00\x00\x00\x00\x000\x00\x00-1\x000\x00\x00\x000\x00\x00\x000\x000\x00\x000\x00\x00\x00\x00\x00\x000\x00\x00\x00\x00\x000\x00\x00\x00\x00\x00\x00\x00\x00\x00\x00\x000\x00\x00\x000\x000\x00\x00\x000\x00\x000\x000\x000\x000\x00\x001.7976931348623157e+308\x001.7976931348623157e+308\x001.7976931348623157e+308\x001.7976931348623157e+308\x001.7976931348623157e+308\x000\x00\x00\x00\x001.7976931348623157e+308\x00\x00\x00\x00\x000\x000\x000\x00\x00'
2026-05-04 20:30:36,708 [INFO] REQUEST placeOrder {'orderId': 29, 'contract': 4687784736: 0,BTC,CRYPTO,,0.0,,,PAXOS,,USD,,,False,,combo:, 'order': 4687782672: 0,0,0: LMT BUY 1@77184.680000 }
2026-05-04 20:30:36,709 [INFO] SENDING placeOrder b'\x00\x00\x01@3\x0029\x000\x00BTC\x00CRYPTO\x00\x000.0\x00\x00\x00PAXOS\x00\x00USD\x00\x00\x00\x00\x00BUY\x001\x00LMT\x0077184.68\x00\x00\x00\x00\x00\x000\x00\x001\x0027\x000\x000\x000\x000\x000\x000\x00\x000\x00\x00\x00\x00\x00\x00\x00\x000\x00\x00-1\x000\x00\x00\x000\x00\x00\x000\x000\x00\x000\x00\x00\x00\x00\x00\x000\x00\x00\x00\x00\x000\x00\x00\x00\x00\x00\x00\x00\x00\x00\x00\x000\x00\x00\x000\x000\x00\x00\x000\x00\x000\x000\x000\x000\x00\x001.7976931348623157e+308\x001.7976931348623157e+308\x001.7976931348623157e+308\x001.7976931348623157e+308\x001.7976931348623157e+308\x000\x00\x00\x00\x001.7976931348623157e+308\x00\x00\x00\x00\x000\x000\x000\x00\x00'
2026-05-04 20:30:38,574 [INFO] disconnecting
2026-05-04 20:30:38,575 [INFO] ANSWER connectionClosed {}
2026-05-04 20:30:38,575 [INFO] Fuera de horario: Fuera de horario NYSE (09:30-15:45 ET) — solo verificando posiciones
2026-05-04 20:30:38,990 [INFO] Trailing stop: BTC PnL -2.73%
2026-05-04 20:30:51,844 [INFO] sent startApi
2026-05-04 20:30:51,845 [INFO] REQUEST startApi {}
2026-05-04 20:30:51,845 [INFO] SENDING startApi b'\x00\x00\x00\t71\x002\x0030\x00\x00'
2026-05-04 20:30:51,845 [INFO] ANSWER connectAck {}
2026-05-04 20:30:51,847 [INFO] ANSWER managedAccounts {'accountsList': 'DUP838882'}
2026-05-04 20:30:52,904 [INFO] REQUEST placeOrder {'orderId': 23, 'contract': 4686842464: 0,BTC,CRYPTO,,0.0,,,PAXOS,,USD,,,False,,combo:, 'order': 4686841456: 0,0,0: LMT BUY 1@77184.680000 }
2026-05-04 20:30:52,906 [INFO] SENDING placeOrder b'\x00\x00\x01?3\x0023\x000\x00BTC\x00CRYPTO\x00\x000.0\x00\x00\x00PAXOS\x00\x00USD\x00\x00\x00\x00\x00BUY\x001\x00LMT\x0077184.68\x00\x00\x00\x00\x00\x000\x00\x001\x000\x000\x000\x000\x000\x000\x000\x00\x000\x00\x00\x00\x00\x00\x00\x00\x000\x00\x00-1\x000\x00\x00\x000\x00\x00\x000\x000\x00\x000\x00\x00\x00\x00\x00\x000\x00\x00\x00\x00\x000\x00\x00\x00\x00\x00\x00\x00\x00\x00\x00\x000\x00\x00\x000\x000\x00\x00\x000\x00\x000\x000\x000\x000\x00\x001.7976931348623157e+308\x001.7976931348623157e+308\x001.7976931348623157e+308\x001.7976931348623157e+308\x001.7976931348623157e+308\x000\x00\x00\x00\x001.7976931348623157e+308\x00\x00\x00\x00\x000\x000\x000\x00\x00'
2026-05-04 20:30:55,981 [INFO] disconnecting
2026-05-04 20:30:55,982 [INFO] ANSWER connectionClosed {}
2026-05-04 20:30:57,605 [INFO] Cierre: BTC TRAILING STOP PnL -2.73%
2026-05-04 20:31:46,738 [INFO] Fuera de horario: Fuera de horario NYSE (09:30-15:45 ET)
2026-05-04 20:32:44,081 [ERROR] $CFR.SN: possibly delisted; no price data found  (period=3mo)
2026-05-04 20:32:44,241 [ERROR] $ENDESA.SN: possibly delisted; no price data found  (period=3mo)
2026-05-04 20:32:45,035 [ERROR] $BANMEDICA.SN: possibly delisted; no price data found  (period=3mo) (Yahoo error = "No data found, symbol may be delisted")
2026-05-04 20:35:01,206 [INFO] === CICLO AUTOMÁTICO INICIADO ===
2026-05-04 20:35:07,618 [ERROR] $CFR.SN: possibly delisted; no price data found  (period=3mo)
2026-05-04 20:35:08,049 [ERROR] $ENDESA.SN: possibly delisted; no price data found  (period=3mo)
2026-05-04 20:35:11,528 [ERROR] $BANMEDICA.SN: possibly delisted; no price data found  (period=3mo) (Yahoo error = "No data found, symbol may be delisted")
2026-05-04 20:35:30,213 [INFO] sent startApi
2026-05-04 20:35:30,215 [INFO] REQUEST startApi {}
2026-05-04 20:35:30,215 [INFO] SENDING startApi b'\x00\x00\x00\t71\x002\x0010\x00\x00'
2026-05-04 20:35:30,215 [INFO] ANSWER connectAck {}
2026-05-04 20:35:30,602 [INFO] ANSWER managedAccounts {'accountsList': 'DUP838882'}
2026-05-04 20:35:31,682 [INFO] REQUEST placeOrder {'orderId': 1, 'contract': 4608844704: 0,BTC,CRYPTO,,0.0,,,PAXOS,,USD,,,False,,combo:, 'order': 4608845568: 0,0,0: MKT SELL 1@179769313486231570814527423731704356798070567525844996598917476803157260780028538760589558632766878171540458953514382464234321326889464182768467546703537516986049910576551282076245490090389328944075868508455133942304583236903222948165808559332123348274797826204144723168738177180919299881250404026184124858368.000000 }
2026-05-04 20:35:31,683 [INFO] SENDING placeOrder b'\x00\x00\x0173\x001\x000\x00BTC\x00CRYPTO\x00\x000.0\x00\x00\x00PAXOS\x00\x00USD\x00\x00\x00\x00\x00SELL\x001\x00MKT\x00\x00\x00\x00\x00\x00\x000\x00\x000\x000\x000\x000\x000\x000\x000\x000\x00\x000\x00\x00\x00\x00\x00\x00\x00\x000\x00\x00-1\x000\x00\x00\x000\x00\x00\x000\x000\x00\x000\x00\x00\x00\x00\x00\x000\x00\x00\x00\x00\x000\x00\x00\x00\x00\x00\x00\x00\x00\x00\x00\x000\x00\x00\x000\x000\x00\x00\x000\x00\x000\x000\x000\x000\x00\x001.7976931348623157e+308\x001.7976931348623157e+308\x001.7976931348623157e+308\x001.7976931348623157e+308\x001.7976931348623157e+308\x000\x00\x00\x00\x001.7976931348623157e+308\x00\x00\x00\x00\x000\x000\x000\x00\x00'
2026-05-04 20:35:31,956 [INFO] REQUEST placeOrder {'orderId': 2, 'contract': 4608844704: 0,BTC,CRYPTO,,0.0,,,PAXOS,,USD,,,False,,combo:, 'order': 4608845184: 0,0,0: STP BUY 1@179769313486231570814527423731704356798070567525844996598917476803157260780028538760589558632766878171540458953514382464234321326889464182768467546703537516986049910576551282076245490090389328944075868508455133942304583236903222948165808559332123348274797826204144723168738177180919299881250404026184124858368.000000 }
2026-05-04 20:35:31,957 [INFO] SENDING placeOrder b'\x00\x00\x01=3\x002\x000\x00BTC\x00CRYPTO\x00\x000.0\x00\x00\x00PAXOS\x00\x00USD\x00\x00\x00\x00\x00BUY\x001\x00STP\x00\x0085850.0\x00\x00\x00\x00\x000\x00\x000\x001\x000\x000\x000\x000\x000\x000\x00\x000\x00\x00\x00\x00\x00\x00\x00\x000\x00\x00-1\x000\x00\x00\x000\x00\x00\x000\x000\x00\x000\x00\x00\x00\x00\x00\x000\x00\x00\x00\x00\x000\x00\x00\x00\x00\x00\x00\x00\x00\x00\x00\x000\x00\x00\x000\x000\x00\x00\x000\x00\x000\x000\x000\x000\x00\x001.7976931348623157e+308\x001.7976931348623157e+308\x001.7976931348623157e+308\x001.7976931348623157e+308\x001.7976931348623157e+308\x000\x00\x00\x00\x001.7976931348623157e+308\x00\x00\x00\x00\x000\x000\x000\x00\x00'
2026-05-04 20:35:32,187 [INFO] REQUEST placeOrder {'orderId': 3, 'contract': 4608844704: 0,BTC,CRYPTO,,0.0,,,PAXOS,,USD,,,False,,combo:, 'order': 4608844560: 0,0,0: LMT BUY 1@80756.580000 }
2026-05-04 20:35:32,187 [INFO] SENDING placeOrder b'\x00\x00\x01>3\x003\x000\x00BTC\x00CRYPTO\x00\x000.0\x00\x00\x00PAXOS\x00\x00USD\x00\x00\x00\x00\x00BUY\x001\x00LMT\x0080756.58\x00\x00\x00\x00\x00\x000\x00\x001\x001\x000\x000\x000\x000\x000\x000\x00\x000\x00\x00\x00\x00\x00\x00\x00\x000\x00\x00-1\x000\x00\x00\x000\x00\x00\x000\x000\x00\x000\x00\x00\x00\x00\x00\x000\x00\x00\x00\x00\x000\x00\x00\x00\x00\x00\x00\x00\x00\x00\x00\x000\x00\x00\x000\x000\x00\x00\x000\x00\x000\x000\x000\x000\x00\x001.7976931348623157e+308\x001.7976931348623157e+308\x001.7976931348623157e+308\x001.7976931348623157e+308\x001.7976931348623157e+308\x000\x00\x00\x00\x001.7976931348623157e+308\x00\x00\x00\x00\x000\x000\x000\x00\x00'
2026-05-04 20:35:34,043 [INFO] disconnecting
2026-05-04 20:35:34,047 [INFO] ANSWER connectionClosed {}
2026-05-04 20:35:34,051 [INFO] Fuera de horario: Fuera de horario NYSE (09:30-15:45 ET) — solo verificando posiciones
2026-05-04 20:35:34,552 [INFO] Trailing stop: BTC PnL -2.96%
2026-05-04 20:35:45,492 [INFO] sent startApi
2026-05-04 20:35:45,494 [INFO] REQUEST startApi {}
2026-05-04 20:35:45,494 [INFO] SENDING startApi b'\x00\x00\x00\t71\x002\x0030\x00\x00'
2026-05-04 20:35:45,494 [INFO] ANSWER connectAck {}
2026-05-04 20:35:45,495 [INFO] ANSWER managedAccounts {'accountsList': 'DUP838882'}
2026-05-04 20:35:46,540 [INFO] REQUEST placeOrder {'orderId': 1, 'contract': 4623575312: 0,BTC,CRYPTO,,0.0,,,PAXOS,,USD,,,False,,combo:, 'order': 4623575648: 0,0,0: LMT BUY 1@80756.580000 }
2026-05-04 20:35:46,540 [INFO] SENDING placeOrder b'\x00\x00\x01>3\x001\x000\x00BTC\x00CRYPTO\x00\x000.0\x00\x00\x00PAXOS\x00\x00USD\x00\x00\x00\x00\x00BUY\x001\x00LMT\x0080756.58\x00\x00\x00\x00\x00\x000\x00\x001\x000\x000\x000\x000\x000\x000\x000\x00\x000\x00\x00\x00\x00\x00\x00\x00\x000\x00\x00-1\x000\x00\x00\x000\x00\x00\x000\x000\x00\x000\x00\x00\x00\x00\x00\x000\x00\x00\x00\x00\x000\x00\x00\x00\x00\x00\x00\x00\x00\x00\x00\x000\x00\x00\x000\x000\x00\x00\x000\x00\x000\x000\x000\x000\x00\x001.7976931348623157e+308\x001.7976931348623157e+308\x001.7976931348623157e+308\x001.7976931348623157e+308\x001.7976931348623157e+308\x000\x00\x00\x00\x001.7976931348623157e+308\x00\x00\x00\x00\x000\x000\x000\x00\x00'
2026-05-04 20:35:49,599 [INFO] disconnecting
2026-05-04 20:35:49,600 [INFO] disconnecting
2026-05-04 20:35:49,600 [INFO] ANSWER connectionClosed {}
2026-05-04 20:35:49,600 [INFO] ANSWER connectionClosed {}
2026-05-04 20:35:51,049 [INFO] sent startApi
2026-05-04 20:35:51,049 [INFO] REQUEST startApi {}
2026-05-04 20:35:51,049 [INFO] SENDING startApi b'\x00\x00\x00\t71\x002\x0030\x00\x00'
2026-05-04 20:35:51,050 [INFO] ANSWER connectAck {}
2026-05-04 20:35:51,051 [INFO] ANSWER managedAccounts {'accountsList': 'DUP838882'}
2026-05-04 20:35:52,114 [INFO] REQUEST placeOrder {'orderId': 1, 'contract': 4626003856: 0,BTC,CRYPTO,,0.0,,,PAXOS,,USD,,,False,,combo:, 'order': 4626002896: 0,0,0: LMT BUY 1@80756.580000 }
2026-05-04 20:35:52,115 [INFO] SENDING placeOrder b'\x00\x00\x01>3\x001\x000\x00BTC\x00CRYPTO\x00\x000.0\x00\x00\x00PAXOS\x00\x00USD\x00\x00\x00\x00\x00BUY\x001\x00LMT\x0080756.58\x00\x00\x00\x00\x00\x000\x00\x001\x000\x000\x000\x000\x000\x000\x000\x00\x000\x00\x00\x00\x00\x00\x00\x00\x000\x00\x00-1\x000\x00\x00\x000\x00\x00\x000\x000\x00\x000\x00\x00\x00\x00\x00\x000\x00\x00\x00\x00\x000\x00\x00\x00\x00\x00\x00\x00\x00\x00\x00\x000\x00\x00\x000\x000\x00\x00\x000\x00\x000\x000\x000\x000\x00\x001.7976931348623157e+308\x001.7976931348623157e+308\x001.7976931348623157e+308\x001.7976931348623157e+308\x001.7976931348623157e+308\x000\x00\x00\x00\x001.7976931348623157e+308\x00\x00\x00\x00\x000\x000\x000\x00\x00'
2026-05-04 20:35:55,169 [INFO] disconnecting
2026-05-04 20:35:55,169 [INFO] ANSWER connectionClosed {}
2026-05-04 20:35:56,229 [INFO] Cierre: BTC TRAILING STOP PnL -2.97%
2026-05-04 20:35:56,234 [INFO] Cierre: BTC TAKE PROFIT PnL -0.03%
2026-05-04 20:44:19,003 [INFO] === CICLO AUTOMÁTICO INICIADO ===
2026-05-04 20:44:26,621 [ERROR] $CFR.SN: possibly delisted; no price data found  (period=3mo)
2026-05-04 20:44:27,833 [ERROR] $ENDESA.SN: possibly delisted; no price data found  (period=3mo)
2026-05-04 20:44:31,686 [ERROR] $BANMEDICA.SN: possibly delisted; no price data found  (period=3mo) (Yahoo error = "No data found, symbol may be delisted")
2026-05-04 20:44:45,453 [INFO] sent startApi
2026-05-04 20:44:45,472 [INFO] REQUEST startApi {}
2026-05-04 20:44:45,472 [INFO] SENDING startApi b'\x00\x00\x00\t71\x002\x0010\x00\x00'
2026-05-04 20:44:45,472 [INFO] ANSWER connectAck {}
2026-05-04 20:44:45,476 [INFO] ANSWER managedAccounts {'accountsList': 'DUP838882'}
2026-05-04 20:44:46,529 [INFO] REQUEST placeOrder {'orderId': 2, 'contract': 4619559120: 0,BTC,CRYPTO,,0.0,,,PAXOS,,USD,,,False,,combo:, 'order': 4619560416: 0,0,0: MKT SELL 1@179769313486231570814527423731704356798070567525844996598917476803157260780028538760589558632766878171540458953514382464234321326889464182768467546703537516986049910576551282076245490090389328944075868508455133942304583236903222948165808559332123348274797826204144723168738177180919299881250404026184124858368.000000 }
2026-05-04 20:44:46,530 [INFO] SENDING placeOrder b'\x00\x00\x0173\x002\x000\x00BTC\x00CRYPTO\x00\x000.0\x00\x00\x00PAXOS\x00\x00USD\x00\x00\x00\x00\x00SELL\x001\x00MKT\x00\x00\x00\x00\x00\x00\x000\x00\x000\x000\x000\x000\x000\x000\x000\x000\x00\x000\x00\x00\x00\x00\x00\x00\x00\x000\x00\x00-1\x000\x00\x00\x000\x00\x00\x000\x000\x00\x000\x00\x00\x00\x00\x00\x000\x00\x00\x00\x00\x000\x00\x00\x00\x00\x00\x00\x00\x00\x00\x00\x000\x00\x00\x000\x000\x00\x00\x000\x00\x000\x000\x000\x000\x00\x001.7976931348623157e+308\x001.7976931348623157e+308\x001.7976931348623157e+308\x001.7976931348623157e+308\x001.7976931348623157e+308\x000\x00\x00\x00\x001.7976931348623157e+308\x00\x00\x00\x00\x000\x000\x000\x00\x00'
2026-05-04 20:44:46,790 [INFO] REQUEST placeOrder {'orderId': 3, 'contract': 4619559120: 0,BTC,CRYPTO,,0.0,,,PAXOS,,USD,,,False,,combo:, 'order': 4619559072: 0,0,0: STP BUY 1@179769313486231570814527423731704356798070567525844996598917476803157260780028538760589558632766878171540458953514382464234321326889464182768467546703537516986049910576551282076245490090389328944075868508455133942304583236903222948165808559332123348274797826204144723168738177180919299881250404026184124858368.000000 }
2026-05-04 20:44:46,790 [INFO] SENDING placeOrder b'\x00\x00\x01=3\x003\x000\x00BTC\x00CRYPTO\x00\x000.0\x00\x00\x00PAXOS\x00\x00USD\x00\x00\x00\x00\x00BUY\x001\x00STP\x00\x0085850.0\x00\x00\x00\x00\x000\x00\x000\x002\x000\x000\x000\x000\x000\x000\x00\x000\x00\x00\x00\x00\x00\x00\x00\x000\x00\x00-1\x000\x00\x00\x000\x00\x00\x000\x000\x00\x000\x00\x00\x00\x00\x00\x000\x00\x00\x00\x00\x000\x00\x00\x00\x00\x00\x00\x00\x00\x00\x00\x000\x00\x00\x000\x000\x00\x00\x000\x00\x000\x000\x000\x000\x00\x001.7976931348623157e+308\x001.7976931348623157e+308\x001.7976931348623157e+308\x001.7976931348623157e+308\x001.7976931348623157e+308\x000\x00\x00\x00\x001.7976931348623157e+308\x00\x00\x00\x00\x000\x000\x000\x00\x00'
2026-05-04 20:44:47,059 [INFO] REQUEST placeOrder {'orderId': 4, 'contract': 4619559120: 0,BTC,CRYPTO,,0.0,,,PAXOS,,USD,,,False,,combo:, 'order': 4619562912: 0,0,0: LMT BUY 1@77277.510000 }
2026-05-04 20:44:47,059 [INFO] SENDING placeOrder b'\x00\x00\x01>3\x004\x000\x00BTC\x00CRYPTO\x00\x000.0\x00\x00\x00PAXOS\x00\x00USD\x00\x00\x00\x00\x00BUY\x001\x00LMT\x0077277.51\x00\x00\x00\x00\x00\x000\x00\x001\x002\x000\x000\x000\x000\x000\x000\x00\x000\x00\x00\x00\x00\x00\x00\x00\x000\x00\x00-1\x000\x00\x00\x000\x00\x00\x000\x000\x00\x000\x00\x00\x00\x00\x00\x000\x00\x00\x00\x00\x000\x00\x00\x00\x00\x00\x00\x00\x00\x00\x00\x000\x00\x00\x000\x000\x00\x00\x000\x00\x000\x000\x000\x000\x00\x001.7976931348623157e+308\x001.7976931348623157e+308\x001.7976931348623157e+308\x001.7976931348623157e+308\x001.7976931348623157e+308\x000\x00\x00\x00\x001.7976931348623157e+308\x00\x00\x00\x00\x000\x000\x000\x00\x00'
2026-05-04 20:44:48,943 [INFO] disconnecting
2026-05-04 20:44:48,944 [INFO] ANSWER connectionClosed {}
2026-05-04 20:44:48,944 [INFO] Fuera de horario: Fuera de horario NYSE (09:30-15:45 ET) — solo verificando posiciones
2026-05-04 20:44:49,257 [INFO] Trailing stop: BTC PnL -2.91%
2026-05-04 20:44:55,298 [INFO] sent startApi
2026-05-04 20:44:55,298 [INFO] REQUEST startApi {}
2026-05-04 20:44:55,298 [INFO] SENDING startApi b'\x00\x00\x00\t71\x002\x0030\x00\x00'
2026-05-04 20:44:55,298 [INFO] ANSWER connectAck {}
2026-05-04 20:44:55,317 [INFO] ANSWER managedAccounts {'accountsList': 'DUP838882'}
2026-05-04 20:44:56,370 [INFO] REQUEST placeOrder {'orderId': 1, 'contract': 4619890800: 0,BTC,CRYPTO,,0.0,,,PAXOS,,USD,,,False,,combo:, 'order': 4619891952: 0,0,0: LMT BUY 1@77277.510000 }
2026-05-04 20:44:56,372 [INFO] SENDING placeOrder b'\x00\x00\x01>3\x001\x000\x00BTC\x00CRYPTO\x00\x000.0\x00\x00\x00PAXOS\x00\x00USD\x00\x00\x00\x00\x00BUY\x001\x00LMT\x0077277.51\x00\x00\x00\x00\x00\x000\x00\x001\x000\x000\x000\x000\x000\x000\x000\x00\x000\x00\x00\x00\x00\x00\x00\x00\x000\x00\x00-1\x000\x00\x00\x000\x00\x00\x000\x000\x00\x000\x00\x00\x00\x00\x00\x000\x00\x00\x00\x00\x000\x00\x00\x00\x00\x00\x00\x00\x00\x00\x00\x000\x00\x00\x000\x000\x00\x00\x000\x00\x000\x000\x000\x000\x00\x001.7976931348623157e+308\x001.7976931348623157e+308\x001.7976931348623157e+308\x001.7976931348623157e+308\x001.7976931348623157e+308\x000\x00\x00\x00\x001.7976931348623157e+308\x00\x00\x00\x00\x000\x000\x000\x00\x00'
2026-05-04 20:44:59,374 [INFO] disconnecting
2026-05-04 20:44:59,375 [INFO] ANSWER connectionClosed {}
2026-05-04 20:45:00,827 [INFO] Cierre: BTC TRAILING STOP PnL -2.91%
2026-05-04 20:45:01,414 [INFO] === CICLO AUTOMÁTICO INICIADO ===
2026-05-04 20:45:07,178 [ERROR] $CFR.SN: possibly delisted; no price data found  (period=3mo)
2026-05-04 20:45:07,641 [ERROR] $ENDESA.SN: possibly delisted; no price data found  (period=3mo)
2026-05-04 20:45:11,853 [ERROR] $BANMEDICA.SN: possibly delisted; no price data found  (period=3mo) (Yahoo error = "No data found, symbol may be delisted")
2026-05-04 20:45:29,796 [INFO] sent startApi
2026-05-04 20:45:29,797 [INFO] REQUEST startApi {}
2026-05-04 20:45:29,797 [INFO] SENDING startApi b'\x00\x00\x00\t71\x002\x0010\x00\x00'
2026-05-04 20:45:29,797 [INFO] ANSWER connectAck {}
2026-05-04 20:45:29,820 [INFO] ANSWER managedAccounts {'accountsList': 'DUP838882'}
2026-05-04 20:45:30,827 [INFO] REQUEST placeOrder {'orderId': 3, 'contract': 4503988160: 0,BTC,CRYPTO,,0.0,,,PAXOS,,USD,,,False,,combo:, 'order': 4503987824: 0,0,0: MKT SELL 1@179769313486231570814527423731704356798070567525844996598917476803157260780028538760589558632766878171540458953514382464234321326889464182768467546703537516986049910576551282076245490090389328944075868508455133942304583236903222948165808559332123348274797826204144723168738177180919299881250404026184124858368.000000 }
2026-05-04 20:45:30,827 [INFO] SENDING placeOrder b'\x00\x00\x0173\x003\x000\x00BTC\x00CRYPTO\x00\x000.0\x00\x00\x00PAXOS\x00\x00USD\x00\x00\x00\x00\x00SELL\x001\x00MKT\x00\x00\x00\x00\x00\x00\x000\x00\x000\x000\x000\x000\x000\x000\x000\x000\x00\x000\x00\x00\x00\x00\x00\x00\x00\x000\x00\x00-1\x000\x00\x00\x000\x00\x00\x000\x000\x00\x000\x00\x00\x00\x00\x00\x000\x00\x00\x00\x00\x000\x00\x00\x00\x00\x00\x00\x00\x00\x00\x00\x000\x00\x00\x000\x000\x00\x00\x000\x00\x000\x000\x000\x000\x00\x001.7976931348623157e+308\x001.7976931348623157e+308\x001.7976931348623157e+308\x001.7976931348623157e+308\x001.7976931348623157e+308\x000\x00\x00\x00\x001.7976931348623157e+308\x00\x00\x00\x00\x000\x000\x000\x00\x00'
2026-05-04 20:45:31,046 [INFO] REQUEST placeOrder {'orderId': 4, 'contract': 4503988160: 0,BTC,CRYPTO,,0.0,,,PAXOS,,USD,,,False,,combo:, 'order': 4503988304: 0,0,0: STP BUY 1@179769313486231570814527423731704356798070567525844996598917476803157260780028538760589558632766878171540458953514382464234321326889464182768467546703537516986049910576551282076245490090389328944075868508455133942304583236903222948165808559332123348274797826204144723168738177180919299881250404026184124858368.000000 }
2026-05-04 20:45:31,047 [INFO] SENDING placeOrder b'\x00\x00\x01=3\x004\x000\x00BTC\x00CRYPTO\x00\x000.0\x00\x00\x00PAXOS\x00\x00USD\x00\x00\x00\x00\x00BUY\x001\x00STP\x00\x0085850.0\x00\x00\x00\x00\x000\x00\x000\x003\x000\x000\x000\x000\x000\x000\x00\x000\x00\x00\x00\x00\x00\x00\x00\x000\x00\x00-1\x000\x00\x00\x000\x00\x00\x000\x000\x00\x000\x00\x00\x00\x00\x00\x000\x00\x00\x00\x00\x000\x00\x00\x00\x00\x00\x00\x00\x00\x00\x00\x000\x00\x00\x000\x000\x00\x00\x000\x00\x000\x000\x000\x000\x00\x001.7976931348623157e+308\x001.7976931348623157e+308\x001.7976931348623157e+308\x001.7976931348623157e+308\x001.7976931348623157e+308\x000\x00\x00\x00\x001.7976931348623157e+308\x00\x00\x00\x00\x000\x000\x000\x00\x00'
2026-05-04 20:45:31,254 [INFO] REQUEST placeOrder {'orderId': 5, 'contract': 4503988160: 0,BTC,CRYPTO,,0.0,,,PAXOS,,USD,,,False,,combo:, 'order': 4503818096: 0,0,0: LMT BUY 1@77277.510000 }
2026-05-04 20:45:31,255 [INFO] SENDING placeOrder b'\x00\x00\x01>3\x005\x000\x00BTC\x00CRYPTO\x00\x000.0\x00\x00\x00PAXOS\x00\x00USD\x00\x00\x00\x00\x00BUY\x001\x00LMT\x0077277.51\x00\x00\x00\x00\x00\x000\x00\x001\x003\x000\x000\x000\x000\x000\x000\x00\x000\x00\x00\x00\x00\x00\x00\x00\x000\x00\x00-1\x000\x00\x00\x000\x00\x00\x000\x000\x00\x000\x00\x00\x00\x00\x00\x000\x00\x00\x00\x00\x000\x00\x00\x00\x00\x00\x00\x00\x00\x00\x00\x000\x00\x00\x000\x000\x00\x00\x000\x00\x000\x000\x000\x000\x00\x001.7976931348623157e+308\x001.7976931348623157e+308\x001.7976931348623157e+308\x001.7976931348623157e+308\x001.7976931348623157e+308\x000\x00\x00\x00\x001.7976931348623157e+308\x00\x00\x00\x00\x000\x000\x000\x00\x00'
2026-05-04 20:45:33,127 [INFO] disconnecting
2026-05-04 20:45:33,129 [INFO] ANSWER connectionClosed {}
2026-05-04 20:45:33,129 [INFO] Fuera de horario: Fuera de horario NYSE (09:30-15:45 ET) — solo verificando posiciones
2026-05-04 20:45:33,510 [INFO] Trailing stop: BTC PnL -2.93%
2026-05-04 20:45:44,881 [INFO] sent startApi
2026-05-04 20:45:44,881 [INFO] REQUEST startApi {}
2026-05-04 20:45:44,881 [INFO] SENDING startApi b'\x00\x00\x00\t71\x002\x0030\x00\x00'
2026-05-04 20:45:44,881 [INFO] ANSWER connectAck {}
2026-05-04 20:45:44,884 [INFO] ANSWER managedAccounts {'accountsList': 'DUP838882'}
2026-05-04 20:45:45,884 [INFO] REQUEST placeOrder {'orderId': 1, 'contract': 4516704368: 0,BTC,CRYPTO,,0.0,,,PAXOS,,USD,,,False,,combo:, 'order': 4516705856: 0,0,0: LMT BUY 1@77277.510000 }
2026-05-04 20:45:45,885 [INFO] SENDING placeOrder b'\x00\x00\x01>3\x001\x000\x00BTC\x00CRYPTO\x00\x000.0\x00\x00\x00PAXOS\x00\x00USD\x00\x00\x00\x00\x00BUY\x001\x00LMT\x0077277.51\x00\x00\x00\x00\x00\x000\x00\x001\x000\x000\x000\x000\x000\x000\x000\x00\x000\x00\x00\x00\x00\x00\x00\x00\x000\x00\x00-1\x000\x00\x00\x000\x00\x00\x000\x000\x00\x000\x00\x00\x00\x00\x00\x000\x00\x00\x00\x00\x000\x00\x00\x00\x00\x00\x00\x00\x00\x00\x00\x000\x00\x00\x000\x000\x00\x00\x000\x00\x000\x000\x000\x000\x00\x001.7976931348623157e+308\x001.7976931348623157e+308\x001.7976931348623157e+308\x001.7976931348623157e+308\x001.7976931348623157e+308\x000\x00\x00\x00\x001.7976931348623157e+308\x00\x00\x00\x00\x000\x000\x000\x00\x00'
2026-05-04 20:45:48,949 [INFO] disconnecting
2026-05-04 20:45:48,950 [INFO] ANSWER connectionClosed {}
2026-05-04 20:45:50,261 [INFO] Cierre: BTC TRAILING STOP PnL -2.93%
2026-05-04 20:50:01,004 [INFO] === CICLO AUTOMÁTICO INICIADO ===
2026-05-04 20:50:10,996 [ERROR] $CFR.SN: possibly delisted; no price data found  (period=3mo)
2026-05-04 20:50:11,088 [ERROR] $ENDESA.SN: possibly delisted; no price data found  (period=3mo)
2026-05-04 20:50:15,195 [ERROR] $BANMEDICA.SN: possibly delisted; no price data found  (period=3mo) (Yahoo error = "No data found, symbol may be delisted")
2026-05-04 20:50:30,926 [INFO] sent startApi
2026-05-04 20:50:30,927 [INFO] REQUEST startApi {}
2026-05-04 20:50:30,927 [INFO] SENDING startApi b'\x00\x00\x00\t71\x002\x0010\x00\x00'
2026-05-04 20:50:30,927 [INFO] ANSWER connectAck {}
2026-05-04 20:50:30,930 [INFO] ANSWER managedAccounts {'accountsList': 'DUP838882'}
2026-05-04 20:50:31,987 [INFO] REQUEST placeOrder {'orderId': 4, 'contract': 4525756128: 0,BTC,CRYPTO,,0.0,,,PAXOS,,USD,,,False,,combo:, 'order': 4525753152: 0,0,0: MKT SELL 1@179769313486231570814527423731704356798070567525844996598917476803157260780028538760589558632766878171540458953514382464234321326889464182768467546703537516986049910576551282076245490090389328944075868508455133942304583236903222948165808559332123348274797826204144723168738177180919299881250404026184124858368.000000 }
2026-05-04 20:50:31,988 [INFO] SENDING placeOrder b'\x00\x00\x0173\x004\x000\x00BTC\x00CRYPTO\x00\x000.0\x00\x00\x00PAXOS\x00\x00USD\x00\x00\x00\x00\x00SELL\x001\x00MKT\x00\x00\x00\x00\x00\x00\x000\x00\x000\x000\x000\x000\x000\x000\x000\x000\x00\x000\x00\x00\x00\x00\x00\x00\x00\x000\x00\x00-1\x000\x00\x00\x000\x00\x00\x000\x000\x00\x000\x00\x00\x00\x00\x00\x000\x00\x00\x00\x00\x000\x00\x00\x00\x00\x00\x00\x00\x00\x00\x00\x000\x00\x00\x000\x000\x00\x00\x000\x00\x000\x000\x000\x000\x00\x001.7976931348623157e+308\x001.7976931348623157e+308\x001.7976931348623157e+308\x001.7976931348623157e+308\x001.7976931348623157e+308\x000\x00\x00\x00\x001.7976931348623157e+308\x00\x00\x00\x00\x000\x000\x000\x00\x00'
2026-05-04 20:50:32,252 [INFO] REQUEST placeOrder {'orderId': 5, 'contract': 4525756128: 0,BTC,CRYPTO,,0.0,,,PAXOS,,USD,,,False,,combo:, 'order': 4525752624: 0,0,0: STP BUY 1@179769313486231570814527423731704356798070567525844996598917476803157260780028538760589558632766878171540458953514382464234321326889464182768467546703537516986049910576551282076245490090389328944075868508455133942304583236903222948165808559332123348274797826204144723168738177180919299881250404026184124858368.000000 }
2026-05-04 20:50:32,252 [INFO] SENDING placeOrder b'\x00\x00\x01=3\x005\x000\x00BTC\x00CRYPTO\x00\x000.0\x00\x00\x00PAXOS\x00\x00USD\x00\x00\x00\x00\x00BUY\x001\x00STP\x00\x0085850.0\x00\x00\x00\x00\x000\x00\x000\x004\x000\x000\x000\x000\x000\x000\x00\x000\x00\x00\x00\x00\x00\x00\x00\x000\x00\x00-1\x000\x00\x00\x000\x00\x00\x000\x000\x00\x000\x00\x00\x00\x00\x00\x000\x00\x00\x00\x00\x000\x00\x00\x00\x00\x00\x00\x00\x00\x00\x00\x000\x00\x00\x000\x000\x00\x00\x000\x00\x000\x000\x000\x000\x00\x001.7976931348623157e+308\x001.7976931348623157e+308\x001.7976931348623157e+308\x001.7976931348623157e+308\x001.7976931348623157e+308\x000\x00\x00\x00\x001.7976931348623157e+308\x00\x00\x00\x00\x000\x000\x000\x00\x00'
2026-05-04 20:50:32,479 [INFO] REQUEST placeOrder {'orderId': 6, 'contract': 4525756128: 0,BTC,CRYPTO,,0.0,,,PAXOS,,USD,,,False,,combo:, 'order': 4525753776: 0,0,0: LMT BUY 1@80800.000000 }
2026-05-04 20:50:32,480 [INFO] SENDING placeOrder b'\x00\x00\x01=3\x006\x000\x00BTC\x00CRYPTO\x00\x000.0\x00\x00\x00PAXOS\x00\x00USD\x00\x00\x00\x00\x00BUY\x001\x00LMT\x0080800.0\x00\x00\x00\x00\x00\x000\x00\x001\x004\x000\x000\x000\x000\x000\x000\x00\x000\x00\x00\x00\x00\x00\x00\x00\x000\x00\x00-1\x000\x00\x00\x000\x00\x00\x000\x000\x00\x000\x00\x00\x00\x00\x00\x000\x00\x00\x00\x00\x000\x00\x00\x00\x00\x00\x00\x00\x00\x00\x00\x000\x00\x00\x000\x000\x00\x00\x000\x00\x000\x000\x000\x000\x00\x001.7976931348623157e+308\x001.7976931348623157e+308\x001.7976931348623157e+308\x001.7976931348623157e+308\x001.7976931348623157e+308\x000\x00\x00\x00\x001.7976931348623157e+308\x00\x00\x00\x00\x000\x000\x000\x00\x00'
2026-05-04 20:50:34,371 [INFO] disconnecting
2026-05-04 20:50:34,373 [INFO] ANSWER connectionClosed {}
2026-05-04 20:50:34,374 [INFO] Fuera de horario: Fuera de horario NYSE (09:30-15:45 ET) — solo verificando posiciones
2026-05-04 20:50:34,732 [INFO] Trailing stop: BTC PnL -2.98%
2026-05-04 20:50:44,347 [INFO] sent startApi
2026-05-04 20:50:44,348 [INFO] REQUEST startApi {}
2026-05-04 20:50:44,348 [INFO] SENDING startApi b'\x00\x00\x00\t71\x002\x0030\x00\x00'
2026-05-04 20:50:44,348 [INFO] ANSWER connectAck {}
2026-05-04 20:50:44,350 [INFO] ANSWER managedAccounts {'accountsList': 'DUP838882'}
2026-05-04 20:50:45,352 [INFO] REQUEST placeOrder {'orderId': 1, 'contract': 4525753008: 0,BTC,CRYPTO,,0.0,,,PAXOS,,USD,,,False,,combo:, 'order': 4525754544: 0,0,0: LMT BUY 1@80800.000000 }
2026-05-04 20:50:45,353 [INFO] SENDING placeOrder b'\x00\x00\x01=3\x001\x000\x00BTC\x00CRYPTO\x00\x000.0\x00\x00\x00PAXOS\x00\x00USD\x00\x00\x00\x00\x00BUY\x001\x00LMT\x0080800.0\x00\x00\x00\x00\x00\x000\x00\x001\x000\x000\x000\x000\x000\x000\x000\x00\x000\x00\x00\x00\x00\x00\x00\x00\x000\x00\x00-1\x000\x00\x00\x000\x00\x00\x000\x000\x00\x000\x00\x00\x00\x00\x00\x000\x00\x00\x00\x00\x000\x00\x00\x00\x00\x00\x00\x00\x00\x00\x00\x000\x00\x00\x000\x000\x00\x00\x000\x00\x000\x000\x000\x000\x00\x001.7976931348623157e+308\x001.7976931348623157e+308\x001.7976931348623157e+308\x001.7976931348623157e+308\x001.7976931348623157e+308\x000\x00\x00\x00\x001.7976931348623157e+308\x00\x00\x00\x00\x000\x000\x000\x00\x00'
2026-05-04 20:50:48,369 [INFO] disconnecting
2026-05-04 20:50:48,370 [INFO] ANSWER connectionClosed {}
2026-05-04 20:50:49,882 [INFO] sent startApi
2026-05-04 20:50:49,882 [INFO] REQUEST startApi {}
2026-05-04 20:50:49,882 [INFO] SENDING startApi b'\x00\x00\x00\t71\x002\x0030\x00\x00'
2026-05-04 20:50:49,882 [INFO] ANSWER connectAck {}
2026-05-04 20:50:49,884 [INFO] ANSWER managedAccounts {'accountsList': 'DUP838882'}
2026-05-04 20:50:50,932 [INFO] REQUEST placeOrder {'orderId': 1, 'contract': 4537557824: 0,BTC,CRYPTO,,0.0,,,PAXOS,,USD,,,False,,combo:, 'order': 4537558304: 0,0,0: LMT BUY 1@80800.000000 }
2026-05-04 20:50:50,933 [INFO] SENDING placeOrder b'\x00\x00\x01=3\x001\x000\x00BTC\x00CRYPTO\x00\x000.0\x00\x00\x00PAXOS\x00\x00USD\x00\x00\x00\x00\x00BUY\x001\x00LMT\x0080800.0\x00\x00\x00\x00\x00\x000\x00\x001\x000\x000\x000\x000\x000\x000\x000\x00\x000\x00\x00\x00\x00\x00\x00\x00\x000\x00\x00-1\x000\x00\x00\x000\x00\x00\x000\x000\x00\x000\x00\x00\x00\x00\x00\x000\x00\x00\x00\x00\x000\x00\x00\x00\x00\x00\x00\x00\x00\x00\x00\x000\x00\x00\x000\x000\x00\x00\x000\x00\x000\x000\x000\x000\x00\x001.7976931348623157e+308\x001.7976931348623157e+308\x001.7976931348623157e+308\x001.7976931348623157e+308\x001.7976931348623157e+308\x000\x00\x00\x00\x001.7976931348623157e+308\x00\x00\x00\x00\x000\x000\x000\x00\x00'
2026-05-04 20:50:53,940 [INFO] disconnecting
2026-05-04 20:50:53,940 [INFO] disconnecting
2026-05-04 20:50:53,940 [INFO] ANSWER connectionClosed {}
2026-05-04 20:50:53,941 [INFO] ANSWER connectionClosed {}
2026-05-04 20:50:56,259 [INFO] Cierre: BTC TRAILING STOP PnL -2.98%
2026-05-04 20:50:56,260 [INFO] Cierre: BTC TAKE PROFIT PnL -0.00%
2026-05-04 20:55:01,061 [INFO] === CICLO AUTOMÁTICO INICIADO ===
2026-05-04 20:55:06,058 [ERROR] $CFR.SN: possibly delisted; no price data found  (period=3mo)
2026-05-04 20:55:06,330 [ERROR] $ENDESA.SN: possibly delisted; no price data found  (period=3mo)
2026-05-04 20:55:09,332 [ERROR] $BANMEDICA.SN: possibly delisted; no price data found  (period=3mo) (Yahoo error = "No data found, symbol may be delisted")
2026-05-04 20:55:29,364 [INFO] sent startApi
2026-05-04 20:55:29,368 [INFO] REQUEST startApi {}
2026-05-04 20:55:29,368 [INFO] SENDING startApi b'\x00\x00\x00\t71\x002\x0010\x00\x00'
2026-05-04 20:55:29,368 [INFO] ANSWER connectAck {}
2026-05-04 20:55:29,423 [INFO] ANSWER managedAccounts {'accountsList': 'DUP838882'}
2026-05-04 20:55:30,504 [INFO] REQUEST placeOrder {'orderId': 5, 'contract': 4483380224: 0,BTC,CRYPTO,,0.0,,,PAXOS,,USD,,,False,,combo:, 'order': 4483382000: 0,0,0: MKT SELL 1@179769313486231570814527423731704356798070567525844996598917476803157260780028538760589558632766878171540458953514382464234321326889464182768467546703537516986049910576551282076245490090389328944075868508455133942304583236903222948165808559332123348274797826204144723168738177180919299881250404026184124858368.000000 }
2026-05-04 20:55:30,505 [INFO] SENDING placeOrder b'\x00\x00\x0173\x005\x000\x00BTC\x00CRYPTO\x00\x000.0\x00\x00\x00PAXOS\x00\x00USD\x00\x00\x00\x00\x00SELL\x001\x00MKT\x00\x00\x00\x00\x00\x00\x000\x00\x000\x000\x000\x000\x000\x000\x000\x000\x00\x000\x00\x00\x00\x00\x00\x00\x00\x000\x00\x00-1\x000\x00\x00\x000\x00\x00\x000\x000\x00\x000\x00\x00\x00\x00\x00\x000\x00\x00\x00\x00\x000\x00\x00\x00\x00\x00\x00\x00\x00\x00\x00\x000\x00\x00\x000\x000\x00\x00\x000\x00\x000\x000\x000\x000\x00\x001.7976931348623157e+308\x001.7976931348623157e+308\x001.7976931348623157e+308\x001.7976931348623157e+308\x001.7976931348623157e+308\x000\x00\x00\x00\x001.7976931348623157e+308\x00\x00\x00\x00\x000\x000\x000\x00\x00'
2026-05-04 20:55:30,732 [INFO] REQUEST placeOrder {'orderId': 6, 'contract': 4483380224: 0,BTC,CRYPTO,,0.0,,,PAXOS,,USD,,,False,,combo:, 'order': 4483380464: 0,0,0: STP BUY 1@179769313486231570814527423731704356798070567525844996598917476803157260780028538760589558632766878171540458953514382464234321326889464182768467546703537516986049910576551282076245490090389328944075868508455133942304583236903222948165808559332123348274797826204144723168738177180919299881250404026184124858368.000000 }
2026-05-04 20:55:30,732 [INFO] SENDING placeOrder b'\x00\x00\x01=3\x006\x000\x00BTC\x00CRYPTO\x00\x000.0\x00\x00\x00PAXOS\x00\x00USD\x00\x00\x00\x00\x00BUY\x001\x00STP\x00\x0085850.0\x00\x00\x00\x00\x000\x00\x000\x005\x000\x000\x000\x000\x000\x000\x00\x000\x00\x00\x00\x00\x00\x00\x00\x000\x00\x00-1\x000\x00\x00\x000\x00\x00\x000\x000\x00\x000\x00\x00\x00\x00\x00\x000\x00\x00\x00\x00\x000\x00\x00\x00\x00\x00\x00\x00\x00\x00\x00\x000\x00\x00\x000\x000\x00\x00\x000\x00\x000\x000\x000\x000\x00\x001.7976931348623157e+308\x001.7976931348623157e+308\x001.7976931348623157e+308\x001.7976931348623157e+308\x001.7976931348623157e+308\x000\x00\x00\x00\x001.7976931348623157e+308\x00\x00\x00\x00\x000\x000\x000\x00\x00'
2026-05-04 20:55:30,968 [INFO] REQUEST placeOrder {'orderId': 7, 'contract': 4483380224: 0,BTC,CRYPTO,,0.0,,,PAXOS,,USD,,,False,,combo:, 'order': 4483382192: 0,0,0: LMT BUY 1@80800.000000 }
2026-05-04 20:55:30,974 [INFO] SENDING placeOrder b'\x00\x00\x01=3\x007\x000\x00BTC\x00CRYPTO\x00\x000.0\x00\x00\x00PAXOS\x00\x00USD\x00\x00\x00\x00\x00BUY\x001\x00LMT\x0080800.0\x00\x00\x00\x00\x00\x000\x00\x001\x005\x000\x000\x000\x000\x000\x000\x00\x000\x00\x00\x00\x00\x00\x00\x00\x000\x00\x00-1\x000\x00\x00\x000\x00\x00\x000\x000\x00\x000\x00\x00\x00\x00\x00\x000\x00\x00\x00\x00\x000\x00\x00\x00\x00\x00\x00\x00\x00\x00\x00\x000\x00\x00\x000\x000\x00\x00\x000\x00\x000\x000\x000\x000\x00\x001.7976931348623157e+308\x001.7976931348623157e+308\x001.7976931348623157e+308\x001.7976931348623157e+308\x001.7976931348623157e+308\x000\x00\x00\x00\x001.7976931348623157e+308\x00\x00\x00\x00\x000\x000\x000\x00\x00'
2026-05-04 20:55:32,831 [INFO] disconnecting
2026-05-04 20:55:32,831 [INFO] ANSWER connectionClosed {}
2026-05-04 20:55:32,832 [INFO] Fuera de horario: Fuera de horario NYSE (09:30-15:45 ET) — solo verificando posiciones
2026-05-04 20:55:33,191 [INFO] Trailing stop: BTC PnL -3.03%
2026-05-04 20:55:44,126 [INFO] sent startApi
2026-05-04 20:55:44,126 [INFO] REQUEST startApi {}
2026-05-04 20:55:44,126 [INFO] SENDING startApi b'\x00\x00\x00\t71\x002\x0030\x00\x00'
2026-05-04 20:55:44,126 [INFO] ANSWER connectAck {}
2026-05-04 20:55:44,136 [INFO] ANSWER managedAccounts {'accountsList': 'DUP838882'}
2026-05-04 20:55:45,210 [INFO] REQUEST placeOrder {'orderId': 1, 'contract': 4479132816: 0,BTC,CRYPTO,,0.0,,,PAXOS,,USD,,,False,,combo:, 'order': 4483381712: 0,0,0: LMT BUY 1@80800.000000 }
2026-05-04 20:55:45,211 [INFO] SENDING placeOrder b'\x00\x00\x01=3\x001\x000\x00BTC\x00CRYPTO\x00\x000.0\x00\x00\x00PAXOS\x00\x00USD\x00\x00\x00\x00\x00BUY\x001\x00LMT\x0080800.0\x00\x00\x00\x00\x00\x000\x00\x001\x000\x000\x000\x000\x000\x000\x000\x00\x000\x00\x00\x00\x00\x00\x00\x00\x000\x00\x00-1\x000\x00\x00\x000\x00\x00\x000\x000\x00\x000\x00\x00\x00\x00\x00\x000\x00\x00\x00\x00\x000\x00\x00\x00\x00\x00\x00\x00\x00\x00\x00\x000\x00\x00\x000\x000\x00\x00\x000\x00\x000\x000\x000\x000\x00\x001.7976931348623157e+308\x001.7976931348623157e+308\x001.7976931348623157e+308\x001.7976931348623157e+308\x001.7976931348623157e+308\x000\x00\x00\x00\x001.7976931348623157e+308\x00\x00\x00\x00\x000\x000\x000\x00\x00'
2026-05-04 20:55:48,254 [INFO] disconnecting
2026-05-04 20:55:48,263 [INFO] ANSWER connectionClosed {}
2026-05-04 20:55:49,796 [INFO] sent startApi
2026-05-04 20:55:49,797 [INFO] REQUEST startApi {}
2026-05-04 20:55:49,797 [INFO] SENDING startApi b'\x00\x00\x00\t71\x002\x0030\x00\x00'
2026-05-04 20:55:49,797 [INFO] ANSWER connectAck {}
2026-05-04 20:55:49,800 [INFO] ANSWER managedAccounts {'accountsList': 'DUP838882'}
2026-05-04 20:55:50,862 [INFO] REQUEST placeOrder {'orderId': 1, 'contract': 4482175856: 0,BTC,CRYPTO,,0.0,,,PAXOS,,USD,,,False,,combo:, 'order': 4482177728: 0,0,0: LMT BUY 1@80800.000000 }
2026-05-04 20:55:50,864 [INFO] SENDING placeOrder b'\x00\x00\x01=3\x001\x000\x00BTC\x00CRYPTO\x00\x000.0\x00\x00\x00PAXOS\x00\x00USD\x00\x00\x00\x00\x00BUY\x001\x00LMT\x0080800.0\x00\x00\x00\x00\x00\x000\x00\x001\x000\x000\x000\x000\x000\x000\x000\x00\x000\x00\x00\x00\x00\x00\x00\x00\x000\x00\x00-1\x000\x00\x00\x000\x00\x00\x000\x000\x00\x000\x00\x00\x00\x00\x00\x000\x00\x00\x00\x00\x000\x00\x00\x00\x00\x00\x00\x00\x00\x00\x00\x000\x00\x00\x000\x000\x00\x00\x000\x00\x000\x000\x000\x000\x00\x001.7976931348623157e+308\x001.7976931348623157e+308\x001.7976931348623157e+308\x001.7976931348623157e+308\x001.7976931348623157e+308\x000\x00\x00\x00\x001.7976931348623157e+308\x00\x00\x00\x00\x000\x000\x000\x00\x00'
2026-05-04 20:55:53,937 [INFO] disconnecting
2026-05-04 20:55:53,940 [INFO] ANSWER connectionClosed {}
2026-05-04 20:55:55,010 [INFO] Cierre: BTC TRAILING STOP PnL -3.03%
2026-05-04 20:55:55,011 [INFO] Cierre: BTC TAKE PROFIT PnL +0.02%
2026-05-04 20:58:24,601 [INFO] Fuera de horario: Fuera de horario NYSE (09:30-15:45 ET)
2026-05-04 20:59:16,827 [ERROR] $CFR.SN: possibly delisted; no price data found  (period=3mo)
2026-05-04 20:59:17,043 [ERROR] $ENDESA.SN: possibly delisted; no price data found  (period=3mo)
2026-05-04 20:59:18,930 [ERROR] $BANMEDICA.SN: possibly delisted; no price data found  (period=3mo) (Yahoo error = "No data found, symbol may be delisted")
2026-05-04 21:00:01,388 [INFO] === CICLO AUTOMÁTICO INICIADO ===
2026-05-04 21:00:07,202 [ERROR] $CFR.SN: possibly delisted; no price data found  (period=3mo)
2026-05-04 21:00:07,586 [ERROR] $ENDESA.SN: possibly delisted; no price data found  (period=3mo)
2026-05-04 21:00:11,360 [ERROR] $BANMEDICA.SN: possibly delisted; no price data found  (period=3mo) (Yahoo error = "No data found, symbol may be delisted")
2026-05-04 21:00:34,380 [INFO] sent startApi
2026-05-04 21:00:34,380 [INFO] REQUEST startApi {}
2026-05-04 21:00:34,380 [INFO] SENDING startApi b'\x00\x00\x00\t71\x002\x0010\x00\x00'
2026-05-04 21:00:34,380 [INFO] ANSWER connectAck {}
2026-05-04 21:00:34,385 [INFO] ANSWER managedAccounts {'accountsList': 'DUP838882'}
2026-05-04 21:00:35,424 [INFO] REQUEST placeOrder {'orderId': 6, 'contract': 4539088128: 0,BTC,CRYPTO,,0.0,,,PAXOS,,USD,,,False,,combo:, 'order': 4539087888: 0,0,0: MKT SELL 1@179769313486231570814527423731704356798070567525844996598917476803157260780028538760589558632766878171540458953514382464234321326889464182768467546703537516986049910576551282076245490090389328944075868508455133942304583236903222948165808559332123348274797826204144723168738177180919299881250404026184124858368.000000 }
2026-05-04 21:00:35,425 [INFO] SENDING placeOrder b'\x00\x00\x0173\x006\x000\x00BTC\x00CRYPTO\x00\x000.0\x00\x00\x00PAXOS\x00\x00USD\x00\x00\x00\x00\x00SELL\x001\x00MKT\x00\x00\x00\x00\x00\x00\x000\x00\x000\x000\x000\x000\x000\x000\x000\x000\x00\x000\x00\x00\x00\x00\x00\x00\x00\x000\x00\x00-1\x000\x00\x00\x000\x00\x00\x000\x000\x00\x000\x00\x00\x00\x00\x00\x000\x00\x00\x00\x00\x000\x00\x00\x00\x00\x00\x00\x00\x00\x00\x00\x000\x00\x00\x000\x000\x00\x00\x000\x00\x000\x000\x000\x000\x00\x001.7976931348623157e+308\x001.7976931348623157e+308\x001.7976931348623157e+308\x001.7976931348623157e+308\x001.7976931348623157e+308\x000\x00\x00\x00\x001.7976931348623157e+308\x00\x00\x00\x00\x000\x000\x000\x00\x00'
2026-05-04 21:00:35,686 [INFO] REQUEST placeOrder {'orderId': 7, 'contract': 4539088128: 0,BTC,CRYPTO,,0.0,,,PAXOS,,USD,,,False,,combo:, 'order': 4539087408: 0,0,0: STP BUY 1@179769313486231570814527423731704356798070567525844996598917476803157260780028538760589558632766878171540458953514382464234321326889464182768467546703537516986049910576551282076245490090389328944075868508455133942304583236903222948165808559332123348274797826204144723168738177180919299881250404026184124858368.000000 }
2026-05-04 21:00:35,687 [INFO] SENDING placeOrder b'\x00\x00\x01=3\x007\x000\x00BTC\x00CRYPTO\x00\x000.0\x00\x00\x00PAXOS\x00\x00USD\x00\x00\x00\x00\x00BUY\x001\x00STP\x00\x0085850.0\x00\x00\x00\x00\x000\x00\x000\x006\x000\x000\x000\x000\x000\x000\x00\x000\x00\x00\x00\x00\x00\x00\x00\x000\x00\x00-1\x000\x00\x00\x000\x00\x00\x000\x000\x00\x000\x00\x00\x00\x00\x00\x000\x00\x00\x00\x00\x000\x00\x00\x00\x00\x00\x00\x00\x00\x00\x00\x000\x00\x00\x000\x000\x00\x00\x000\x00\x000\x000\x000\x000\x00\x001.7976931348623157e+308\x001.7976931348623157e+308\x001.7976931348623157e+308\x001.7976931348623157e+308\x001.7976931348623157e+308\x000\x00\x00\x00\x001.7976931348623157e+308\x00\x00\x00\x00\x000\x000\x000\x00\x00'
2026-05-04 21:00:35,906 [INFO] REQUEST placeOrder {'orderId': 8, 'contract': 4539088128: 0,BTC,CRYPTO,,0.0,,,PAXOS,,USD,,,False,,combo:, 'order': 4539087936: 0,0,0: LMT BUY 1@80800.000000 }
2026-05-04 21:00:35,906 [INFO] SENDING placeOrder b'\x00\x00\x01=3\x008\x000\x00BTC\x00CRYPTO\x00\x000.0\x00\x00\x00PAXOS\x00\x00USD\x00\x00\x00\x00\x00BUY\x001\x00LMT\x0080800.0\x00\x00\x00\x00\x00\x000\x00\x001\x006\x000\x000\x000\x000\x000\x000\x00\x000\x00\x00\x00\x00\x00\x00\x00\x000\x00\x00-1\x000\x00\x00\x000\x00\x00\x000\x000\x00\x000\x00\x00\x00\x00\x00\x000\x00\x00\x00\x00\x000\x00\x00\x00\x00\x00\x00\x00\x00\x00\x00\x000\x00\x00\x000\x000\x00\x00\x000\x00\x000\x000\x000\x000\x00\x001.7976931348623157e+308\x001.7976931348623157e+308\x001.7976931348623157e+308\x001.7976931348623157e+308\x001.7976931348623157e+308\x000\x00\x00\x00\x001.7976931348623157e+308\x00\x00\x00\x00\x000\x000\x000\x00\x00'
2026-05-04 21:00:37,787 [INFO] disconnecting
2026-05-04 21:00:37,787 [INFO] ANSWER connectionClosed {}
2026-05-04 21:00:37,787 [INFO] Fuera de horario: Fuera de horario NYSE (09:30-15:45 ET) — solo verificando posiciones
2026-05-04 21:00:38,235 [INFO] Trailing stop: BTC PnL -3.04%
2026-05-04 21:00:50,991 [INFO] sent startApi
2026-05-04 21:00:50,992 [INFO] REQUEST startApi {}
2026-05-04 21:00:50,992 [INFO] SENDING startApi b'\x00\x00\x00\t71\x002\x0030\x00\x00'
2026-05-04 21:00:50,992 [INFO] ANSWER connectAck {}
2026-05-04 21:00:50,998 [INFO] ANSWER managedAccounts {'accountsList': 'DUP838882'}
2026-05-04 21:00:52,072 [INFO] REQUEST placeOrder {'orderId': 1, 'contract': 4541191888: 0,BTC,CRYPTO,,0.0,,,PAXOS,,USD,,,False,,combo:, 'order': 4541192224: 0,0,0: LMT BUY 1@80800.000000 }
2026-05-04 21:00:52,073 [INFO] SENDING placeOrder b'\x00\x00\x01=3\x001\x000\x00BTC\x00CRYPTO\x00\x000.0\x00\x00\x00PAXOS\x00\x00USD\x00\x00\x00\x00\x00BUY\x001\x00LMT\x0080800.0\x00\x00\x00\x00\x00\x000\x00\x001\x000\x000\x000\x000\x000\x000\x000\x00\x000\x00\x00\x00\x00\x00\x00\x00\x000\x00\x00-1\x000\x00\x00\x000\x00\x00\x000\x000\x00\x000\x00\x00\x00\x00\x00\x000\x00\x00\x00\x00\x000\x00\x00\x00\x00\x00\x00\x00\x00\x00\x00\x000\x00\x00\x000\x000\x00\x00\x000\x00\x000\x000\x000\x000\x00\x001.7976931348623157e+308\x001.7976931348623157e+308\x001.7976931348623157e+308\x001.7976931348623157e+308\x001.7976931348623157e+308\x000\x00\x00\x00\x001.7976931348623157e+308\x00\x00\x00\x00\x000\x000\x000\x00\x00'
2026-05-04 21:00:55,117 [INFO] disconnecting
2026-05-04 21:00:55,117 [INFO] ANSWER connectionClosed {}
2026-05-04 21:00:56,651 [INFO] sent startApi
2026-05-04 21:00:56,652 [INFO] REQUEST startApi {}
2026-05-04 21:00:56,652 [INFO] SENDING startApi b'\x00\x00\x00\t71\x002\x0030\x00\x00'
2026-05-04 21:00:56,652 [INFO] ANSWER connectAck {}
2026-05-04 21:00:56,654 [INFO] ANSWER managedAccounts {'accountsList': 'DUP838882'}
2026-05-04 21:00:57,726 [INFO] REQUEST placeOrder {'orderId': 1, 'contract': 4540746000: 0,BTC,CRYPTO,,0.0,,,PAXOS,,USD,,,False,,combo:, 'order': 4540747632: 0,0,0: LMT BUY 1@80800.000000 }
2026-05-04 21:00:57,727 [INFO] SENDING placeOrder b'\x00\x00\x01=3\x001\x000\x00BTC\x00CRYPTO\x00\x000.0\x00\x00\x00PAXOS\x00\x00USD\x00\x00\x00\x00\x00BUY\x001\x00LMT\x0080800.0\x00\x00\x00\x00\x00\x000\x00\x001\x000\x000\x000\x000\x000\x000\x000\x00\x000\x00\x00\x00\x00\x00\x00\x00\x000\x00\x00-1\x000\x00\x00\x000\x00\x00\x000\x000\x00\x000\x00\x00\x00\x00\x00\x000\x00\x00\x00\x00\x000\x00\x00\x00\x00\x00\x00\x00\x00\x00\x00\x000\x00\x00\x000\x000\x00\x00\x000\x00\x000\x000\x000\x000\x00\x001.7976931348623157e+308\x001.7976931348623157e+308\x001.7976931348623157e+308\x001.7976931348623157e+308\x001.7976931348623157e+308\x000\x00\x00\x00\x001.7976931348623157e+308\x00\x00\x00\x00\x000\x000\x000\x00\x00'
2026-05-04 21:01:00,767 [INFO] disconnecting
2026-05-04 21:01:00,767 [INFO] disconnecting
2026-05-04 21:01:00,767 [INFO] ANSWER connectionClosed {}
2026-05-04 21:01:00,768 [INFO] ANSWER connectionClosed {}
2026-05-04 21:01:01,856 [INFO] Cierre: BTC TRAILING STOP PnL -3.03%
2026-05-04 21:01:01,856 [INFO] Cierre: BTC TAKE PROFIT PnL +0.03%
2026-05-04 21:01:50,445 [INFO] === CICLO AUTOMÁTICO INICIADO ===
2026-05-04 21:01:54,451 [ERROR] $CFR.SN: possibly delisted; no price data found  (period=3mo)
2026-05-04 21:01:54,624 [ERROR] $ENDESA.SN: possibly delisted; no price data found  (period=3mo)
2026-05-04 21:01:58,866 [ERROR] $BANMEDICA.SN: possibly delisted; no price data found  (period=3mo) (Yahoo error = "No data found, symbol may be delisted")
2026-05-04 21:02:20,713 [INFO] sent startApi
2026-05-04 21:02:20,715 [INFO] REQUEST startApi {}
2026-05-04 21:02:20,716 [INFO] SENDING startApi b'\x00\x00\x00\t71\x002\x0010\x00\x00'
2026-05-04 21:02:20,716 [INFO] ANSWER connectAck {}
2026-05-04 21:02:20,721 [INFO] ANSWER managedAccounts {'accountsList': 'DUP838882'}
2026-05-04 21:02:21,728 [INFO] REQUEST placeOrder {'orderId': 7, 'contract': 4602522256: 0,BTC,CRYPTO,,0.0,,,PAXOS,,USD,,,False,,combo:, 'order': 4602519904: 0,0,0: MKT SELL 1@179769313486231570814527423731704356798070567525844996598917476803157260780028538760589558632766878171540458953514382464234321326889464182768467546703537516986049910576551282076245490090389328944075868508455133942304583236903222948165808559332123348274797826204144723168738177180919299881250404026184124858368.000000 }
2026-05-04 21:02:21,729 [INFO] SENDING placeOrder b'\x00\x00\x0173\x007\x000\x00BTC\x00CRYPTO\x00\x000.0\x00\x00\x00PAXOS\x00\x00USD\x00\x00\x00\x00\x00SELL\x001\x00MKT\x00\x00\x00\x00\x00\x00\x000\x00\x000\x000\x000\x000\x000\x000\x000\x000\x00\x000\x00\x00\x00\x00\x00\x00\x00\x000\x00\x00-1\x000\x00\x00\x000\x00\x00\x000\x000\x00\x000\x00\x00\x00\x00\x00\x000\x00\x00\x00\x00\x000\x00\x00\x00\x00\x00\x00\x00\x00\x00\x00\x000\x00\x00\x000\x000\x00\x00\x000\x00\x000\x000\x000\x000\x00\x001.7976931348623157e+308\x001.7976931348623157e+308\x001.7976931348623157e+308\x001.7976931348623157e+308\x001.7976931348623157e+308\x000\x00\x00\x00\x001.7976931348623157e+308\x00\x00\x00\x00\x000\x000\x000\x00\x00'
2026-05-04 21:02:21,932 [INFO] REQUEST placeOrder {'orderId': 8, 'contract': 4602522256: 0,BTC,CRYPTO,,0.0,,,PAXOS,,USD,,,False,,combo:, 'order': 4602521008: 0,0,0: STP BUY 1@179769313486231570814527423731704356798070567525844996598917476803157260780028538760589558632766878171540458953514382464234321326889464182768467546703537516986049910576551282076245490090389328944075868508455133942304583236903222948165808559332123348274797826204144723168738177180919299881250404026184124858368.000000 }
2026-05-04 21:02:21,933 [INFO] SENDING placeOrder b'\x00\x00\x01>3\x008\x000\x00BTC\x00CRYPTO\x00\x000.0\x00\x00\x00PAXOS\x00\x00USD\x00\x00\x00\x00\x00BUY\x001\x00STP\x00\x0080948.45\x00\x00\x00\x00\x000\x00\x000\x007\x000\x000\x000\x000\x000\x000\x00\x000\x00\x00\x00\x00\x00\x00\x00\x000\x00\x00-1\x000\x00\x00\x000\x00\x00\x000\x000\x00\x000\x00\x00\x00\x00\x00\x000\x00\x00\x00\x00\x000\x00\x00\x00\x00\x00\x00\x00\x00\x00\x00\x000\x00\x00\x000\x000\x00\x00\x000\x00\x000\x000\x000\x000\x00\x001.7976931348623157e+308\x001.7976931348623157e+308\x001.7976931348623157e+308\x001.7976931348623157e+308\x001.7976931348623157e+308\x000\x00\x00\x00\x001.7976931348623157e+308\x00\x00\x00\x00\x000\x000\x000\x00\x00'
2026-05-04 21:02:22,135 [INFO] REQUEST placeOrder {'orderId': 9, 'contract': 4602522256: 0,BTC,CRYPTO,,0.0,,,PAXOS,,USD,,,False,,combo:, 'order': 4602520336: 0,0,0: LMT BUY 1@77331.270000 }
2026-05-04 21:02:22,136 [INFO] SENDING placeOrder b'\x00\x00\x01>3\x009\x000\x00BTC\x00CRYPTO\x00\x000.0\x00\x00\x00PAXOS\x00\x00USD\x00\x00\x00\x00\x00BUY\x001\x00LMT\x0077331.27\x00\x00\x00\x00\x00\x000\x00\x001\x007\x000\x000\x000\x000\x000\x000\x00\x000\x00\x00\x00\x00\x00\x00\x00\x000\x00\x00-1\x000\x00\x00\x000\x00\x00\x000\x000\x00\x000\x00\x00\x00\x00\x00\x000\x00\x00\x00\x00\x000\x00\x00\x00\x00\x00\x00\x00\x00\x00\x00\x000\x00\x00\x000\x000\x00\x00\x000\x00\x000\x000\x000\x000\x00\x001.7976931348623157e+308\x001.7976931348623157e+308\x001.7976931348623157e+308\x001.7976931348623157e+308\x001.7976931348623157e+308\x000\x00\x00\x00\x001.7976931348623157e+308\x00\x00\x00\x00\x000\x000\x000\x00\x00'
2026-05-04 21:02:23,848 [INFO] disconnecting
2026-05-04 21:02:23,848 [INFO] ANSWER connectionClosed {}
2026-05-04 21:02:23,849 [INFO] Fuera de horario: Fuera de horario NYSE (09:30-15:45 ET) — solo verificando posiciones
2026-05-04 21:02:24,289 [INFO] Trailing stop: BTC PnL -2.95%
2026-05-04 21:02:37,183 [INFO] sent startApi
2026-05-04 21:02:37,183 [INFO] REQUEST startApi {}
2026-05-04 21:02:37,183 [INFO] SENDING startApi b'\x00\x00\x00\t71\x002\x0030\x00\x00'
2026-05-04 21:02:37,183 [INFO] ANSWER connectAck {}
2026-05-04 21:02:37,185 [INFO] ANSWER managedAccounts {'accountsList': 'DUP838882'}
2026-05-04 21:02:38,190 [INFO] REQUEST placeOrder {'orderId': 1, 'contract': 4602522688: 0,BTC,CRYPTO,,0.0,,,PAXOS,,USD,,,False,,combo:, 'order': 4602521968: 0,0,0: LMT BUY 1@77331.270000 }
2026-05-04 21:02:38,191 [INFO] SENDING placeOrder b'\x00\x00\x01>3\x001\x000\x00BTC\x00CRYPTO\x00\x000.0\x00\x00\x00PAXOS\x00\x00USD\x00\x00\x00\x00\x00BUY\x001\x00LMT\x0077331.27\x00\x00\x00\x00\x00\x000\x00\x001\x000\x000\x000\x000\x000\x000\x000\x00\x000\x00\x00\x00\x00\x00\x00\x00\x000\x00\x00-1\x000\x00\x00\x000\x00\x00\x000\x000\x00\x000\x00\x00\x00\x00\x00\x000\x00\x00\x00\x00\x000\x00\x00\x00\x00\x00\x00\x00\x00\x00\x00\x000\x00\x00\x000\x000\x00\x00\x000\x00\x000\x000\x000\x000\x00\x001.7976931348623157e+308\x001.7976931348623157e+308\x001.7976931348623157e+308\x001.7976931348623157e+308\x001.7976931348623157e+308\x000\x00\x00\x00\x001.7976931348623157e+308\x00\x00\x00\x00\x000\x000\x000\x00\x00'
2026-05-04 21:02:41,193 [INFO] disconnecting
2026-05-04 21:02:41,194 [INFO] ANSWER connectionClosed {}
2026-05-04 21:02:42,594 [INFO] Cierre: BTC TRAILING STOP PnL -2.99%
2026-05-04 21:04:10,930 [INFO] === CICLO AUTOMÁTICO INICIADO ===
2026-05-04 21:04:15,415 [ERROR] $CFR.SN: possibly delisted; no price data found  (period=3mo)
2026-05-04 21:04:15,667 [ERROR] $ENDESA.SN: possibly delisted; no price data found  (period=3mo)
2026-05-04 21:04:18,741 [ERROR] $BANMEDICA.SN: possibly delisted; no price data found  (period=3mo) (Yahoo error = "No data found, symbol may be delisted")
2026-05-04 21:04:34,920 [INFO] sent startApi
2026-05-04 21:04:34,921 [INFO] REQUEST startApi {}
2026-05-04 21:04:34,921 [INFO] SENDING startApi b'\x00\x00\x00\t71\x002\x0010\x00\x00'
2026-05-04 21:04:34,921 [INFO] ANSWER connectAck {}
2026-05-04 21:04:34,959 [INFO] ANSWER managedAccounts {'accountsList': 'DUP838882'}
2026-05-04 21:04:35,969 [INFO] REQUEST placeOrder {'orderId': 8, 'contract': 4518515904: 0,BTC,CRYPTO,,0.0,,,PAXOS,,USD,,,False,,combo:, 'order': 4518516000: 0,0,0: MKT SELL 1@179769313486231570814527423731704356798070567525844996598917476803157260780028538760589558632766878171540458953514382464234321326889464182768467546703537516986049910576551282076245490090389328944075868508455133942304583236903222948165808559332123348274797826204144723168738177180919299881250404026184124858368.000000 }
2026-05-04 21:04:35,969 [INFO] SENDING placeOrder b'\x00\x00\x0173\x008\x000\x00BTC\x00CRYPTO\x00\x000.0\x00\x00\x00PAXOS\x00\x00USD\x00\x00\x00\x00\x00SELL\x001\x00MKT\x00\x00\x00\x00\x00\x00\x000\x00\x000\x000\x000\x000\x000\x000\x000\x000\x00\x000\x00\x00\x00\x00\x00\x00\x00\x000\x00\x00-1\x000\x00\x00\x000\x00\x00\x000\x000\x00\x000\x00\x00\x00\x00\x00\x000\x00\x00\x00\x00\x000\x00\x00\x00\x00\x00\x00\x00\x00\x00\x00\x000\x00\x00\x000\x000\x00\x00\x000\x00\x000\x000\x000\x000\x00\x001.7976931348623157e+308\x001.7976931348623157e+308\x001.7976931348623157e+308\x001.7976931348623157e+308\x001.7976931348623157e+308\x000\x00\x00\x00\x001.7976931348623157e+308\x00\x00\x00\x00\x000\x000\x000\x00\x00'
2026-05-04 21:04:36,171 [INFO] REQUEST placeOrder {'orderId': 9, 'contract': 4518515904: 0,BTC,CRYPTO,,0.0,,,PAXOS,,USD,,,False,,combo:, 'order': 4518515424: 0,0,0: STP BUY 1@179769313486231570814527423731704356798070567525844996598917476803157260780028538760589558632766878171540458953514382464234321326889464182768467546703537516986049910576551282076245490090389328944075868508455133942304583236903222948165808559332123348274797826204144723168738177180919299881250404026184124858368.000000 }
2026-05-04 21:04:36,172 [INFO] SENDING placeOrder b'\x00\x00\x01=3\x009\x000\x00BTC\x00CRYPTO\x00\x000.0\x00\x00\x00PAXOS\x00\x00USD\x00\x00\x00\x00\x00BUY\x001\x00STP\x00\x0085850.0\x00\x00\x00\x00\x000\x00\x000\x008\x000\x000\x000\x000\x000\x000\x00\x000\x00\x00\x00\x00\x00\x00\x00\x000\x00\x00-1\x000\x00\x00\x000\x00\x00\x000\x000\x00\x000\x00\x00\x00\x00\x00\x000\x00\x00\x00\x00\x000\x00\x00\x00\x00\x00\x00\x00\x00\x00\x00\x000\x00\x00\x000\x000\x00\x00\x000\x00\x000\x000\x000\x000\x00\x001.7976931348623157e+308\x001.7976931348623157e+308\x001.7976931348623157e+308\x001.7976931348623157e+308\x001.7976931348623157e+308\x000\x00\x00\x00\x001.7976931348623157e+308\x00\x00\x00\x00\x000\x000\x000\x00\x00'
2026-05-04 21:04:36,378 [INFO] REQUEST placeOrder {'orderId': 10, 'contract': 4518515904: 0,BTC,CRYPTO,,0.0,,,PAXOS,,USD,,,False,,combo:, 'order': 4518517584: 0,0,0: LMT BUY 1@80800.000000 }
2026-05-04 21:04:36,378 [INFO] SENDING placeOrder b'\x00\x00\x01>3\x0010\x000\x00BTC\x00CRYPTO\x00\x000.0\x00\x00\x00PAXOS\x00\x00USD\x00\x00\x00\x00\x00BUY\x001\x00LMT\x0080800.0\x00\x00\x00\x00\x00\x000\x00\x001\x008\x000\x000\x000\x000\x000\x000\x00\x000\x00\x00\x00\x00\x00\x00\x00\x000\x00\x00-1\x000\x00\x00\x000\x00\x00\x000\x000\x00\x000\x00\x00\x00\x00\x00\x000\x00\x00\x00\x00\x000\x00\x00\x00\x00\x00\x00\x00\x00\x00\x00\x000\x00\x00\x000\x000\x00\x00\x000\x00\x000\x000\x000\x000\x00\x001.7976931348623157e+308\x001.7976931348623157e+308\x001.7976931348623157e+308\x001.7976931348623157e+308\x001.7976931348623157e+308\x000\x00\x00\x00\x001.7976931348623157e+308\x00\x00\x00\x00\x000\x000\x000\x00\x00'
2026-05-04 21:04:38,099 [INFO] disconnecting
2026-05-04 21:04:38,131 [INFO] ANSWER connectionClosed {}
2026-05-04 21:04:38,133 [INFO] Fuera de horario: Fuera de horario NYSE (09:30-15:45 ET) — solo verificando posiciones
2026-05-04 21:04:38,488 [INFO] Trailing stop: BTC PnL -3.02%
2026-05-04 21:04:48,038 [INFO] sent startApi
2026-05-04 21:04:48,038 [INFO] REQUEST startApi {}
2026-05-04 21:04:48,038 [INFO] SENDING startApi b'\x00\x00\x00\t71\x002\x0030\x00\x00'
2026-05-04 21:04:48,038 [INFO] ANSWER connectAck {}
2026-05-04 21:04:48,040 [INFO] ANSWER managedAccounts {'accountsList': 'DUP838882'}
2026-05-04 21:04:49,045 [INFO] REQUEST placeOrder {'orderId': 1, 'contract': 4518515472: 0,BTC,CRYPTO,,0.0,,,PAXOS,,USD,,,False,,combo:, 'order': 4518516912: 0,0,0: LMT BUY 1@80800.000000 }
2026-05-04 21:04:49,046 [INFO] SENDING placeOrder b'\x00\x00\x01=3\x001\x000\x00BTC\x00CRYPTO\x00\x000.0\x00\x00\x00PAXOS\x00\x00USD\x00\x00\x00\x00\x00BUY\x001\x00LMT\x0080800.0\x00\x00\x00\x00\x00\x000\x00\x001\x000\x000\x000\x000\x000\x000\x000\x00\x000\x00\x00\x00\x00\x00\x00\x00\x000\x00\x00-1\x000\x00\x00\x000\x00\x00\x000\x000\x00\x000\x00\x00\x00\x00\x00\x000\x00\x00\x00\x00\x000\x00\x00\x00\x00\x00\x00\x00\x00\x00\x00\x000\x00\x00\x000\x000\x00\x00\x000\x00\x000\x000\x000\x000\x00\x001.7976931348623157e+308\x001.7976931348623157e+308\x001.7976931348623157e+308\x001.7976931348623157e+308\x001.7976931348623157e+308\x000\x00\x00\x00\x001.7976931348623157e+308\x00\x00\x00\x00\x000\x000\x000\x00\x00'
2026-05-04 21:04:52,048 [INFO] disconnecting
2026-05-04 21:04:52,049 [INFO] ANSWER connectionClosed {}
2026-05-04 21:04:53,787 [INFO] sent startApi
2026-05-04 21:04:53,788 [INFO] REQUEST startApi {}
2026-05-04 21:04:53,788 [INFO] SENDING startApi b'\x00\x00\x00\t71\x002\x0030\x00\x00'
2026-05-04 21:04:53,788 [INFO] ANSWER connectAck {}
2026-05-04 21:04:53,791 [INFO] ANSWER managedAccounts {'accountsList': 'DUP838882'}
2026-05-04 21:04:54,792 [INFO] REQUEST placeOrder {'orderId': 1, 'contract': 4519897168: 0,BTC,CRYPTO,,0.0,,,PAXOS,,USD,,,False,,combo:, 'order': 4519896064: 0,0,0: LMT BUY 1@80800.000000 }
2026-05-04 21:04:54,792 [INFO] SENDING placeOrder b'\x00\x00\x01=3\x001\x000\x00BTC\x00CRYPTO\x00\x000.0\x00\x00\x00PAXOS\x00\x00USD\x00\x00\x00\x00\x00BUY\x001\x00LMT\x0080800.0\x00\x00\x00\x00\x00\x000\x00\x001\x000\x000\x000\x000\x000\x000\x000\x00\x000\x00\x00\x00\x00\x00\x00\x00\x000\x00\x00-1\x000\x00\x00\x000\x00\x00\x000\x000\x00\x000\x00\x00\x00\x00\x00\x000\x00\x00\x00\x00\x000\x00\x00\x00\x00\x00\x00\x00\x00\x00\x00\x000\x00\x00\x000\x000\x00\x00\x000\x00\x000\x000\x000\x000\x00\x001.7976931348623157e+308\x001.7976931348623157e+308\x001.7976931348623157e+308\x001.7976931348623157e+308\x001.7976931348623157e+308\x000\x00\x00\x00\x001.7976931348623157e+308\x00\x00\x00\x00\x000\x000\x000\x00\x00'
2026-05-04 21:04:57,796 [INFO] disconnecting
2026-05-04 21:04:57,797 [INFO] ANSWER connectionClosed {}
2026-05-04 21:04:58,928 [INFO] Cierre: BTC TRAILING STOP PnL -3.02%
2026-05-04 21:04:58,928 [INFO] Cierre: BTC TAKE PROFIT PnL +0.01%
2026-05-04 21:05:00,462 [INFO] === CICLO AUTOMÁTICO INICIADO ===
2026-05-04 21:05:06,789 [ERROR] $CFR.SN: possibly delisted; no price data found  (period=3mo)
2026-05-04 21:05:07,174 [ERROR] $ENDESA.SN: possibly delisted; no price data found  (period=3mo)
2026-05-04 21:05:09,851 [ERROR] $BANMEDICA.SN: possibly delisted; no price data found  (period=3mo) (Yahoo error = "No data found, symbol may be delisted")
2026-05-04 21:05:27,396 [INFO] sent startApi
2026-05-04 21:05:27,397 [INFO] REQUEST startApi {}
2026-05-04 21:05:27,397 [INFO] SENDING startApi b'\x00\x00\x00\t71\x002\x0010\x00\x00'
2026-05-04 21:05:27,397 [INFO] ANSWER connectAck {}
2026-05-04 21:05:27,399 [INFO] ANSWER managedAccounts {'accountsList': 'DUP838882'}
2026-05-04 21:05:28,410 [INFO] REQUEST placeOrder {'orderId': 9, 'contract': 4487665024: 0,BTC,CRYPTO,,0.0,,,PAXOS,,USD,,,False,,combo:, 'order': 4487665648: 0,0,0: MKT SELL 1@179769313486231570814527423731704356798070567525844996598917476803157260780028538760589558632766878171540458953514382464234321326889464182768467546703537516986049910576551282076245490090389328944075868508455133942304583236903222948165808559332123348274797826204144723168738177180919299881250404026184124858368.000000 }
2026-05-04 21:05:28,411 [INFO] SENDING placeOrder b'\x00\x00\x0173\x009\x000\x00BTC\x00CRYPTO\x00\x000.0\x00\x00\x00PAXOS\x00\x00USD\x00\x00\x00\x00\x00SELL\x001\x00MKT\x00\x00\x00\x00\x00\x00\x000\x00\x000\x000\x000\x000\x000\x000\x000\x000\x00\x000\x00\x00\x00\x00\x00\x00\x00\x000\x00\x00-1\x000\x00\x00\x000\x00\x00\x000\x000\x00\x000\x00\x00\x00\x00\x00\x000\x00\x00\x00\x00\x000\x00\x00\x00\x00\x00\x00\x00\x00\x00\x00\x000\x00\x00\x000\x000\x00\x00\x000\x00\x000\x000\x000\x000\x00\x001.7976931348623157e+308\x001.7976931348623157e+308\x001.7976931348623157e+308\x001.7976931348623157e+308\x001.7976931348623157e+308\x000\x00\x00\x00\x001.7976931348623157e+308\x00\x00\x00\x00\x000\x000\x000\x00\x00'
2026-05-04 21:05:28,680 [INFO] REQUEST placeOrder {'orderId': 10, 'contract': 4487665024: 0,BTC,CRYPTO,,0.0,,,PAXOS,,USD,,,False,,combo:, 'order': 4487666848: 0,0,0: STP BUY 1@179769313486231570814527423731704356798070567525844996598917476803157260780028538760589558632766878171540458953514382464234321326889464182768467546703537516986049910576551282076245490090389328944075868508455133942304583236903222948165808559332123348274797826204144723168738177180919299881250404026184124858368.000000 }
2026-05-04 21:05:28,681 [INFO] SENDING placeOrder b'\x00\x00\x01>3\x0010\x000\x00BTC\x00CRYPTO\x00\x000.0\x00\x00\x00PAXOS\x00\x00USD\x00\x00\x00\x00\x00BUY\x001\x00STP\x00\x0085850.0\x00\x00\x00\x00\x000\x00\x000\x009\x000\x000\x000\x000\x000\x000\x00\x000\x00\x00\x00\x00\x00\x00\x00\x000\x00\x00-1\x000\x00\x00\x000\x00\x00\x000\x000\x00\x000\x00\x00\x00\x00\x00\x000\x00\x00\x00\x00\x000\x00\x00\x00\x00\x00\x00\x00\x00\x00\x00\x000\x00\x00\x000\x000\x00\x00\x000\x00\x000\x000\x000\x000\x00\x001.7976931348623157e+308\x001.7976931348623157e+308\x001.7976931348623157e+308\x001.7976931348623157e+308\x001.7976931348623157e+308\x000\x00\x00\x00\x001.7976931348623157e+308\x00\x00\x00\x00\x000\x000\x000\x00\x00'
2026-05-04 21:05:28,889 [INFO] REQUEST placeOrder {'orderId': 11, 'contract': 4487665024: 0,BTC,CRYPTO,,0.0,,,PAXOS,,USD,,,False,,combo:, 'order': 4487667280: 0,0,0: LMT BUY 1@80800.000000 }
2026-05-04 21:05:28,889 [INFO] SENDING placeOrder b'\x00\x00\x01>3\x0011\x000\x00BTC\x00CRYPTO\x00\x000.0\x00\x00\x00PAXOS\x00\x00USD\x00\x00\x00\x00\x00BUY\x001\x00LMT\x0080800.0\x00\x00\x00\x00\x00\x000\x00\x001\x009\x000\x000\x000\x000\x000\x000\x00\x000\x00\x00\x00\x00\x00\x00\x00\x000\x00\x00-1\x000\x00\x00\x000\x00\x00\x000\x000\x00\x000\x00\x00\x00\x00\x00\x000\x00\x00\x00\x00\x000\x00\x00\x00\x00\x00\x00\x00\x00\x00\x00\x000\x00\x00\x000\x000\x00\x00\x000\x00\x000\x000\x000\x000\x00\x001.7976931348623157e+308\x001.7976931348623157e+308\x001.7976931348623157e+308\x001.7976931348623157e+308\x001.7976931348623157e+308\x000\x00\x00\x00\x001.7976931348623157e+308\x00\x00\x00\x00\x000\x000\x000\x00\x00'
2026-05-04 21:05:30,896 [INFO] disconnecting
2026-05-04 21:05:30,899 [INFO] ANSWER connectionClosed {}
2026-05-04 21:05:30,901 [INFO] Fuera de horario: Fuera de horario NYSE (09:30-15:45 ET) — solo verificando posiciones
2026-05-04 21:05:31,282 [INFO] Trailing stop: BTC PnL -3.03%
2026-05-04 21:05:41,771 [INFO] sent startApi
2026-05-04 21:05:41,771 [INFO] REQUEST startApi {}
2026-05-04 21:05:41,771 [INFO] SENDING startApi b'\x00\x00\x00\t71\x002\x0030\x00\x00'
2026-05-04 21:05:41,771 [INFO] ANSWER connectAck {}
2026-05-04 21:05:41,773 [INFO] ANSWER managedAccounts {'accountsList': 'DUP838882'}
2026-05-04 21:05:42,885 [INFO] REQUEST placeOrder {'orderId': 1, 'contract': 4487665264: 0,BTC,CRYPTO,,0.0,,,PAXOS,,USD,,,False,,combo:, 'order': 4487665936: 0,0,0: LMT BUY 1@80800.000000 }
2026-05-04 21:05:42,886 [INFO] SENDING placeOrder b'\x00\x00\x01=3\x001\x000\x00BTC\x00CRYPTO\x00\x000.0\x00\x00\x00PAXOS\x00\x00USD\x00\x00\x00\x00\x00BUY\x001\x00LMT\x0080800.0\x00\x00\x00\x00\x00\x000\x00\x001\x000\x000\x000\x000\x000\x000\x000\x00\x000\x00\x00\x00\x00\x00\x00\x00\x000\x00\x00-1\x000\x00\x00\x000\x00\x00\x000\x000\x00\x000\x00\x00\x00\x00\x00\x000\x00\x00\x00\x00\x000\x00\x00\x00\x00\x00\x00\x00\x00\x00\x00\x000\x00\x00\x000\x000\x00\x00\x000\x00\x000\x000\x000\x000\x00\x001.7976931348623157e+308\x001.7976931348623157e+308\x001.7976931348623157e+308\x001.7976931348623157e+308\x001.7976931348623157e+308\x000\x00\x00\x00\x001.7976931348623157e+308\x00\x00\x00\x00\x000\x000\x000\x00\x00'
2026-05-04 21:05:45,958 [INFO] disconnecting
2026-05-04 21:05:45,959 [INFO] ANSWER connectionClosed {}
2026-05-04 21:05:57,432 [INFO] sent startApi
2026-05-04 21:05:57,432 [INFO] REQUEST startApi {}
2026-05-04 21:05:57,433 [INFO] SENDING startApi b'\x00\x00\x00\t71\x002\x0030\x00\x00'
2026-05-04 21:05:57,433 [INFO] ANSWER connectAck {}
2026-05-04 21:05:57,435 [INFO] ANSWER managedAccounts {'accountsList': 'DUP838882'}
2026-05-04 21:05:58,573 [INFO] REQUEST placeOrder {'orderId': 1, 'contract': 4487517760: 0,BTC,CRYPTO,,0.0,,,PAXOS,,USD,,,False,,combo:, 'order': 4487518432: 0,0,0: LMT BUY 1@80800.000000 }
2026-05-04 21:05:58,685 [INFO] SENDING placeOrder b'\x00\x00\x01=3\x001\x000\x00BTC\x00CRYPTO\x00\x000.0\x00\x00\x00PAXOS\x00\x00USD\x00\x00\x00\x00\x00BUY\x001\x00LMT\x0080800.0\x00\x00\x00\x00\x00\x000\x00\x001\x000\x000\x000\x000\x000\x000\x000\x00\x000\x00\x00\x00\x00\x00\x00\x00\x000\x00\x00-1\x000\x00\x00\x000\x00\x00\x000\x000\x00\x000\x00\x00\x00\x00\x00\x000\x00\x00\x00\x00\x000\x00\x00\x00\x00\x00\x00\x00\x00\x00\x00\x000\x00\x00\x000\x000\x00\x00\x000\x00\x000\x000\x000\x000\x00\x001.7976931348623157e+308\x001.7976931348623157e+308\x001.7976931348623157e+308\x001.7976931348623157e+308\x001.7976931348623157e+308\x000\x00\x00\x00\x001.7976931348623157e+308\x00\x00\x00\x00\x000\x000\x000\x00\x00'
2026-05-04 21:06:01,761 [INFO] disconnecting
2026-05-04 21:06:01,762 [INFO] ANSWER connectionClosed {}
2026-05-04 21:06:02,833 [INFO] Cierre: BTC TRAILING STOP PnL -3.04%
2026-05-04 21:06:02,833 [INFO] Cierre: BTC TAKE PROFIT PnL -0.02%
2026-05-04 21:10:00,730 [INFO] === CICLO AUTOMÁTICO INICIADO ===
2026-05-04 21:10:07,291 [ERROR] $CFR.SN: possibly delisted; no price data found  (period=3mo)
2026-05-04 21:10:07,667 [ERROR] $ENDESA.SN: possibly delisted; no price data found  (period=3mo)
2026-05-04 21:10:12,894 [ERROR] $BANMEDICA.SN: possibly delisted; no price data found  (period=3mo) (Yahoo error = "No data found, symbol may be delisted")
2026-05-04 21:10:35,121 [INFO] sent startApi
2026-05-04 21:10:35,121 [INFO] REQUEST startApi {}
2026-05-04 21:10:35,121 [INFO] SENDING startApi b'\x00\x00\x00\t71\x002\x0010\x00\x00'
2026-05-04 21:10:35,122 [INFO] ANSWER connectAck {}
2026-05-04 21:10:35,124 [INFO] ANSWER managedAccounts {'accountsList': 'DUP838882'}
2026-05-04 21:10:36,173 [INFO] REQUEST placeOrder {'orderId': 10, 'contract': 4549483968: 0,BTC,CRYPTO,,0.0,,,PAXOS,,USD,,,False,,combo:, 'order': 4549484448: 0,0,0: MKT SELL 1@179769313486231570814527423731704356798070567525844996598917476803157260780028538760589558632766878171540458953514382464234321326889464182768467546703537516986049910576551282076245490090389328944075868508455133942304583236903222948165808559332123348274797826204144723168738177180919299881250404026184124858368.000000 }
2026-05-04 21:10:36,173 [INFO] SENDING placeOrder b'\x00\x00\x0183\x0010\x000\x00BTC\x00CRYPTO\x00\x000.0\x00\x00\x00PAXOS\x00\x00USD\x00\x00\x00\x00\x00SELL\x001\x00MKT\x00\x00\x00\x00\x00\x00\x000\x00\x000\x000\x000\x000\x000\x000\x000\x000\x00\x000\x00\x00\x00\x00\x00\x00\x00\x000\x00\x00-1\x000\x00\x00\x000\x00\x00\x000\x000\x00\x000\x00\x00\x00\x00\x00\x000\x00\x00\x00\x00\x000\x00\x00\x00\x00\x00\x00\x00\x00\x00\x00\x000\x00\x00\x000\x000\x00\x00\x000\x00\x000\x000\x000\x000\x00\x001.7976931348623157e+308\x001.7976931348623157e+308\x001.7976931348623157e+308\x001.7976931348623157e+308\x001.7976931348623157e+308\x000\x00\x00\x00\x001.7976931348623157e+308\x00\x00\x00\x00\x000\x000\x000\x00\x00'
2026-05-04 21:10:36,380 [INFO] REQUEST placeOrder {'orderId': 11, 'contract': 4549483968: 0,BTC,CRYPTO,,0.0,,,PAXOS,,USD,,,False,,combo:, 'order': 4549483872: 0,0,0: STP BUY 1@179769313486231570814527423731704356798070567525844996598917476803157260780028538760589558632766878171540458953514382464234321326889464182768467546703537516986049910576551282076245490090389328944075868508455133942304583236903222948165808559332123348274797826204144723168738177180919299881250404026184124858368.000000 }
2026-05-04 21:10:36,381 [INFO] SENDING placeOrder b'\x00\x00\x01?3\x0011\x000\x00BTC\x00CRYPTO\x00\x000.0\x00\x00\x00PAXOS\x00\x00USD\x00\x00\x00\x00\x00BUY\x001\x00STP\x00\x0085850.0\x00\x00\x00\x00\x000\x00\x000\x0010\x000\x000\x000\x000\x000\x000\x00\x000\x00\x00\x00\x00\x00\x00\x00\x000\x00\x00-1\x000\x00\x00\x000\x00\x00\x000\x000\x00\x000\x00\x00\x00\x00\x00\x000\x00\x00\x00\x00\x000\x00\x00\x00\x00\x00\x00\x00\x00\x00\x00\x000\x00\x00\x000\x000\x00\x00\x000\x00\x000\x000\x000\x000\x00\x001.7976931348623157e+308\x001.7976931348623157e+308\x001.7976931348623157e+308\x001.7976931348623157e+308\x001.7976931348623157e+308\x000\x00\x00\x00\x001.7976931348623157e+308\x00\x00\x00\x00\x000\x000\x000\x00\x00'
2026-05-04 21:10:36,622 [INFO] REQUEST placeOrder {'orderId': 12, 'contract': 4549483968: 0,BTC,CRYPTO,,0.0,,,PAXOS,,USD,,,False,,combo:, 'order': 4549480896: 0,0,0: LMT BUY 1@80800.000000 }
2026-05-04 21:10:36,623 [INFO] SENDING placeOrder b'\x00\x00\x01?3\x0012\x000\x00BTC\x00CRYPTO\x00\x000.0\x00\x00\x00PAXOS\x00\x00USD\x00\x00\x00\x00\x00BUY\x001\x00LMT\x0080800.0\x00\x00\x00\x00\x00\x000\x00\x001\x0010\x000\x000\x000\x000\x000\x000\x00\x000\x00\x00\x00\x00\x00\x00\x00\x000\x00\x00-1\x000\x00\x00\x000\x00\x00\x000\x000\x00\x000\x00\x00\x00\x00\x00\x000\x00\x00\x00\x00\x000\x00\x00\x00\x00\x00\x00\x00\x00\x00\x00\x000\x00\x00\x000\x000\x00\x00\x000\x00\x000\x000\x000\x000\x00\x001.7976931348623157e+308\x001.7976931348623157e+308\x001.7976931348623157e+308\x001.7976931348623157e+308\x001.7976931348623157e+308\x000\x00\x00\x00\x001.7976931348623157e+308\x00\x00\x00\x00\x000\x000\x000\x00\x00'
2026-05-04 21:10:38,470 [INFO] disconnecting
2026-05-04 21:10:38,471 [INFO] ANSWER connectionClosed {}
2026-05-04 21:10:38,471 [INFO] Fuera de horario: Fuera de horario NYSE (09:30-15:45 ET) — solo verificando posiciones
2026-05-04 21:10:38,890 [INFO] Trailing stop: BTC PnL -3.15%
2026-05-04 21:10:52,029 [INFO] sent startApi
2026-05-04 21:10:52,029 [INFO] REQUEST startApi {}
2026-05-04 21:10:52,029 [INFO] SENDING startApi b'\x00\x00\x00\t71\x002\x0030\x00\x00'
2026-05-04 21:10:52,030 [INFO] ANSWER connectAck {}
2026-05-04 21:10:52,036 [INFO] ANSWER managedAccounts {'accountsList': 'DUP838882'}
2026-05-04 21:10:53,037 [INFO] REQUEST placeOrder {'orderId': 1, 'contract': 4549484400: 0,BTC,CRYPTO,,0.0,,,PAXOS,,USD,,,False,,combo:, 'order': 4549481184: 0,0,0: LMT BUY 1@80800.000000 }
2026-05-04 21:10:53,038 [INFO] SENDING placeOrder b'\x00\x00\x01=3\x001\x000\x00BTC\x00CRYPTO\x00\x000.0\x00\x00\x00PAXOS\x00\x00USD\x00\x00\x00\x00\x00BUY\x001\x00LMT\x0080800.0\x00\x00\x00\x00\x00\x000\x00\x001\x000\x000\x000\x000\x000\x000\x000\x00\x000\x00\x00\x00\x00\x00\x00\x00\x000\x00\x00-1\x000\x00\x00\x000\x00\x00\x000\x000\x00\x000\x00\x00\x00\x00\x00\x000\x00\x00\x00\x00\x000\x00\x00\x00\x00\x00\x00\x00\x00\x00\x00\x000\x00\x00\x000\x000\x00\x00\x000\x00\x000\x000\x000\x000\x00\x001.7976931348623157e+308\x001.7976931348623157e+308\x001.7976931348623157e+308\x001.7976931348623157e+308\x001.7976931348623157e+308\x000\x00\x00\x00\x001.7976931348623157e+308\x00\x00\x00\x00\x000\x000\x000\x00\x00'
2026-05-04 21:10:56,064 [INFO] disconnecting
2026-05-04 21:10:56,065 [INFO] ANSWER connectionClosed {}
2026-05-04 21:10:57,549 [INFO] sent startApi
2026-05-04 21:10:57,549 [INFO] REQUEST startApi {}
2026-05-04 21:10:57,549 [INFO] SENDING startApi b'\x00\x00\x00\t71\x002\x0030\x00\x00'
2026-05-04 21:10:57,549 [INFO] ANSWER connectAck {}
2026-05-04 21:10:57,551 [INFO] ANSWER managedAccounts {'accountsList': 'DUP838882'}
2026-05-04 21:10:58,599 [INFO] REQUEST placeOrder {'orderId': 1, 'contract': 4549638032: 0,BTC,CRYPTO,,0.0,,,PAXOS,,USD,,,False,,combo:, 'order': 4538340784: 0,0,0: LMT BUY 1@80800.000000 }
2026-05-04 21:10:58,600 [INFO] SENDING placeOrder b'\x00\x00\x01=3\x001\x000\x00BTC\x00CRYPTO\x00\x000.0\x00\x00\x00PAXOS\x00\x00USD\x00\x00\x00\x00\x00BUY\x001\x00LMT\x0080800.0\x00\x00\x00\x00\x00\x000\x00\x001\x000\x000\x000\x000\x000\x000\x000\x00\x000\x00\x00\x00\x00\x00\x00\x00\x000\x00\x00-1\x000\x00\x00\x000\x00\x00\x000\x000\x00\x000\x00\x00\x00\x00\x00\x000\x00\x00\x00\x00\x000\x00\x00\x00\x00\x00\x00\x00\x00\x00\x00\x000\x00\x00\x000\x000\x00\x00\x000\x00\x000\x000\x000\x000\x00\x001.7976931348623157e+308\x001.7976931348623157e+308\x001.7976931348623157e+308\x001.7976931348623157e+308\x001.7976931348623157e+308\x000\x00\x00\x00\x001.7976931348623157e+308\x00\x00\x00\x00\x000\x000\x000\x00\x00'
2026-05-04 21:11:01,673 [INFO] disconnecting
2026-05-04 21:11:01,674 [INFO] ANSWER connectionClosed {}
2026-05-04 21:11:02,751 [INFO] Cierre: BTC TRAILING STOP PnL -3.18%
2026-05-04 21:11:02,751 [INFO] Cierre: BTC TAKE PROFIT PnL -0.03%
2026-05-04 21:13:24,178 [INFO] Fuera de horario: Fuera de horario NYSE (09:30-15:45 ET)
2026-05-04 21:14:42,715 [ERROR] $CFR.SN: possibly delisted; no price data found  (period=3mo)
2026-05-04 21:14:43,125 [ERROR] $ENDESA.SN: possibly delisted; no price data found  (period=3mo)
2026-05-04 21:14:44,511 [ERROR] $BANMEDICA.SN: possibly delisted; no price data found  (period=3mo) (Yahoo error = "No data found, symbol may be delisted")
2026-05-04 21:15:00,407 [INFO] === CICLO AUTOMÁTICO INICIADO ===
2026-05-04 21:15:07,852 [ERROR] $CFR.SN: possibly delisted; no price data found  (period=3mo)
2026-05-04 21:15:08,213 [ERROR] $ENDESA.SN: possibly delisted; no price data found  (period=3mo)
2026-05-04 21:15:12,226 [ERROR] $BANMEDICA.SN: possibly delisted; no price data found  (period=3mo) (Yahoo error = "No data found, symbol may be delisted")
2026-05-04 21:15:31,295 [INFO] sent startApi
2026-05-04 21:15:31,296 [INFO] REQUEST startApi {}
2026-05-04 21:15:31,297 [INFO] SENDING startApi b'\x00\x00\x00\t71\x002\x0010\x00\x00'
2026-05-04 21:15:31,297 [INFO] ANSWER connectAck {}
2026-05-04 21:15:31,299 [INFO] ANSWER managedAccounts {'accountsList': 'DUP838882'}
2026-05-04 21:15:32,371 [INFO] REQUEST placeOrder {'orderId': 11, 'contract': 5122119472: 0,BTC,CRYPTO,,0.0,,,PAXOS,,USD,,,False,,combo:, 'order': 5122658160: 0,0,0: MKT SELL 1@179769313486231570814527423731704356798070567525844996598917476803157260780028538760589558632766878171540458953514382464234321326889464182768467546703537516986049910576551282076245490090389328944075868508455133942304583236903222948165808559332123348274797826204144723168738177180919299881250404026184124858368.000000 }
2026-05-04 21:15:32,371 [INFO] SENDING placeOrder b'\x00\x00\x0183\x0011\x000\x00BTC\x00CRYPTO\x00\x000.0\x00\x00\x00PAXOS\x00\x00USD\x00\x00\x00\x00\x00SELL\x001\x00MKT\x00\x00\x00\x00\x00\x00\x000\x00\x000\x000\x000\x000\x000\x000\x000\x000\x00\x000\x00\x00\x00\x00\x00\x00\x00\x000\x00\x00-1\x000\x00\x00\x000\x00\x00\x000\x000\x00\x000\x00\x00\x00\x00\x00\x000\x00\x00\x00\x00\x000\x00\x00\x00\x00\x00\x00\x00\x00\x00\x00\x000\x00\x00\x000\x000\x00\x00\x000\x00\x000\x000\x000\x000\x00\x001.7976931348623157e+308\x001.7976931348623157e+308\x001.7976931348623157e+308\x001.7976931348623157e+308\x001.7976931348623157e+308\x000\x00\x00\x00\x001.7976931348623157e+308\x00\x00\x00\x00\x000\x000\x000\x00\x00'
2026-05-04 21:15:32,588 [INFO] REQUEST placeOrder {'orderId': 12, 'contract': 5122119472: 0,BTC,CRYPTO,,0.0,,,PAXOS,,USD,,,False,,combo:, 'order': 5122655376: 0,0,0: STP BUY 1@179769313486231570814527423731704356798070567525844996598917476803157260780028538760589558632766878171540458953514382464234321326889464182768467546703537516986049910576551282076245490090389328944075868508455133942304583236903222948165808559332123348274797826204144723168738177180919299881250404026184124858368.000000 }
2026-05-04 21:15:32,588 [INFO] SENDING placeOrder b'\x00\x00\x01?3\x0012\x000\x00BTC\x00CRYPTO\x00\x000.0\x00\x00\x00PAXOS\x00\x00USD\x00\x00\x00\x00\x00BUY\x001\x00STP\x00\x0085850.0\x00\x00\x00\x00\x000\x00\x000\x0011\x000\x000\x000\x000\x000\x000\x00\x000\x00\x00\x00\x00\x00\x00\x00\x000\x00\x00-1\x000\x00\x00\x000\x00\x00\x000\x000\x00\x000\x00\x00\x00\x00\x00\x000\x00\x00\x00\x00\x000\x00\x00\x00\x00\x00\x00\x00\x00\x00\x00\x000\x00\x00\x000\x000\x00\x00\x000\x00\x000\x000\x000\x000\x00\x001.7976931348623157e+308\x001.7976931348623157e+308\x001.7976931348623157e+308\x001.7976931348623157e+308\x001.7976931348623157e+308\x000\x00\x00\x00\x001.7976931348623157e+308\x00\x00\x00\x00\x000\x000\x000\x00\x00'
2026-05-04 21:15:32,803 [INFO] REQUEST placeOrder {'orderId': 13, 'contract': 5122119472: 0,BTC,CRYPTO,,0.0,,,PAXOS,,USD,,,False,,combo:, 'order': 5122657584: 0,0,0: LMT BUY 1@80800.000000 }
2026-05-04 21:15:32,803 [INFO] SENDING placeOrder b'\x00\x00\x01?3\x0013\x000\x00BTC\x00CRYPTO\x00\x000.0\x00\x00\x00PAXOS\x00\x00USD\x00\x00\x00\x00\x00BUY\x001\x00LMT\x0080800.0\x00\x00\x00\x00\x00\x000\x00\x001\x0011\x000\x000\x000\x000\x000\x000\x00\x000\x00\x00\x00\x00\x00\x00\x00\x000\x00\x00-1\x000\x00\x00\x000\x00\x00\x000\x000\x00\x000\x00\x00\x00\x00\x00\x000\x00\x00\x00\x00\x000\x00\x00\x00\x00\x00\x00\x00\x00\x00\x00\x000\x00\x00\x000\x000\x00\x00\x000\x00\x000\x000\x000\x000\x00\x001.7976931348623157e+308\x001.7976931348623157e+308\x001.7976931348623157e+308\x001.7976931348623157e+308\x001.7976931348623157e+308\x000\x00\x00\x00\x001.7976931348623157e+308\x00\x00\x00\x00\x000\x000\x000\x00\x00'
2026-05-04 21:15:34,671 [INFO] disconnecting
2026-05-04 21:15:34,671 [INFO] ANSWER connectionClosed {}
2026-05-04 21:15:34,672 [INFO] Fuera de horario: Fuera de horario NYSE (09:30-15:45 ET) — solo verificando posiciones
2026-05-04 21:15:35,025 [INFO] Trailing stop: BTC PnL -3.16%
2026-05-04 21:15:45,841 [INFO] sent startApi
2026-05-04 21:15:45,845 [INFO] REQUEST startApi {}
2026-05-04 21:15:45,845 [INFO] SENDING startApi b'\x00\x00\x00\t71\x002\x0030\x00\x00'
2026-05-04 21:15:45,845 [INFO] ANSWER connectAck {}
2026-05-04 21:15:45,849 [INFO] ANSWER managedAccounts {'accountsList': 'DUP838882'}
2026-05-04 21:15:46,911 [INFO] REQUEST placeOrder {'orderId': 1, 'contract': 5122118176: 0,BTC,CRYPTO,,0.0,,,PAXOS,,USD,,,False,,combo:, 'order': 5122120864: 0,0,0: LMT BUY 1@80800.000000 }
2026-05-04 21:15:46,912 [INFO] SENDING placeOrder b'\x00\x00\x01=3\x001\x000\x00BTC\x00CRYPTO\x00\x000.0\x00\x00\x00PAXOS\x00\x00USD\x00\x00\x00\x00\x00BUY\x001\x00LMT\x0080800.0\x00\x00\x00\x00\x00\x000\x00\x001\x000\x000\x000\x000\x000\x000\x000\x00\x000\x00\x00\x00\x00\x00\x00\x00\x000\x00\x00-1\x000\x00\x00\x000\x00\x00\x000\x000\x00\x000\x00\x00\x00\x00\x00\x000\x00\x00\x00\x00\x000\x00\x00\x00\x00\x00\x00\x00\x00\x00\x00\x000\x00\x00\x000\x000\x00\x00\x000\x00\x000\x000\x000\x000\x00\x001.7976931348623157e+308\x001.7976931348623157e+308\x001.7976931348623157e+308\x001.7976931348623157e+308\x001.7976931348623157e+308\x000\x00\x00\x00\x001.7976931348623157e+308\x00\x00\x00\x00\x000\x000\x000\x00\x00'
2026-05-04 21:15:49,957 [INFO] disconnecting
2026-05-04 21:15:49,958 [INFO] ANSWER connectionClosed {}
2026-05-04 21:16:01,516 [INFO] sent startApi
2026-05-04 21:16:01,517 [INFO] REQUEST startApi {}
2026-05-04 21:16:01,517 [INFO] SENDING startApi b'\x00\x00\x00\t71\x002\x0030\x00\x00'
2026-05-04 21:16:01,517 [INFO] ANSWER connectAck {}
2026-05-04 21:16:01,616 [INFO] ANSWER managedAccounts {'accountsList': 'DUP838882'}
2026-05-04 21:16:02,623 [INFO] REQUEST placeOrder {'orderId': 1, 'contract': 5119742208: 0,BTC,CRYPTO,,0.0,,,PAXOS,,USD,,,False,,combo:, 'order': 5119744464: 0,0,0: LMT BUY 1@80800.000000 }
2026-05-04 21:16:02,625 [INFO] SENDING placeOrder b'\x00\x00\x01=3\x001\x000\x00BTC\x00CRYPTO\x00\x000.0\x00\x00\x00PAXOS\x00\x00USD\x00\x00\x00\x00\x00BUY\x001\x00LMT\x0080800.0\x00\x00\x00\x00\x00\x000\x00\x001\x000\x000\x000\x000\x000\x000\x000\x00\x000\x00\x00\x00\x00\x00\x00\x00\x000\x00\x00-1\x000\x00\x00\x000\x00\x00\x000\x000\x00\x000\x00\x00\x00\x00\x00\x000\x00\x00\x00\x00\x000\x00\x00\x00\x00\x00\x00\x00\x00\x00\x00\x000\x00\x00\x000\x000\x00\x00\x000\x00\x000\x000\x000\x000\x00\x001.7976931348623157e+308\x001.7976931348623157e+308\x001.7976931348623157e+308\x001.7976931348623157e+308\x001.7976931348623157e+308\x000\x00\x00\x00\x001.7976931348623157e+308\x00\x00\x00\x00\x000\x000\x000\x00\x00'
2026-05-04 21:16:05,674 [INFO] disconnecting
2026-05-04 21:16:05,682 [INFO] ANSWER connectionClosed {}
2026-05-04 21:16:06,886 [INFO] Cierre: BTC TRAILING STOP PnL -3.16%
2026-05-04 21:16:06,887 [INFO] Cierre: BTC TAKE PROFIT PnL +0.00%
2026-05-04 21:20:00,525 [INFO] === CICLO AUTOMÁTICO INICIADO ===
2026-05-04 21:20:02,493 [ERROR] Error en ciclo automático: unsupported operand type(s) for -: 'NoneType' and 'float'
Traceback (most recent call last):
  File "/Users/felipefernandez/trading_signals/run_ciclo.py", line 62, in main
    resumen = get_resumen_motor()
  File "/Users/felipefernandez/trading_signals/engine/motor_automatico.py", line 458, in get_resumen_motor
    riesgo     = calcular_riesgo_total()
  File "/Users/felipefernandez/trading_signals/engine/motor_automatico.py", line 258, in calcular_riesgo_total
    riesgo_unit = max(0, sl - entrada)
TypeError: unsupported operand type(s) for -: 'NoneType' and 'float'
